index,organisation,title,url,verification
0,Menzies Research Centre,Future Leader Initiative — Menzies Research Centre,https://www.menziesrc.org/future-leader-initiative,Search lead; not an availability finding
0,Menzies Research Centre,MRC Report: International Student Course-Hopping — Menzies Research Centre,https://www.menziesrc.org/latest-reports-and-submissions/international-student-course-hopping,Search lead; not an availability finding
0,Menzies Research Centre,Regrounding the future: Interning at the MRC — Menzies Research Centre,https://www.menziesrc.org/news-feed/regrounding-the-future-interning-at-the-mrc,Search lead; not an availability finding
0,Menzies Research Centre,Labor’s Budget must pass four key tests — Menzies Research Centre,https://www.menziesrc.org/latest-research/labors-budget-must-pass-four-key-tests,Search lead; not an availability finding
0,Menzies Research Centre,Menzies Research Centre,https://www.menziesrc.org/home,Search lead; not an availability finding
0,Menzies Research Centre,Projecting power in a contested region — Menzies Research Centre,https://www.menziesrc.org/news-feed/projecting-power-in-a-contested-region,Search lead; not an availability finding
0,Menzies Research Centre,The window is closing fast — Menzies Research Centre,https://www.menziesrc.org/news-feed/the-window-is-closing-fast,Search lead; not an availability finding
0,Menzies Research Centre,The risks holding back more rate cuts — Menzies Research Centre,https://www.menziesrc.org/latest-research/the-risks-holding-back-more-rate-cuts,Search lead; not an availability finding
0,Menzies Research Centre,News Feed — Menzies Research Centre,https://www.menziesrc.org/news-feed,Search lead; not an availability finding
0,Menzies Research Centre,Immigration - The Facts — Menzies Research Centre,https://www.menziesrc.org/latest-research/immigration-the-facts,Search lead; not an availability finding
0,Menzies Research Centre,'Respectful even when we disagreed': A young American conservative encounters Australian political culture — Menzies Research Centre,https://www.menziesrc.org/news-feed/respectful-even-when-we-disagreed-a-young-american-conservative-encounters-australian-political-culture,Search lead; not an availability finding
0,Menzies Research Centre,Free To Flourish — Menzies Research Centre,https://www.menziesrc.org/news-feed/free-to-flourish,Search lead; not an availability finding
1,Samuel Griffith Society,Scholarships — The Samuel Griffith Society,https://www.samuelgriffith.org/scholarships,Search lead; not an availability finding
1,Samuel Griffith Society,Join — The Samuel Griffith Society,https://www.samuelgriffith.org/join,Search lead; not an availability finding
1,Samuel Griffith Society,The Ian Callinan Prize — The Samuel Griffith Society,https://www.samuelgriffith.org/essay,Search lead; not an availability finding
1,Samuel Griffith Society,Renew — The Samuel Griffith Society,https://www.samuelgriffith.org/renew,Search lead; not an availability finding
1,Samuel Griffith Society,Membership — The Samuel Griffith Society,https://www.samuelgriffith.org/membership,Search lead; not an availability finding
1,Samuel Griffith Society,Get Involved — The Samuel Griffith Society,https://www.samuelgriffith.org/get-involved,Search lead; not an availability finding
1,Samuel Griffith Society,Campus Chapters — The Samuel Griffith Society,https://www.samuelgriffith.org/campus,Search lead; not an availability finding
1,Samuel Griffith Society,Federation Club — The Samuel Griffith Society,https://www.samuelgriffith.org/federation-club,Search lead; not an availability finding
1,Samuel Griffith Society,Support the Society — The Samuel Griffith Society,https://www.samuelgriffith.org/support,Search lead; not an availability finding
1,Samuel Griffith Society,"Chapter 5 
 
The Courts and the Marriage Debate",https://www.samuelgriffith.org/s/Vol27chap5.pdf,Search lead; not an availability finding
1,Samuel Griffith Society,Donate — The Samuel Griffith Society,https://www.samuelgriffith.org/donate,Search lead; not an availability finding
2,Centre for Independent Studies (CIS),Student Programs - The Centre for Independent Studies,https://www.cis.org.au/events/liberty-society-student-programs/,Search lead; not an availability finding
2,Centre for Independent Studies (CIS),Liberty & Society Student Fellowship - The Centre for Independent Studies,https://www.cis.org.au/events/student-fellowships/,Search lead; not an availability finding
2,Centre for Independent Studies (CIS),Liberty & Society: Student Conference - The Centre for Independent Studies,https://www.cis.org.au/event/liberty-society-student-conference/,Search lead; not an availability finding
2,Centre for Independent Studies (CIS),L&S Fellowship Cohort 2026 Program - The Centre for Independent Studies,https://www.cis.org.au/events/liberty-society-student-programs/ls-fellowship-cohort-2026-program/,Search lead; not an availability finding
2,Centre for Independent Studies (CIS),Liberty & Society Workshop - The Centre for Independent Studies,https://www.cis.org.au/liberty-society-workshop/,Search lead; not an availability finding
2,Centre for Independent Studies (CIS),24 October 2024,https://www.cis.org.au/wp-content/uploads/2025/09/CIS-Submission-to-Senate-Inquiry-re-ISP-Flaws.pdf,Search lead; not an availability finding
2,Centre for Independent Studies (CIS),Liberty & Society Conferences - The Centre for Independent Studies,https://www.cis.org.au/events/liberty-society-/,Search lead; not an availability finding
2,Centre for Independent Studies (CIS),171 SqdlU~OUOW AJHOd SIJ,https://www.cis.org.au/wp-content/uploads/2015/07/pm14.pdf,Search lead; not an availability finding
2,Centre for Independent Studies (CIS),ATAR’s rising relevance:,https://www.cis.org.au/wp-content/uploads/2023/02/AP44_-ATARs-rising-relevance-1.pdf,Search lead; not an availability finding
2,Centre for Independent Studies (CIS),John Howard Fellowship - The Centre for Independent Studies,https://www.cis.org.au/support/donate/johnhowardfellowship/,Search lead; not an availability finding
2,Centre for Independent Studies (CIS),Submission to Select Committee on Energy Planning and Regulation in Australia regarding Integrated System Plan Flaws - The Centre for Independent Studies,https://www.cis.org.au/publication/submission-to-select-committee-on-energy-planning-and-regulation-in-australia-regarding-integrated-system-plan-flaws/,Search lead; not an availability finding
2,Centre for Independent Studies (CIS),John Howard Fellowship - Beta - The Centre for Independent Studies,https://www.cis.org.au/support/donate/johnhowardfellowship-beta/,Search lead; not an availability finding
2,Centre for Independent Studies (CIS),Liberty & Society Conferences - The Centre for Independent Studies,https://www.cis.org.au/events/liberty-society/?e-page-364d6e6=3,Search lead; not an availability finding
3,Institute of Public Affairs (IPA),"From the desk of Saxon Davidson, Research Fellow",https://ipa.org.au/wp-content/uploads/IPA-Submission-National-Housing-and-Homelessness-Plan-Bill-2024.pdf?faIframeUniqueId=92l8zgpe14&hostURL=https%3A%2F%2Fipa.org.au%2Fipa-today,Search lead; not an availability finding
3,Institute of Public Affairs (IPA),JULY 2023AUSTRALIA'S,https://ipa.org.au/wp-content/uploads/IPA-Research-International-Student-Intake-Exacerbating-Australias-Housing-Shortage-state-by-state-July-2023-FINAL.pdf,Search lead; not an availability finding
3,Institute of Public Affairs (IPA),Become an IPA member today to voice your freedom,https://members.ipa.org.au/join/,Search lead; not an availability finding
3,Institute of Public Affairs (IPA),"We need to follow Canada’s energy, immigration shift",https://ipa.org.au/latest-news/we-need-to-follow-canadas-energy-immigration-shift,Search lead; not an availability finding
3,Institute of Public Affairs (IPA),MEDIA RELEASE,https://ipa.org.au/wp-content/uploads/2025/05/250513-Media-Release-ABS-data-shows-revised-migration-estimates-exceeded-after-just-nine-months.pdf,Search lead; not an availability finding
3,Institute of Public Affairs (IPA),Peter Jennings on Sky News Australia - 27 January 2026,https://ipa.org.au/latest-news/peter-jennings-on-sky-news-australia-27-january-2026,Search lead; not an availability finding
3,Institute of Public Affairs (IPA),"Brianna McKee, National Manager of Generation Liberty",https://ipa.org.au/wp-content/uploads/2023/04/EOFY-2023-Brianna-McKee-Letter.pdf,Search lead; not an availability finding
3,Institute of Public Affairs (IPA),Courage Is In Shorter Supply Than Genius | Centre for the Australian Way of Life,https://australia.ipa.org.au/courage-is-in-shorter-supply-than-genius/,Search lead; not an availability finding
3,Institute of Public Affairs (IPA),"L	
1-
kJ	
i rYy -
t Tg 'V
r Er
""s^r1.t^^^
r
K'!hy",https://ipa.org.au/wp-content/uploads/archive/1211159879_document_review1988_vol.42no.1.pdf,Search lead; not an availability finding
3,Institute of Public Affairs (IPA),ABS data shows revised migration estimates exceeded after just nine months,https://ipa.org.au/read/abs-data-shows-revised-migration-estimates-exceeded-after-just-nine-months,Search lead; not an availability finding
4,Maxim Institute,Maxim Leadership Academy - Maxim Institute,https://www.maxim.org.nz/leadership-academy/,Search lead; not an availability finding
4,Maxim Institute,"2024
2024/25
25
Apply 
C
l
o
now!
s
e
s
 
F
t
r
i",https://www.maxim.org.nz/content/uploads/2024/07/Internship-Brochure-2024_DIGITAL.pdf,Search lead; not an availability finding
4,Maxim Institute,Creativity needed to support new jobs - Maxim Institute,https://www.maxim.org.nz/article/creativity-needed-support-new-jobs/,Search lead; not an availability finding
4,Maxim Institute,Submission to the New Zealand Royal Commission on COVID-19 Phase Two,https://www.maxim.org.nz/article/submission-covid-19-phase-two/,Search lead; not an availability finding
4,Maxim Institute,About Us | Maxim Institute,https://www.maxim.org.nz/about-us/,Search lead; not an availability finding
4,Maxim Institute,Discussion Paper | Algorithmic Government,https://www.maxim.org.nz/article/algorithmic-government/,Search lead; not an availability finding
4,Maxim Institute,"Teaching Council of New Zealand reported that in 2022, the number of registered teachers with a current practising certificate or LAT grew by 449, or 0.4% of the 109,441 total—“a significant decline in the growth trend from the three prior years.”³⁶",https://www.maxim.org.nz/content/uploads/2023/09/Tomorrows-Teachers-Recruit-retrain-and-retain_v3.pdf,Search lead; not an availability finding
4,Maxim Institute,Dr Sarah Irving-Stonebraker | Our Rootless Age - Maxim Institute,https://www.maxim.org.nz/article/sjgl2026/,Search lead; not an availability finding
4,Maxim Institute,Researchers - Maxim Institute,https://www.maxim.org.nz/researchers/,Search lead; not an availability finding
4,Maxim Institute,"m
MAXIM
INSTITUTEDISCUSSION PAPERWHY DO I
HAVE TO",https://www.maxim.org.nz/content/uploads/2023/09/Why-do-I-have-to-go-to-school_FINAL.pdf,Search lead; not an availability finding
4,Maxim Institute,POLICY PAPER,https://maxim.org.nz/content/uploads/2021/02/SP-2019-Creating-Opportunity.pdf,Search lead; not an availability finding
5,New Zealand Initiative,Problems with visa settings not solved by targeting foreign students | The New Zealand Initiative,https://www.nzinitiative.org.nz/reports-and-media/opinion/problems-with-visa-settings-not-solved-by-targeting-foreign-students/,Search lead; not an availability finding
5,New Zealand Initiative,Voters’ Choices for post-Election Economic and Fiscal Strategies | The New Zealand Initiative,https://www.nzinitiative.org.nz/reports-and-media/opinion/voters-choices-for-post-election-economic-and-fiscal-strategies/,Search lead; not an availability finding
5,New Zealand Initiative,World Class Education?,https://www.nzinitiative.org.nz/reports-and-media/reports/world-class-education/document/37,Search lead; not an availability finding
5,New Zealand Initiative,Vacancy: Research Fellow | The New Zealand Initiative,https://www.nzinitiative.org.nz/reports-and-media/media/vacancy-research-fellow/,Search lead; not an availability finding
5,New Zealand Initiative,Applications where the investor has met the standalone investor test,https://www.nzinitiative.org.nz/assets/ministerial_directive_letter_-_24_november_2021.pdf,Search lead; not an availability finding
5,New Zealand Initiative,Submission: Agricultural Compounds and Veterinary Medicines Amendment Bill and the Hazardous Substances and New Organisms Amendment Bill | The New Zealand Initiative,https://www.nzinitiative.org.nz/reports-and-media/submissions/submission-agricultural-compounds-and-veterinary-medicines-amendment-bill-and-the-hazardous-substances-and/,Search lead; not an availability finding
5,New Zealand Initiative,"New Zealand has doctors who are working as GPs but without having undertaken this specialist training or equivalent training in another country recognised by the RNZCGP. To achieve the full value-add of GPs, we need a GP workforce of the highest quality. In Australia, a doctor can call themselves a GP only if they have, or are working towards, attaining Fellowship of the Royal Australian College of General Practitioners. Attaining the GP Fellowship must be recognised and valued both within the medical fraternity and by policymakers. See Appendix.",https://www.nzinitiative.org.nz/reports-and-media/reports/the-heart-of-healthcare-renewing-new-zealands-primary-care-system/document/875,Search lead; not an availability finding
5,New Zealand Initiative,THE SCHOOL LEADERSHIP EFFECT,https://www.nzinitiative.org.nz/reports-and-media/reports/the-school-leadership-effect/document/21,Search lead; not an availability finding
5,New Zealand Initiative,ISSN 2624-0106,https://www.nzinitiative.org.nz/reports-and-media/reports/research-note-safer-arrivals-and-the-path-to-2/document/736,Search lead; not an availability finding
5,New Zealand Initiative,Reports | The New Zealand Initiative,https://www.nzinitiative.org.nz/reports-and-media/reports,Search lead; not an availability finding
5,New Zealand Initiative,Submission,https://www.nzinitiative.org.nz/reports-and-media/submissions/submission-fast-track-approvals-amendment-bill/document/907,Search lead; not an availability finding
5,New Zealand Initiative,An innovative approach to research funding | The New Zealand Initiative,https://www.nzinitiative.org.nz/reports-and-media/opinion/an-innovative-approach-to-research-funding/,Search lead; not an availability finding
5,New Zealand Initiative,Bigger councils are no bargain for business | The New Zealand Initiative,https://www.nzinitiative.org.nz/reports-and-media/opinion/bigger-councils-are-no-bargain-for-business,Search lead; not an availability finding
5,New Zealand Initiative,Foreign doctors' exclusion makes little sense during pandemic | The New Zealand Initiative,https://www.nzinitiative.org.nz/reports-and-media/opinion/new-opinion-198,Search lead; not an availability finding
5,New Zealand Initiative,A credible alternative for youth | The New Zealand Initiative,https://www.nzinitiative.org.nz/reports-and-media/opinion/a-credible-alternative-for-youth,Search lead; not an availability finding
6,Institute of Economic Affairs (IEA),The Monetary Policy Essay Prize — Institute of Economic Affairs,https://iea.org.uk/Monetary-Policy-Essay-Prize,Search lead; not an availability finding
6,Institute of Economic Affairs (IEA),IEA General Internship — Institute of Economic Affairs,https://iea.org.uk/students/iea-internship,Search lead; not an availability finding
6,Institute of Economic Affairs (IEA),Students — Institute of Economic Affairs,https://iea.org.uk/students/,Search lead; not an availability finding
6,Institute of Economic Affairs (IEA),Future Thought Leaders' Programme (sixth form) — Institute of Economic Affairs,https://iea.org.uk/students/future-thought-leaders-programme-sixth-form/,Search lead; not an availability finding
6,Institute of Economic Affairs (IEA),Future Thought Leaders' Programme (undergraduate) — Institute of Economic Affairs,https://iea.org.uk/students/future-thought-leaders-programme-undergraduate/,Search lead; not an availability finding
6,Institute of Economic Affairs (IEA),Student Opportunity Fund — Institute of Economic Affairs,https://iea.org.uk/student-opportunity-fund/,Search lead; not an availability finding
6,Institute of Economic Affairs (IEA),Programmes and Research Officer (Buckingham) — Institute of Economic Affairs,https://iea.org.uk/jobs-3/programmes-and-research-officer-buckingham/,Search lead; not an availability finding
6,Institute of Economic Affairs (IEA),Issue 9   £3.75,https://iea.org.uk/wp-content/uploads/2025/10/EA9.pdf,Search lead; not an availability finding
6,Institute of Economic Affairs (IEA),Beloff Conference — Institute of Economic Affairs,https://iea.org.uk/beloff-conference/,Search lead; not an availability finding
6,Institute of Economic Affairs (IEA),Director General Recruitment — Institute of Economic Affairs,https://iea.org.uk/jobs/director-general-recruitment/,Search lead; not an availability finding
6,Institute of Economic Affairs (IEA),".
Our student programme  
is kindly supported by",https://iea.org.uk/wp-content/uploads/2018/09/EA-AUTUMN-2018_WEB_SINGLES-24-25.pdf,Search lead; not an availability finding
6,Institute of Economic Affairs (IEA),Student Essay Competition — Institute of Economic Affairs,https://iea.org.uk/essay-competition/,Search lead; not an availability finding
6,Institute of Economic Affairs (IEA),Media Internship — Institute of Economic Affairs,https://iea.org.uk/students/media-internship/,Search lead; not an availability finding
7,Adam Smith Institute,Internships | Join Our Policy Internships Today — Adam Smith Institute,https://www.adamsmith.org/internships,Search lead; not an availability finding
7,Adam Smith Institute,Gap Year at the ASI | Join the Program Today — Experience Policy Work — Adam Smith Institute,https://www.adamsmith.org/gap-year-at-the-asi/,Search lead; not an availability finding
7,Adam Smith Institute,Credit Crunch: Modelling Reform Options for English Student Loans — Adam Smith Institute,https://www.adamsmith.org/research/credit-crunch,Search lead; not an availability finding
7,Adam Smith Institute,The Next Generation Centre | Empower Youth Policy — Join the Next Generation — Adam Smith Institute,https://www.adamsmith.org/nextgencentre,Search lead; not an availability finding
7,Adam Smith Institute,Announcing our Young Writer on Liberty Competition — Adam Smith Institute,https://www.adamsmith.org/blog/announcing-our-young-writer-on-liberty-competition,Search lead; not an availability finding
7,Adam Smith Institute,Enlightenment Essay Competition 2025-26 | Participate Now – Explore Enlightenment's Impact — Adam Smith Institute,https://www.adamsmith.org/enlightenment-essay-competition,Search lead; not an availability finding
7,Adam Smith Institute,MEDICAL SAVINGS ACCOUNTS,https://www.adamsmith.org/s/Medical_Savings_Accounts.pdf,Search lead; not an availability finding
7,Adam Smith Institute,Goodbye from Julia — Adam Smith Institute,https://www.adamsmith.org/blog/goodbye-from-julia,Search lead; not an availability finding
7,Adam Smith Institute,Welcome Sophie and Nick! — Adam Smith Institute,https://www.adamsmith.org/blog/miscellaneous/welcome-sophie-and-nick,Search lead; not an availability finding
7,Adam Smith Institute,UK government says ‘No’ to volunteer labor — Adam Smith Institute,https://www.adamsmith.org/blog/regulation-industry/uk-government-says-no-to-volunteer-labor,Search lead; not an availability finding
7,Adam Smith Institute,"Markets of the Future: if the UK and US want to lead, they must build — Adam Smith Institute",https://www.adamsmith.org/deep-dives/markets-of-the-future-if-the-uk-and-us-want-to-lead-they-must-build,Search lead; not an availability finding
7,Adam Smith Institute,Freedom Week | Discover Liberty—Join Freedom Week — Adam Smith Institute,https://www.adamsmith.org/freedom-week,Search lead; not an availability finding
8,"Vinson Centre, University of Buckingham",Internship opportunities - The Vinson Centre,https://vinsoncentre.com/programmes/internship-opportunities/,Search lead; not an availability finding
8,"Vinson Centre, University of Buckingham",Home - The Vinson Centre,https://vinsoncentre.com/,Search lead; not an availability finding
8,"Vinson Centre, University of Buckingham",Relaunch of the Buckingham Postgraduate Discount - The Vinson Centre,https://vinsoncentre.com/relaunch-of-the-buckingham-postgraduate-discount/,Search lead; not an availability finding
8,"Vinson Centre, University of Buckingham",Economic Affairs Applied Research Workshop - The Vinson Centre,https://vinsoncentre.com/economic-affairs-applied-research-workshop/,Search lead; not an availability finding
8,"Vinson Centre, University of Buckingham",Camp Vinson - The Vinson Centre,https://vinsoncentre.com/programmes/camp-vinson/,Search lead; not an availability finding
8,"Vinson Centre, University of Buckingham",Beloff Conference - The Vinson Centre,https://vinsoncentre.com/programmes/beloff-conference/,Search lead; not an availability finding
8,"Vinson Centre, University of Buckingham",Videos - The Vinson Centre,https://vinsoncentre.com/videos/,Search lead; not an availability finding
8,"Vinson Centre, University of Buckingham",Visiting Scholars Programme - The Vinson Centre,https://vinsoncentre.com/programmes/visiting-scholars-programme/,Search lead; not an availability finding
8,"Vinson Centre, University of Buckingham",University Societies Sponsoring programme - The Vinson Centre,https://vinsoncentre.com/programmes/university-societies-sponsoring-programme/,Search lead; not an availability finding
8,"Vinson Centre, University of Buckingham",Public Policy Bootcamp - The Vinson Centre,https://vinsoncentre.com/programmes/public-policy-bootcamp/,Search lead; not an availability finding
8,"Vinson Centre, University of Buckingham",Programmes - The Vinson Centre,https://vinsoncentre.com/programmes/,Search lead; not an availability finding
8,"Vinson Centre, University of Buckingham",News Archives - The Vinson Centre,https://vinsoncentre.com/category/news/,Search lead; not an availability finding
9,Centre for Policy Studies,Thatcher Fellowship - The Centre for Policy Studies,https://cps.org.uk/fellowship/,Search lead; not an availability finding
9,Centre for Policy Studies,Vacancies - The Centre for Policy Studies,https://cps.org.uk/about/vacancies/,Search lead; not an availability finding
9,Centre for Policy Studies,Tom Hooper - The Centre for Policy Studies,https://cps.org.uk/our-fellows/tom-hooper/,Search lead; not an availability finding
9,Centre for Policy Studies,Felix Bungay - The Centre for Policy Studies,https://cps.org.uk/our-fellows/felix-bungay/,Search lead; not an availability finding
9,Centre for Policy Studies,Alexander Howarth - The Centre for Policy Studies,https://cps.org.uk/our-fellows/alexander-howarth/,Search lead; not an availability finding
9,Centre for Policy Studies,"Visas issued, excluding visitor and temporary visas",https://cps.org.uk/wp-content/uploads/2024/05/CPS_TAKING_BACK_CONTROL_May24.pdf,Search lead; not an availability finding
9,Centre for Policy Studies,Microsoft Word - benefit simplification,https://cps.org.uk/wp-content/uploads/2021/07/111027115818-20090803EconomyBenefitSimplification.pdf,Search lead; not an availability finding
9,Centre for Policy Studies,Passing the Test,https://cps.org.uk/wp-content/uploads/2023/06/CPS_PASSING_THE_TEST.pdf,Search lead; not an availability finding
9,Centre for Policy Studies,"London facing 'worst housebuilding challenge' since Second World War, new analysis shows - The Centre for Policy Studies",https://cps.org.uk/media/post/2026/london-facing-worst-housebuilding-challenge-since-second-world-war-new-analysis-shows/,Search lead; not an availability finding
9,Centre for Policy Studies,Here To Stay? Estimating the Scale and Cost of Long-Term Migration - The Centre for Policy Studies,https://cps.org.uk/research/here-to-stay-estimating-the-scale-and-cost-of-long-term-migration/,Search lead; not an availability finding
9,Centre for Policy Studies,Passing the Test - The Centre for Policy Studies,https://cps.org.uk/research/passing-the-test/,Search lead; not an availability finding
9,Centre for Policy Studies,Labour set to break infrastructure pledge after ministers delay half of major projects - The Centre for Policy Studies,https://cps.org.uk/media/post/2025/labour-set-to-break-infrastructure-pledge-after-ministers-delay-half-of-major-projects/,Search lead; not an availability finding
9,Centre for Policy Studies,Associates - The Centre for Policy Studies,https://cps.org.uk/support/associates/,Search lead; not an availability finding
9,Centre for Policy Studies,Upwardly Mobile: How the UK can gain the full benefits of the 5G revolution - The Centre for Policy Studies,https://cps.org.uk/research/upwardly-mobile-how-the-uk-can-gain-the-full-benefits-of-the-5g-revolution/,Search lead; not an availability finding
9,Centre for Policy Studies,Catherine McGuinness - The Centre for Policy Studies,https://cps.org.uk/speakers/catherine-mcguinness/,Search lead; not an availability finding
10,American Enterprise Institute (AEI),Internships at AEI | American Enterprise Institute - AEI,https://aeistats.aei.org/internships/,Search lead; not an availability finding
10,American Enterprise Institute (AEI),RULES OF THE HOUSE OF REPRESENTATIVES,https://aei.org/wp-content/uploads/2025/02/Rules-of-the-House-of-Representatives-2023.pdf,Search lead; not an availability finding
10,American Enterprise Institute (AEI),Work With Us,https://cosm.aei.org/work-with-us/,Search lead; not an availability finding
10,American Enterprise Institute (AEI),Sketching A New Conservative Education Agenda_Spring 2026_text.indd,https://aei.org/wp-content/uploads/2026/04/Sketching-a-New-Conservative-Education-Agenda-Fifth-Edition.pdf,Search lead; not an availability finding
10,American Enterprise Institute (AEI),Do the Rhodes and Truman Scholarships,https://aei.org/wp-content/uploads/2024/05/Do-the-Rhodes-and-Truman-Scholarships-Have-Any-Room-for-the-Right.pdf?x85095=,Search lead; not an availability finding
10,American Enterprise Institute (AEI),STAN ANTONIUS VEUGER,https://aei.org/wp-content/uploads/2014/04/CVforWebsite1-4.pdf,Search lead; not an availability finding
10,American Enterprise Institute (AEI),"Issue No. 3, 2023",https://aei.org/wp-content/uploads/2023/09/03-2023-Enterprise-Report-Sept-6.pdf,Search lead; not an availability finding
10,American Enterprise Institute (AEI),WHAT’S WORKING? PERSPECTIVES ON KEY ISSUES IN WORKFORCE DEVELOPMENT PROGRAMS AND PRACTICES,https://aei.org/wp-content/uploads/2024/10/Whats-Working-October-2024.pdf?x85095=,Search lead; not an availability finding
10,American Enterprise Institute (AEI),"The US Department of Education Just Finalized Its AI in Education Priority. Here's What It Means. - Center for Technology, Science, and Energy",https://ctse.aei.org/the-us-department-of-education-just-finalized-its-ai-in-education-priority-heres-what-it-means/,Search lead; not an availability finding
11,Cato Institute,Internships | Cato Institute,https://www.cato.org/internships,Search lead; not an availability finding
11,Cato Institute,Internship Application | Cato Institute,https://www.cato.org/internships/application,Search lead; not an availability finding
11,Cato Institute,Research Associates | Cato Institute,https://www.cato.org/research-associate/home,Search lead; not an availability finding
11,Cato Institute,Cato’s Vision,https://www.cato.org/sites/cato.org/files/2026-04/VFL-For%20Web-reduced.pdf,Search lead; not an availability finding
11,Cato Institute,Law Students and Early-Career Lawyers: Come Work at Cato! | Cato at Liberty Blog,https://www.cato.org/blog/graduating-law-students-early-career-lawyers-come-work-cato,Search lead; not an availability finding
11,Cato Institute,Federal Budget Reform Opportunities in Higher Education for 2026 | Cato Institute,https://www.cato.org/policy-analysis/federal-budget-reform-opportunities-higher-education-2026,Search lead; not an availability finding
11,Cato Institute,FAQ | Cato Institute,https://www.cato.org/internships/faq,Search lead; not an availability finding
11,Cato Institute,The Cato Institute’s Congressional Fellowship in International Studies | Cato Institute,https://www.cato.org/congressional-fellowship-in-international-studies-spring-2026,Search lead; not an availability finding
11,Cato Institute,Cato Innovation Project | Cato Institute,https://www.cato.org/innovation,Search lead; not an availability finding
11,Cato Institute,2025 by the Numbers | Cato Institute,https://www.cato.org/annualreport25/2025-numbers,Search lead; not an availability finding
11,Cato Institute,Seed Round for Liberty: Cato's Innovation Project | Cato Institute,https://www.cato.org/free-society/spring/summer-2026/seed-round-liberty-catos-innovation-project,Search lead; not an availability finding
11,Cato Institute,Cato University 2026: Winter Term | Cato Institute,https://www.cato.org/student-programs/cato-university-2026-winter-term,Search lead; not an availability finding
11,Cato Institute,Deadline Extended for Legal Studies Institute's Summer Program | Cato at Liberty Blog,https://www.cato.org/blog/deadline-extended-legal-studies-institutes-summer-program,Search lead; not an availability finding
11,Cato Institute,Form 990 (2024) — Page 2,https://www.cato.org/sites/cato.org/files/2025-08/IRS%20Form%20990%20-%202024.pdf,Search lead; not an availability finding
12,AIER (American Institute for Economic Research),Visiting Research Fellowships | AIER,https://aier.org/visiting-research-fellowships/,Search lead; not an availability finding
12,AIER (American Institute for Economic Research),Programs | AIER,https://aier.org/programs/,Search lead; not an availability finding
12,AIER (American Institute for Economic Research),Student Internships | AIER,https://aier.org/student-internships/,Search lead; not an availability finding
12,AIER (American Institute for Economic Research),Graduate Fellowships | AIER,https://aier.org/graduate-fellowships/,Search lead; not an availability finding
12,AIER (American Institute for Economic Research),Winter Program | AIER,https://aier.org/winter-program/,Search lead; not an availability finding
12,AIER (American Institute for Economic Research),"14

Train

Education

AIER’s student internship an",https://aier.org/wp-content/uploads/2024/07/AnnualReport2023.pdf,Search lead; not an availability finding
12,AIER (American Institute for Economic Research),Rewards & Rigors of Summer Fellowship | AIER,https://aier.org/research/rewards-rigors-of-summer-fellowship/,Search lead; not an availability finding
12,AIER (American Institute for Economic Research),Economic Bulletin,https://aier.org/wp-content/uploads/2013/11/EB201112.pdf,Search lead; not an availability finding
12,AIER (American Institute for Economic Research),"HARWOOD  
Economic Review
HARWOOD  
Economic Revie",https://www.aier.org/wp-content/uploads/2017/09/HarwoodEconomicReviewFall2017.pdf,Search lead; not an availability finding
12,AIER (American Institute for Economic Research),Harwood Graduate Colloquia | AIER,https://aier.org/harwood-graduate-colloquia/,Search lead; not an availability finding
12,AIER (American Institute for Economic Research),Seminar Series in Classical Liberalism | AIER,https://aier.org/seminar-series/,Search lead; not an availability finding
12,AIER (American Institute for Economic Research),AIER,https://www.aier.org/wp-content/uploads/2022/02/shogunate.jpg,Search lead; not an availability finding
13,FEE (Foundation for Economic Education),Hazlitt Fellowship - FEE,https://fee.org/hazlitt-fellowship/,Search lead; not an availability finding
13,FEE (Foundation for Economic Education),Summer Campus - FEE,https://fee.org/summer-campus/,Search lead; not an availability finding
13,FEE (Foundation for Economic Education),Laurier Seminar - FEE,https://fee.org/laurier-seminar/,Search lead; not an availability finding
13,FEE (Foundation for Economic Education),Job Openings - FEE,https://fee.org/about/job-openings/,Search lead; not an availability finding
13,FEE (Foundation for Economic Education),Teacher Fellowship - FEE,https://fee.org/teacher-fellowship/,Search lead; not an availability finding
13,FEE (Foundation for Economic Education),FEE Hackathon - FEE,https://fee.org/hackathon/,Search lead; not an availability finding
13,FEE (Foundation for Economic Education),All Student Resources - FEE,https://fee.org/all-student-resources/,Search lead; not an availability finding
13,FEE (Foundation for Economic Education),Who Will Be the 2026 Cole Summers Fellows? - FEE,https://fee.org/articles/who-will-be-the-2026-cole-summers-fellows/,Search lead; not an availability finding
13,FEE (Foundation for Economic Education),Introducing the 2026 Cole Summers Fellows - FEE,https://fee.org/articles/introducing-the-2026-cole-summers-fellows/,Search lead; not an availability finding
13,FEE (Foundation for Economic Education),The Freeman 1969,https://freeman.fee.org/wp-content/uploads/media/16126/1969-02.pdf,Search lead; not an availability finding
13,FEE (Foundation for Economic Education),TABLE of CONTENTS,https://fee.org/wp-content/uploads/2025/11/2025-NotesFromFEE-Web-1.pdf,Search lead; not an availability finding
14,Hudson Institute,Hudson Institute Political Studies | Hudson Institute,https://www.hudson.org/policycenters/hudson-institute-political-studies,Search lead; not an availability finding
14,Hudson Institute,Political Studies Summer Fellowship in the Theory and Practice of Politics | Hudson Institute,https://www.hudson.org/education/political-studies-summer-fellowship-theory-practice-politics,Search lead; not an availability finding
14,Hudson Institute,So You Want to Work in International Affairs | Hudson Institute,https://www.hudson.org/education/so-you-want-work-international-affairs-luke-coffey,Search lead; not an availability finding
14,Hudson Institute,Cornell Student Who “Won’t Work for Jews” Is a Symptom of a Far Darker Hatred That Must Be Stopped | Hudson Institute,https://www.hudson.org/religious-freedom/cornell-student-who-wont-work-jews-symptom-far-darker-hatred-must-be-stopped-liel-leilbovitz,Search lead; not an availability finding
14,Hudson Institute,Winning the Innovation Competition | Hudson Institute,https://www.hudson.org/events/winning-innovation-competition,Search lead; not an availability finding
14,Hudson Institute,The China Threat | Hudson Institute Political Studies Policy Certificate Program | Hudson Institute,https://www.hudson.org/events/china-threat-hudson-institute-political-studies-policy-certificate-program,Search lead; not an availability finding
14,Hudson Institute,Skill Development in India: Navigating the Labyrinth,https://www.hudson.org/sites/default/files/researchattachments/attachment/1420/indiaandthe_global_economy_hudson.pdf,Search lead; not an availability finding
14,Hudson Institute,"n
The Index of Global Philanthropy
2007
Publisher",https://www.hudson.org/sites/default/files/researchattachments/attachment/980/indexglobalphilanthropy2007.pdf,Search lead; not an availability finding
14,Hudson Institute,Growing the DIB: A Conversation with Deputy Assistant Secretary of War James Mismash | Hudson Institute,https://www.hudson.org/events/growing-dib-conversation-deputy-assistant-secretary-war-james-mismash,Search lead; not an availability finding
14,Hudson Institute,Out of the Ivory Tower | Hudson Institute,https://www.hudson.org/domestic-policy/out-of-the-ivory-tower,Search lead; not an availability finding
14,Hudson Institute,Trim the College! | Hudson Institute,https://www.hudson.org/node/30788,Search lead; not an availability finding
15,The Fund for American Studies (TFAS),The Fund for American Studies,https://cti.apply.tfas.org/,Search lead; not an availability finding
15,The Fund for American Studies (TFAS),Public Policy Fellowship – The Fund for American Studies,https://tfas.org/programs/ppf/,Search lead; not an availability finding
15,The Fund for American Studies (TFAS),The Fund for American Studies,https://maf.apply.tfas.org/,Search lead; not an availability finding
15,The Fund for American Studies (TFAS),D.C. Academic Internship Programs | The Fund for American Studies,https://tfas.org/programs/us-programs/,Search lead; not an availability finding
15,The Fund for American Studies (TFAS),The Fund for American Studies,https://rago.apply.tfas.org/,Search lead; not an availability finding
15,The Fund for American Studies (TFAS),The Fund for American Studies,https://woodhouse.apply.tfas.org/,Search lead; not an availability finding
15,The Fund for American Studies (TFAS),TFAS Announces Launch of the Grace-Marie Turner Fellowship Program Grace-Marie Turner Fellowship,https://tfas.org/news/tfas-announces-launch-of-the-grace-marie-turner-fellowship-program/,Search lead; not an availability finding
15,The Fund for American Studies (TFAS),Media Accelerator Fellowship | The Fund for American Studies,https://tfas.org/programs/center-for-excellence-in-journalism/media-accelerator-fellowship/,Search lead; not an availability finding
15,The Fund for American Studies (TFAS),The Fund for American Studies,https://novak.apply.tfas.org/,Search lead; not an availability finding
15,The Fund for American Studies (TFAS),Campus Transparency Fellowship | The Fund for American Studies,https://tfas.org/programs/center-for-excellence-in-journalism/student-journalism-association/campus-transparency-fellowship/,Search lead; not an availability finding
15,The Fund for American Studies (TFAS),"Coordinator, Recruitment Partnerships + Admissions | The Fund for American Studies",https://tfas.org/coordinator-recruitment-partnerships-admissions/,Search lead; not an availability finding
15,The Fund for American Studies (TFAS),The Fund for American Studies,https://law.apply.tfas.org/,Search lead; not an availability finding
15,The Fund for American Studies (TFAS),TFAS Law Fellowship - Application Instructions,https://tfas.org/wp-content/uploads/2024/01/TFAS-Law-Fellowship-Application-Instructions.pdf,Search lead; not an availability finding
15,The Fund for American Studies (TFAS),"TFAS Summer Law Fellowship in Washington, DC",https://tfas.org/wp-content/uploads/2019/12/Law-App-Instructions.pdf,Search lead; not an availability finding
15,The Fund for American Studies (TFAS),PUBLIC INSPECTION COPY,https://tfas.org/wp-content/uploads/2021/12/2019-TFAS-990-Public-Copy.pdf,Search lead; not an availability finding
16,Heritage Foundation,High School Fellowship | The Heritage Foundation,https://www.heritage.org/high-school-fellowship,Search lead; not an availability finding
16,Heritage Foundation,The Jobs List | The Heritage Foundation,https://www.heritage.org/jobs-list,Search lead; not an availability finding
16,Heritage Foundation,Freedom and Opportunity Academic Prizes | The Heritage Foundation,https://www.heritage.org/academicprizes,Search lead; not an availability finding
16,Heritage Foundation,High School Fellowship FAQs | The Heritage Foundation,https://www.heritage.org/node/25156526/print-display,Search lead; not an availability finding
16,Heritage Foundation,The Heritage Academy | The Heritage Foundation,https://www.heritage.org/the-academy,Search lead; not an availability finding
16,Heritage Foundation,Heritage Innovation Prizes | The Heritage Foundation,https://www.heritage.org/innovationprizes,Search lead; not an availability finding
16,Heritage Foundation,See your photos in the 2027 Heritage calendar!,https://secured.heritage.org/2027-calendar-contest/,Search lead; not an availability finding
16,Heritage Foundation,Heritage Training | The Heritage Foundation,https://www.heritage.org/training,Search lead; not an availability finding
16,Heritage Foundation,2020 Annual Report | The Heritage Foundation | Fighting for the Next Generation,https://www.heritage.org/annual-report-2020/fighting-for-the-next-generation/,Search lead; not an availability finding
16,Heritage Foundation,The Heritage Congressional Fellowship | The Heritage Foundation,https://www.heritage.org/hcf,Search lead; not an availability finding
16,Heritage Foundation,YOUNG LEADERS PROGRAM,https://static.heritage.org/-2025/YLM/2025YoungLeadersMagazine.pdf,Search lead; not an availability finding
16,Heritage Foundation,"<visual_element id=""e1"">",https://static.heritage.org/-2025/2025-AnnualReport.pdf,Search lead; not an availability finding
17,Young Voices,About,https://www.joinyv.org/join,Search lead; not an availability finding
17,Young Voices,Young Voices,https://www.joinyv.org/,Search lead; not an availability finding
17,Young Voices,Yaniv Regev,https://www.joinyv.org/talent/yaniv-regev,Search lead; not an availability finding
17,Young Voices,Daniel Di Martino,https://www.joinyv.org/talent/daniel-di-martino,Search lead; not an availability finding
17,Young Voices,APPLY: Young Voices Communications Apprenticeship,https://www.joinyv.org/news/apply-young-voices-communications-apprenticeship,Search lead; not an availability finding
17,Young Voices,Young Voices Frequently Asked Questions,https://www.joinyv.org/news/young-voices-frequently-asked-questions,Search lead; not an availability finding
17,Young Voices,Young Voices,https://www.joinyv.org/page/bylaws,Search lead; not an availability finding
17,Young Voices,Introducing Young Voices Fall 2026 Contributors,https://www.joinyv.org/news/introducing-young-voices-fall-2026-contributors,Search lead; not an availability finding
17,Young Voices,Young Voices Shattered Another Record,https://www.joinyv.org/news/young-voices-shattered-another-record,Search lead; not an availability finding
17,Young Voices,Young Voices & Federalist Society Partner on Media Fellowship,https://www.joinyv.org/news/young-voices-federalist-society-partner-on-media-fellowship,Search lead; not an availability finding
17,Young Voices,NOW HIRING: Apply to become a Development Associate,https://www.joinyv.org/news/now-hiring-apply-to-become-a-development-associate,Search lead; not an availability finding
17,Young Voices,Jack Rowlett,https://www.joinyv.org/talent/jack-rowlett,Search lead; not an availability finding
18,Hillsdale College Online Courses,The Federalist Papers | Hillsdale College Online Courses,https://online.hillsdale.edu/landing/the-federalist-papers,Search lead; not an availability finding
18,Hillsdale College Online Courses,Hillsdale College Online Courses,https://online.hillsdale.edu/?sc=00328A0023L45DORDEQ,Search lead; not an availability finding
18,Hillsdale College Online Courses,Supply-Side Economics and American Prosperity with Arthur Laffer | Hillsdale College Online Courses,https://online.hillsdale.edu/courses/promo/supply-side-economics,Search lead; not an availability finding
18,Hillsdale College Online Courses,Shakespeare: Hamlet and The Tempest | Hillsdale College Online Courses,https://online.hillsdale.edu/courses/promo/shakespeare-hamlet-and-the-tempest,Search lead; not an availability finding
18,Hillsdale College Online Courses,The History of Classical Music: Chopin through Gershwin | Hillsdale College Online Courses,https://online.hillsdale.edu/courses/promo/classical-music-2,Search lead; not an availability finding
18,Hillsdale College Online Courses,Hillsdale College Online Courses,https://online.hillsdale.edu/?sc=MK421PP4,Search lead; not an availability finding
18,Hillsdale College Online Courses,"Mark Twain: Tom Sawyer , Huckleberry Finn , and Selected Short Stories | Hillsdale College Online Courses",https://online.hillsdale.edu/courses/promo/mark-twain,Search lead; not an availability finding
18,Hillsdale College Online Courses,Great Books 102: Renaissance to Modern | Hillsdale College Online Courses,https://online.hillsdale.edu/courses/promo/great-books-102,Search lead; not an availability finding
18,Hillsdale College Online Courses,About Online Courses | Hillsdale College Online Courses,https://online.hillsdale.edu/about?_rsc=lb1bk,Search lead; not an availability finding
18,Hillsdale College Online Courses,The Great American Story: A Land of Hope | Hillsdale College Online Courses,https://online.hillsdale.edu/courses/promo/the-great-american-story,Search lead; not an availability finding
18,Hillsdale College Online Courses,Colonial America: From Wilderness to Civilization | Hillsdale College Online Courses,https://online.hillsdale.edu/courses/promo/colonialamerica,Search lead; not an availability finding
18,Hillsdale College Online Courses,Understanding Capitalism | Hillsdale College Online Courses,https://online.hillsdale.edu/courses/promo/capitalism,Search lead; not an availability finding
19,FEE Online Learning,Hazlitt Fellowship - FEE,https://fee.org/hazlitt-fellowship/,Search lead; not an availability finding
19,FEE Online Learning,Summer Campus - FEE,https://fee.org/summer-campus/,Search lead; not an availability finding
19,FEE Online Learning,Laurier Seminar - FEE,https://fee.org/laurier-seminar/,Search lead; not an availability finding
19,FEE Online Learning,Job Openings - FEE,https://fee.org/about/job-openings/,Search lead; not an availability finding
19,FEE Online Learning,Teacher Fellowship - FEE,https://fee.org/teacher-fellowship/,Search lead; not an availability finding
19,FEE Online Learning,FEE Hackathon - FEE,https://fee.org/hackathon/,Search lead; not an availability finding
19,FEE Online Learning,All Student Resources - FEE,https://fee.org/all-student-resources/,Search lead; not an availability finding
19,FEE Online Learning,Who Will Be the 2026 Cole Summers Fellows? - FEE,https://fee.org/articles/who-will-be-the-2026-cole-summers-fellows/,Search lead; not an availability finding
19,FEE Online Learning,Introducing the 2026 Cole Summers Fellows - FEE,https://fee.org/articles/introducing-the-2026-cole-summers-fellows/,Search lead; not an availability finding
19,FEE Online Learning,The Freeman 1969,https://freeman.fee.org/wp-content/uploads/media/16126/1969-02.pdf,Search lead; not an availability finding
19,FEE Online Learning,TABLE of CONTENTS,https://fee.org/wp-content/uploads/2025/11/2025-NotesFromFEE-Web-1.pdf,Search lead; not an availability finding
20,Sydney Institute,A Cardinal and Servant – Norman Thomas Gilroy – The Sydney Institute,https://thesydneyinstitute.com.au/blog/a-cardinal-and-servant-norman-thomas-gilroy-3/,Search lead; not an availability finding
20,Sydney Institute,RENEWAL FORM,https://thesydneyinstitute.com.au/wp-content/uploads/2019/08/Renewal_web.pdf,Search lead; not an availability finding
20,Sydney Institute,LAUNCHING ANGELA SHANAHAN’S PAUL RAMSAY – A MAN FOR OTHERS – The Sydney Institute,https://thesydneyinstitute.com.au/blog/launching-angela-shanahans-paul-ramsay-a-man-for-others/,Search lead; not an availability finding
20,Sydney Institute,Australia’s Competitive Edge In The Industries Of The Future – The Sydney Institute,https://thesydneyinstitute.com.au/blog/australias-competitive-edge-in-the-industries-of-the-future/,Search lead; not an availability finding
20,Sydney Institute,A Life Writ Large – The Sydney Institute,https://thesydneyinstitute.com.au/blog/a-life-writ-large/,Search lead; not an availability finding
20,Sydney Institute,Friends and Neighbours: Australia and the World – The Sydney Institute,https://thesydneyinstitute.com.au/blog/friends-and-neighbours-australia-and-the-world/,Search lead; not an availability finding
20,Sydney Institute,David Cameron’s Educational Revolution – Sajid Javid – The Sydney Institute,https://thesydneyinstitute.com.au/blog/david-camerons-education-revolution/,Search lead; not an availability finding
20,Sydney Institute,"Immigration, Humanitarian Pathways, Sovereign Borders, Skilled Migration and Population – The Sydney Institute",https://thesydneyinstitute.com.au/blog/42256/,Search lead; not an availability finding
20,Sydney Institute,Sir James Plimsoll – Man for All Seasons – The Sydney Institute,https://thesydneyinstitute.com.au/blog/sir-james-plimsoll-man-for-all-seasons-2/,Search lead; not an availability finding
20,Sydney Institute,Sydney Papers Online – Full Archive – The Sydney Institute,https://thesydneyinstitute.com.au/sydney-papers-online-full-archive/,Search lead; not an availability finding
20,Sydney Institute,Accelerating R&D in NSW – The Sydney Institute,https://thesydneyinstitute.com.au/blog/accelerating-rd-in-nsw/,Search lead; not an availability finding
20,Sydney Institute,BRENDA NIALL’S ACCIDENTAL BUT BRILLIANT & SELF IMPORTANT CAREER – AS TOLD BY BRENDA NIALL – The Sydney Institute,https://thesydneyinstitute.com.au/blog/brenda-nialls-accidental-but-brilliant-self-important-career-as-told-by-brenda-niall/,Search lead; not an availability finding
20,Sydney Institute,Australia’s Immigration Future under a Coalition Government – The Sydney Institute,https://thesydneyinstitute.com.au/blog/australias-immigration-future-under-a-coalition-government-2/,Search lead; not an availability finding
20,Sydney Institute,SUPREME COURT OF VICTORIA,https://thesydneyinstitute.com.au/wp-content/uploads/2019/03/Tyrell-Case.pdf,Search lead; not an availability finding
20,Sydney Institute,The Sydney Institute Quarterly,https://www.thesydneyinstitute.com.au/wp-content/uploads/2011/03/Extract-SIQ-19.pdf,Search lead; not an availability finding
21,Robert Menzies Institute,Call for Papers: Robert Menzies Institute Sixth Annual Conference | Robert Menzies Institute,https://www.robertmenziesinstitute.org.au/news/call-for-papers-robert-menzies-institute-sixth-annual-conference/,Search lead; not an availability finding
21,Robert Menzies Institute,Call for Papers: Robert Menzies Institute Fifth Annual Conference | Robert Menzies Institute,https://www.robertmenziesinstitute.org.au/news/call-for-papers-robert-menzies-institute-fifth-annual-conference/,Search lead; not an availability finding
21,Robert Menzies Institute,"VOLUNTEER
OPPORTUNITIESJoin The Robert Menzies Ins",https://www.robertmenziesinstitute.org.au/wp-content/uploads/2025/05/RMI-Volunteer-Poster-2025-1.pdf,Search lead; not an availability finding
21,Robert Menzies Institute,Excursions / Incursions | Robert Menzies Institute,https://www.robertmenziesinstitute.org.au/research-learning/learning/excursions-incursions/,Search lead; not an availability finding
21,Robert Menzies Institute,Annual Review 2025-26: Preserving Liberal Heritage | Robert Menzies Institute,https://www.robertmenziesinstitute.org.au/news/annual-review-2025-26-preserving-liberal-heritage/,Search lead; not an availability finding
21,Robert Menzies Institute,Review 2025/26: Engaging the next generation | Robert Menzies Institute,https://www.robertmenziesinstitute.org.au/news/review-2025-26-engaging-the-next-generation/,Search lead; not an availability finding
21,Robert Menzies Institute,The Menzies Generation | Robert Menzies Institute,https://www.robertmenziesinstitute.org.au/research-project/the-menzies-generation/,Search lead; not an availability finding
21,Robert Menzies Institute,Careers | Robert Menzies Institute,https://www.robertmenziesinstitute.org.au/about/careers/,Search lead; not an availability finding
21,Robert Menzies Institute,About the Institute | Robert Menzies Institute,https://www.robertmenziesinstitute.org.au/about/,Search lead; not an availability finding
21,Robert Menzies Institute,Menzies and the British Commonwealth of Nations: Fifth Annual Conference | Robert Menzies Institute,https://www.robertmenziesinstitute.org.au/event/menzies-and-the-british-commonwealth-of-nations-fifth-annual-conference/,Search lead; not an availability finding
21,Robert Menzies Institute,Melbourne Launch of 'The Menzies Legacy' | Professor Glyn Davis AC | Robert Menzies Institute,https://www.robertmenziesinstitute.org.au/event/melbourne-launch-the-menzies-legacy/,Search lead; not an availability finding
21,Robert Menzies Institute,"2026 Oration and Dinner with Andrew Roberts, Lord Roberts of Belgravia | Robert Menzies Institute",https://www.robertmenziesinstitute.org.au/event/2026-menzies-oration-dinner-with-andrew-roberts/,Search lead; not an availability finding
22,H.R. Nicholls Society,Join the Society — The H.R. Nicholls Society,https://www.hrnicholls.com.au/membership,Search lead; not an availability finding
22,H.R. Nicholls Society,Media-Release-The-Go-Away-Money-Economy — The H.R. Nicholls Society,https://www.hrnicholls.com.au/mediareleases/woolworths-the-fresh-fooled-people-hh59t,Search lead; not an availability finding
22,H.R. Nicholls Society,Submission for NES inquiry — The H.R. Nicholls Society,https://www.hrnicholls.com.au/submissions/erag7dkn57zjq7uqv8586c493srt95,Search lead; not an availability finding
22,H.R. Nicholls Society,"Sackable Offence, Payable Outcome — The H.R. Nicholls Society",https://www.hrnicholls.com.au/opinion/sackableoffencepayableoutcome,Search lead; not an availability finding
22,H.R. Nicholls Society,HR Nicholls Society Conference,https://www.hrnicholls.com.au/s/Billing2009.pdf,Search lead; not an availability finding
22,H.R. Nicholls Society,15 February 2025,https://www.hrnicholls.com.au/s/HR-Nicholls-Response-to-Draft-Report_-Secure-Jobs-Better-Pay-Review.pdf,Search lead; not an availability finding
22,H.R. Nicholls Society,Who Is Really In Charge — The H.R. Nicholls Society,https://www.hrnicholls.com.au/policyadvocacy,Search lead; not an availability finding
22,H.R. Nicholls Society,CFMEU move into Local Government a disaster — The H.R. Nicholls Society,https://www.hrnicholls.com.au/mediareleases/cfmeu-move-into-local-government-a-disaster,Search lead; not an availability finding
22,H.R. Nicholls Society,A Non-productive treasurer — The H.R. Nicholls Society,https://www.hrnicholls.com.au/opinion/anonproductivetreasurer,Search lead; not an availability finding
22,H.R. Nicholls Society,Wellbeing trend employers need to take leave of — The H.R. Nicholls Society,https://www.hrnicholls.com.au/opinion/wellbeing-leave,Search lead; not an availability finding
22,H.R. Nicholls Society,Workplace follies: Labor regulations are driving businesses broke or offshore — The H.R. Nicholls Society,https://www.hrnicholls.com.au/opinion/workplace-follies-labor-regulations-are-driving-businesses-broke-or-offshore,Search lead; not an availability finding
22,H.R. Nicholls Society,The DP World Dispute – An Assessment — The H.R. Nicholls Society,https://www.hrnicholls.com.au/opinion/dp-world-dispute-an-assessment,Search lead; not an availability finding
22,H.R. Nicholls Society,H.R. Nicholls Appoints New Leadership Team — The H.R. Nicholls Society,https://www.hrnicholls.com.au/mediareleases/hr-nicholls-appoints-new-leadership-team,Search lead; not an availability finding
22,H.R. Nicholls Society,Australia held to ransom without a construction regulator — The H.R. Nicholls Society,https://www.hrnicholls.com.au/mediareleases/australia-held-to-ransom-without-a-construction-regulator,Search lead; not an availability finding
23,Australian Taxpayers' Alliance,Australian Taxpayers' Alliance,https://www.taxpayers.org.au/,Search lead; not an availability finding
23,Australian Taxpayers' Alliance,Tax Relief Now! — Australian Taxpayers' Alliance,https://www.taxpayers.org.au/tax-relief-now,Search lead; not an availability finding
23,Australian Taxpayers' Alliance,Join Us Today — Australian Taxpayers' Alliance,https://www.taxpayers.org.au/resource-center,Search lead; not an availability finding
23,Australian Taxpayers' Alliance,Support Australia's Energy Future — Australian Taxpayers' Alliance,https://www.taxpayers.org.au/nuclear-inquiry,Search lead; not an availability finding
23,Australian Taxpayers' Alliance,Make Sydney 24/7 Again — Australian Taxpayers' Alliance,https://www.taxpayers.org.au/no-more-lockouts,Search lead; not an availability finding
23,Australian Taxpayers' Alliance,Quaranteens: will the ‘Boomer Remover’ instead melt the snowflakes of Generation Z — Australian Taxpayers' Alliance,https://www.taxpayers.org.au/quick-bites/quaranteens-will-the-boomer-remover-instead-melt-the-snowflakes-of-generation-z,Search lead; not an availability finding
23,Australian Taxpayers' Alliance,Scomo Stimulus — Australian Taxpayers' Alliance,https://www.taxpayers.org.au/scomostimulus,Search lead; not an availability finding
23,Australian Taxpayers' Alliance,Independent policy group announces 15 recommendations for government — Australian Taxpayers' Alliance,https://www.taxpayers.org.au/media-releases/release-independent-policy-group-announces-15-recommendations-for-government,Search lead; not an availability finding
23,Australian Taxpayers' Alliance,White Elephant Parade — Australian Taxpayers' Alliance,https://www.taxpayers.org.au/white-elephant-stampede,Search lead; not an availability finding
23,Australian Taxpayers' Alliance,"Family Tax Cuts: A Smarter, Fairer Approach to Tax Reform — Australian Taxpayers' Alliance",https://www.taxpayers.org.au/quick-bites/family-tax-cuts-a-better-deal-for-australian-families,Search lead; not an availability finding
23,Australian Taxpayers' Alliance,Post-Covid — Australian Taxpayers' Alliance,https://www.taxpayers.org.au/lp-friedman-8,Search lead; not an availability finding
23,Australian Taxpayers' Alliance,Home — Australian Taxpayers' Alliance,https://www.taxpayers.org.au/countrychapter-home,Search lead; not an availability finding
24,Page Research Centre,Our Team - Page Research Centre,https://www.page.org.au/about/team/,Search lead; not an availability finding
24,Page Research Centre,Policy Paper No. 01/ January 2025,https://www.page.org.au/wp-content/uploads/2025/01/Page-Research-A-complex-costly-web.pdf,Search lead; not an availability finding
24,Page Research Centre,"Milestone
A Centenary of Achievement
National Part",https://www.page.org.au/wp-content/uploads/2020/01/Milestone-A-Centenary-of-Achievement-Final-small-size.pdf,Search lead; not an availability finding
24,Page Research Centre,The War on Young Men (And What To Do About It) - Page Research Centre,https://www.page.org.au/2026/03/the-war-on-young-men-and-what-to-do-about-it/,Search lead; not an availability finding
24,Page Research Centre,Raising the Next Generation - Page Research Centre,https://www.page.org.au/2026/02/raising-the-next-generation/,Search lead; not an availability finding
24,Page Research Centre,Building character and the nation: ADF lessons for young Australians - Page Research Centre,https://www.page.org.au/2026/04/building-character-and-the-nation-adf-lessons-for-young-australians/,Search lead; not an availability finding
24,Page Research Centre,Academic and Cultural Orphans: The Legacy of Policy Reforms in Australian School Education - Page Research Centre,https://www.page.org.au/2025/06/academic-and-cultural-ophans-the-legacy-of-policy-reforms-in-australian-school-education/,Search lead; not an availability finding
24,Page Research Centre,Policy Paper 03 / June 2025,https://www.page.org.au/wp-content/uploads/2025/06/Policy-paper-Academic-orphans.pdf,Search lead; not an availability finding
24,Page Research Centre,Australia’s education system is failing students despite $100bn spending | The Australian - Page Research Centre,https://www.page.org.au/2025/12/article-australias-education-system-is-failing-students-despite-100bn-spending/,Search lead; not an availability finding
24,Page Research Centre,"All at Sea: Fuel, War and Australia's Achilles Heel - Page Research Centre",https://www.page.org.au/2026/03/all-at-sea-fuel-war-and-australias-achilles-heel/,Search lead; not an availability finding
24,Page Research Centre,Opinion Paper 01 / February 2026,https://www.page.org.au/wp-content/uploads/2026/03/Young-men-in-crisis.pdf,Search lead; not an availability finding
24,Page Research Centre,Young Men in Crisis: What Can Australia Do? - Page Research Centre,https://www.page.org.au/2026/03/young-men-in-crisis/,Search lead; not an availability finding
24,Page Research Centre,Crude in caves and coal to oil: The wild plan for fuel self-sufficiency | The Daily Telegraph - Page Research Centre,https://www.page.org.au/2026/03/crude-in-caves-and-coal-to-oil-the-wild-plan-for-fuel-self-sufficiency-daily-telegraph/,Search lead; not an availability finding
24,Page Research Centre,Submission to the Senate Select Committee on Information Integrity on Climate Change and Energy - Page Research Centre,https://www.page.org.au/2025/09/submission-to-the-senate-select-committee-on-information-integrity-on-climate-change-and-energy/,Search lead; not an availability finding
25,Australian Institute for Progress,3.2.2. Primary balance,https://aip.asn.au/wp-content/uploads/2024/10/Queensland-Government-Spending-and-Inflation-15-October-24-1.pdf,Search lead; not an availability finding
25,Australian Institute for Progress,Easy Labour – Identifying Construction Industry Cost Drivers in Queensland,https://aip.asn.au/2024/10/easy-labour-identifying-construction-industry-cost-drivers-in-queensland/,Search lead; not an availability finding
25,Australian Institute for Progress,Queensland Construction Industry Cost Drivers,https://aip.asn.au/wp-content/uploads/2024/10/Easy-Labour.pdf,Search lead; not an availability finding
25,Australian Institute for Progress,"<table>
  <tr>
    <td colspan=""2"">SUPREME COURT O",https://aip.asn.au/wp-content/uploads/2020/01/20200310-S78B-Notice.pdf,Search lead; not an availability finding
25,Australian Institute for Progress,Launch of “What a Capital Idea” by Professor Jim Allan,https://aip.asn.au/events/launch-of-what-a-capital-idea-by-professor-jim-allan-2/,Search lead; not an availability finding
25,Australian Institute for Progress,Lonely Libertarian: Book Launch,https://aip.asn.au/events/lonely-libertarian-book-launch/,Search lead; not an availability finding
25,Australian Institute for Progress,Colonialism – Australia’s Unfinished Business with Prof Nigel Biggar,https://aip.asn.au/events/colonialism-australias-unfinished-business-with-prof-nigel-biggar/,Search lead; not an availability finding
25,Australian Institute for Progress,Queensland political donations                                                                 23-Nov-17,https://aip.asn.au/wp-content/uploads/2017/11/Donations_Queensland_Political_Parties_2016_2017_V2.0.pdf,Search lead; not an availability finding
25,Australian Institute for Progress,The budget and election 2016,https://aip.asn.au/2016/05/the-budget-and-election-2016/,Search lead; not an availability finding
25,Australian Institute for Progress,The failure of Jim Chalmers,https://aip.asn.au/2026/06/the-failure-of-jim-chalmers/,Search lead; not an availability finding
25,Australian Institute for Progress,Go Nuclear or Go Extinct,https://aip.asn.au/events/go-nuclear-or-go-extinct/,Search lead; not an availability finding
25,Australian Institute for Progress,Rampant Miles government spending is keeping inflation high and putting Queensland on unsustainable debt path: new report,https://aip.asn.au/2024/10/rampant-miles-government-spending-is-keeping-inflation-high-and-putting-queensland-on-unsustainable-debt-path-new-report/,Search lead; not an availability finding
25,Australian Institute for Progress,Ron Manners “Impatient Libertarian” reminder and some invitations to other events from our friends,https://aip.asn.au/newsletter/ron-manners-impatient-libertarian-reminder-and-some-invitations-to-other-events-from-our-friends/?frame=0,Search lead; not an availability finding
25,Australian Institute for Progress,Doctors Against Mandates,https://aip.asn.au/events/doctors-against-mandates/,Search lead; not an availability finding
25,Australian Institute for Progress,One Nation on the rise driven by the Opposition’s incompetence,https://aip.asn.au/2026/01/one-nation-on-the-rise-driven-by-the-oppositions-incompetence/,Search lead; not an availability finding
25,Australian Institute for Progress,The one word missing from the budget,https://aip.asn.au/2026/05/the-one-word-missing-from-the-budget/,Search lead; not an availability finding
26,Mannkal Economic Education Foundation,Mannkal - Home,https://mannkal.org/,Search lead; not an availability finding
26,Mannkal Economic Education Foundation,M a n n k a l  F o u n d at i o n ’ s,https://www.mannkal.org/downloads/newsletters/Musings-September-2017.pdf,Search lead; not an availability finding
26,Mannkal Economic Education Foundation,Microsoft Word - Document13,https://www.mannkal.org/downloads/competitions/thefundforamericanstudiessummerprogram.pdf,Search lead; not an availability finding
26,Mannkal Economic Education Foundation,Mannkal Foundation’s Bi-Annual Review April 2018,https://mannkal.org/wp-content/uploads/2018/04/April-Musings-vol-17-FINAL-WEB.pdf,Search lead; not an availability finding
26,Mannkal Economic Education Foundation,Microsoft Word - A Libertarian Primer for Future Leaders of Western Australia,https://mannkal.org/downloads/Libertarian_Primer.pdf,Search lead; not an availability finding
26,Mannkal Economic Education Foundation,"Opportunities Abound: the places you’ll go, the people you’ll meet!",https://mannkal.org/news/opportunities-abound-the-places-youll-go-the-people-youll-meet/,Search lead; not an availability finding
26,Mannkal Economic Education Foundation,APPLY NOW,https://www.mannkal.org/downloads/links/Mannkal2015-16ScholarshipProgrammeNewestVersionFebruary2015.pdf,Search lead; not an availability finding
26,Mannkal Economic Education Foundation,Mannkal Economic Education Foundation,https://mannkal.org/downloads/links/Mannkal_scholarship_program_FAQ_document_for_new_hosts%282%29.pdf,Search lead; not an availability finding
27,Policy Exchange,Beyond Our Means,https://policyexchange.org.uk/wp-content/uploads/Beyond-Our-Means.pdf,Search lead; not an availability finding
27,Policy Exchange,Policy Exchange - Events and Office Manager,https://policyexchange.org.uk/events-and-office-manager/,Search lead; not an availability finding
27,Policy Exchange,A Rising Tide,https://policyexchange.org.uk/wp-content/uploads/2015/03/a-rising-tide.pdf,Search lead; not an availability finding
27,Policy Exchange,Competition Meets,https://policyexchange.org.uk/wp-content/uploads/2012/10/competition-meets-collaboration.pdf,Search lead; not an availability finding
27,Policy Exchange,"Policy
ExchangeCopernican
RevolutionA space policy",https://policyexchange.org.uk/wp-content/uploads/2022/09/Copernican-Revolution-A-UK-space-policy-reform-agenda.pdf,Search lead; not an availability finding
27,Policy Exchange,Policy Exchange - Apprenticeship requirement means a challenge for large schools and chains,https://policyexchange.org.uk/blogs/apprenticeship-requirement-means-a-challenge-for-large-schools-and-chains/,Search lead; not an availability finding
27,Policy Exchange,Policy Exchange - Research Fellow: Economics,https://policyexchange.org.uk/author/policyexchangeadmin/,Search lead; not an availability finding
27,Policy Exchange,Policy Exchange - Wolfson Economics Prize 2021,https://policyexchange.org.uk/wolfson-economics-prize-2021/,Search lead; not an availability finding
27,Policy Exchange,Policy Exchange - The ‘Just Stop Oil’ protests,https://policyexchange.org.uk/publication/the-just-stop-oil-protests/,Search lead; not an availability finding
27,Policy Exchange,"Policy Exchange - Keynote Speech by Rt Hon Matt Hancock MP, Secretary of State for Health and Social Care",https://policyexchange.org.uk/events/keynote-speech-by-the-rt-hon-matt-hancock-mp/,Search lead; not an availability finding
27,Policy Exchange,Policy Exchange - Sins of Admission,https://policyexchange.org.uk/publication/sins-of-admission/,Search lead; not an availability finding
27,Policy Exchange,research note,https://policyexchange.org.uk/wp-content/uploads/2016/09/teacher-expertise-for-sen-jul-10.pdf,Search lead; not an availability finding
27,Policy Exchange,POLICY EXCHANGE,https://policyexchange.org.uk/wp-content/uploads/2016/09/education-manifesto.pdf,Search lead; not an availability finding
27,Policy Exchange,Policy Exchange - The Defence We Have Chosen,https://policyexchange.org.uk/events/the-defence-we-have-chosen/,Search lead; not an availability finding
27,Policy Exchange,Policy Exchange - ‘Blasphemy’ in Schools,https://policyexchange.org.uk/publication/blasphemy-in-schools/,Search lead; not an availability finding
28,The Bow Group,Join - The Bow Group,https://www.bowgroup.org/join/,Search lead; not an availability finding
28,The Bow Group,Contact Us - The Bow Group,https://www.bowgroup.org/contact-us/,Search lead; not an availability finding
28,The Bow Group,People - The Bow Group,https://www.bowgroup.org/people/,Search lead; not an availability finding
28,The Bow Group,Ben Harris-Quinney Chairman of the Bow group,https://www.bowgroup.org/ben-harris-quinney/,Search lead; not an availability finding
28,The Bow Group,"The Bow Group calls for the UK Government to ignore ""International Women's Day"" - The Bow Group",https://www.bowgroup.org/the-bow-group-calls-for-the-uk-government-to-ignore-international-womens-day/,Search lead; not an availability finding
28,The Bow Group,Chris Davies - The Bow Group,https://www.bowgroup.org/chris-davies/,Search lead; not an availability finding
28,The Bow Group,Generation Conservative: Mission Statement - The Bow Group,https://www.bowgroup.org/generation-conservative-mission-statement/,Search lead; not an availability finding
28,The Bow Group,"We need a new budget, now - The Bow Group",https://www.bowgroup.org/we-need-a-new-budget-now/,Search lead; not an availability finding
29,TaxPayers' Alliance,Tax rise every ten days since Labour came to power - The TaxPayers' Alliance,https://taxpayersalliance.com/tax-rise-every-ten-days-since-labour-came-to-power/,Search lead; not an availability finding
29,TaxPayers' Alliance,"A closer look at ""Pay restoration for doctors"" - The TaxPayers' Alliance",https://taxpayersalliance.com/a-closer-look-at-pay-restoration-for-doctors/,Search lead; not an availability finding
29,TaxPayers' Alliance,Briefing: fuel duty in Europe 2026 - The TaxPayers' Alliance,https://taxpayersalliance.com/briefing-fuel-duty-in-europe-2026/,Search lead; not an availability finding
29,TaxPayers' Alliance,Politicians are missing the third choice for school leavers - The TaxPayers' Alliance,https://taxpayersalliance.com/politicians-are-missing-the-third-choice-for-school-leavers/,Search lead; not an availability finding
29,TaxPayers' Alliance,Student volunteers - TaxPayers' Alliance - 2018,https://www.taxpayersalliance.com/student_volunteers,Search lead; not an availability finding
29,TaxPayers' Alliance,TaxPayers’ Alliance,https://taxpayersalliance.com/content/files/2025/11/Evaluating_the_impact_of_frozen_tax_thresholds.pdf,Search lead; not an availability finding
29,TaxPayers' Alliance,TaxPayers’ Alliance,https://taxpayersalliance.com/content/files/2026/03/Briefing---fuel-duty-in-Europe-2026-1.pdf,Search lead; not an availability finding
29,TaxPayers' Alliance,Evaluating the impact of frozen tax thresholds - The TaxPayers' Alliance,https://taxpayersalliance.com/evaluating-the-impact-of-frozen-tax-thresholds/,Search lead; not an availability finding
29,TaxPayers' Alliance,Briefing: rising number of people paying income tax - The TaxPayers' Alliance,https://taxpayersalliance.com/briefing-rising-number-of-people-paying-income-tax/,Search lead; not an availability finding
29,TaxPayers' Alliance,Briefing: the shifting burden of income tax - The TaxPayers' Alliance,https://taxpayersalliance.com/briefing-the-shifting-burden-of-income-tax/,Search lead; not an availability finding
29,TaxPayers' Alliance,Briefing: the real national debt 2026 - The TaxPayers' Alliance,https://taxpayersalliance.com/briefing-the-real-national-debt-2026/,Search lead; not an availability finding
29,TaxPayers' Alliance,It should be hard for a school leaver to get into University and easier to get a job. Not the other way around - The TaxPayers' Alliance,https://taxpayersalliance.com/it-should-be-hard-for-a-school-leaver-to-get-into-university-and-easier-to-get-a-job-not-the-other-way-around/,Search lead; not an availability finding
29,TaxPayers' Alliance,ANALYSIS: Britain’s public sector debt rises to over £3 trillion - The TaxPayers' Alliance,https://taxpayersalliance.com/analysis-britains-public-sector-debt-rises-to-over-3-trillion/,Search lead; not an availability finding
29,TaxPayers' Alliance,The cost of net zero in the Welsh public sector - The TaxPayers' Alliance,https://taxpayersalliance.com/the-cost-of-net-zero-in-the-welsh-public-sector/,Search lead; not an availability finding
30,Civitas,Civitas: Institute for the Study of Civil Society Civitas is recruiting: apply now,https://civitas.org.uk/2018/12/11/civitas-is-recruiting-apply-now/,Search lead; not an availability finding
30,Civitas,Civitas: Institute for the Study of Civil Society Inadvertently Arming China?,https://civitas.org.uk/publications/inadvertently-arming-china/,Search lead; not an availability finding
30,Civitas,Inadvertently Arming China?,https://civitas.org.uk/content/files/One-Year-On-FINAL-1.pdf,Search lead; not an availability finding
30,Civitas,Why Academic,https://civitas.org.uk/content/files/Why-Academic-Freedom-Matters.pdf,Search lead; not an availability finding
30,Civitas,- QMUL – 60 scholarships.³⁶⁷,https://civitas.org.uk/content/files/The-Strategic-Dependence-of-UK-Universities-on-China-.pdf,Search lead; not an availability finding
30,Civitas,Alexis de Tocqueville’s Memoir on Pauperism,https://civitas.org.uk/pdf/Tocqueville_rr2.pdf,Search lead; not an availability finding
30,Civitas,"Civitas: Institute for the Study of Civil Society SPRING BUDGET ANALYSIS 2024: Investment in UK Plc, Manufacturing, Defence, Childcare & Child Benefit",https://civitas.org.uk/2024/03/07/spring-budget-analysis-2024-investment-in-uk-plc-manufacturing-defence-childcare-child-benefit/,Search lead; not an availability finding
30,Civitas,Governing the beautiful game:,https://civitas.org.uk/content/files/Governing-the-Beautiful-Game-.pdf,Search lead; not an availability finding
30,Civitas,Civitas: Institute for the Study of Civil Society Economy,https://civitas.org.uk/research/economy/,Search lead; not an availability finding
30,Civitas,Civitas: Institute for the Study of Civil Society How do you teach students the state has branded un-teachable?,https://civitas.org.uk/2008/04/15/how-do-you-teach-students-the-state-has-branded-un-teachable/,Search lead; not an availability finding
30,Civitas,Civitas: Institute for the Study of Civil Society Inadvertently Arming China? One Year On,https://civitas.org.uk/publications/inadvertently-arming-china-one-year-on/,Search lead; not an availability finding
30,Civitas,Civitas: Institute for the Study of Civil Society The Strategic Dependence of UK Universities on China – and where should they turn next?,https://civitas.org.uk/publications/the-strategic-dependence-of-uk-universities-on-china-and-where-should-they-turn-next/,Search lead; not an availability finding
30,Civitas,Civitas: Institute for the Study of Civil Society Why would nurses choose to work in London?,https://civitas.org.uk/2016/01/07/why-would-nurses-choose-to-work-in-london/,Search lead; not an availability finding
30,Civitas,Civitas: Institute for the Study of Civil Society No Time for Muses: The Research Excellence Framework and the Pursuit of Mediocrity,https://civitas.org.uk/reports_articles/no-time-for-muses-the-research-excellence-framework-and-the-pursuit-of-mediocrity/,Search lead; not an availability finding
31,Henry Jackson Society,Internship - Henry Jackson Society,https://henryjacksonsociety.org/jobs/internship/,Search lead; not an availability finding
31,Henry Jackson Society,Microsoft Word - External Speaker Assessments Report_ER.docx,https://henryjacksonsociety.org/wp-content/uploads/2017/03/Mitigating-the-Risks-An-Assessment-of-University-Speaker-Policies-FINAL.docx.pdf,Search lead; not an availability finding
31,Henry Jackson Society,A DEGREE OF INFLUENCE,https://henryjacksonsociety.org/wp-content/uploads/2013/01/1321526643_1.pdf,Search lead; not an availability finding
31,Henry Jackson Society,Published in 2023 by The Henry Jackson Society,https://henryjacksonsociety.org/wp-content/uploads/2023/11/Anson-Report.pdf,Search lead; not an availability finding
31,Henry Jackson Society,Breaking the Echo Chamber: Enhancing Disinformation Resilience in the UK - Henry Jackson Society,https://henryjacksonsociety.org/event/breaking-the-echo-chamber-enhancing-disinformation-resiliance-in-the-uk/,Search lead; not an availability finding
31,Henry Jackson Society,Dozens of UK University Societies Mourn the Global Sponsor of Terror - Henry Jackson Society,https://henryjacksonsociety.org/2026/04/15/uk-universities-societies/,Search lead; not an availability finding
31,Henry Jackson Society,Privacy Policy - Henry Jackson Society,https://henryjacksonsociety.org/privacy-policy/,Search lead; not an availability finding
31,Henry Jackson Society,At What Price? Transparency and Ethics in Higher Education Funding from Overseas,https://henryjacksonsociety.org/wp-content/uploads/2013/10/Campus-Report-PDF-FINAL.pdf,Search lead; not an availability finding
31,Henry Jackson Society,Studying Abroad to Serve China: Research on the Systematic Threats of CSSAs in the UK - Henry Jackson Society,https://henryjacksonsociety.org/publications/studying-abroad-to-serve-china-research-on-the-systematic-threats-of-cssas-in-the-uk/,Search lead; not an availability finding
31,Henry Jackson Society,Donate to HJS - Henry Jackson Society,https://henryjacksonsociety.org/donate-to-hjs-2/,Search lead; not an availability finding
31,Henry Jackson Society,Statement of Principles - Henry Jackson Society,https://henryjacksonsociety.org/statement-of-principles/,Search lead; not an availability finding
31,Henry Jackson Society,Research Brief - The SolarWinds Cyber Incident: Consequences & Policy Options - Henry Jackson Society,https://henryjacksonsociety.org/publications/research-brief-solarwinds-cyber/,Search lead; not an availability finding
31,Henry Jackson Society,Iranian Migration to the UK: National Security Implications and Border Vulnerabilities - Henry Jackson Society,https://henryjacksonsociety.org/2026/09/02/iranian-migration-to-the-uk-national-security-implications-and-border-vulnerabilities/,Search lead; not an availability finding
31,Henry Jackson Society,Online Event- The Future of Iran: Regime Survivability or Collapse? - Henry Jackson Society,https://henryjacksonsociety.org/event/iran-survivability/,Search lead; not an availability finding
32,Onward,Internship | Onward,https://ukonward.com/internship/,Search lead; not an availability finding
32,Onward,Internship - Onward,https://www.ukonward.com/internship/,Search lead; not an availability finding
32,Onward,Job Opportunities - Onward,https://www.ukonward.com/job-opportunities/,Search lead; not an availability finding
32,Onward,Contact Onward,https://ukonward.com/contact-us/,Search lead; not an availability finding
32,Onward,Support us | Onward,https://ukonward.com/work-with-us/support-us/,Search lead; not an availability finding
32,Onward,Fixing London Housing | Onward,https://ukonward.com/reports/fixing-london-housing/,Search lead; not an availability finding
32,Onward,Onward Corner | Onward,https://ukonward.com/onward-corner/,Search lead; not an availability finding
32,Onward,Hydrogen: who pays? A practical alternative to the hydrogen levy | Onward,https://ukonward.com/reports/hydrogen-who-pays/,Search lead; not an availability finding
32,Onward,Electric Feel | Onward,https://ukonward.com/reports/electric-feel/,Search lead; not an availability finding
32,Onward,Trading Places | Onward,https://ukonward.com/reports/tradingplaces/,Search lead; not an availability finding
32,Onward,Introduction,https://ukonward.com/wp-content/uploads/2025/08/Loophole-Nation-The-legal-hacks-giving-migrants-early-access-to-benefits.pdf,Search lead; not an availability finding
32,Onward,Building Consent | Onward,https://ukonward.com/reports/building-consent/,Search lead; not an availability finding
32,Onward,Privacy Policy | Onward,https://ukonward.com/privacy-policy-onward/,Search lead; not an availability finding
32,Onward,"Recommendation 2: Apply this graduate tax cut to all loan repayments, whether repaid by past, present or future graduates",https://www.ukonward.com/wp-content/uploads/2019/01/J6493-ONW-A-Question-Of-Degree-190104.pdf,Search lead; not an availability finding
33,Legatum Institute,Apply for the Edington Fellowship - Prosperity Institute,https://www.prosperity.com/education/fellowship-programme/,Search lead; not an availability finding
33,Legatum Institute,The Prosperity Institute’s,https://www.prosperity.com/wp-content/uploads/2026/03/Edington-Fellowship-Prospectus-2026.pdf,Search lead; not an availability finding
33,Legatum Institute,Learning Opportunities - Prosperity Institute,https://www.prosperity.com/education/,Search lead; not an availability finding
33,Legatum Institute,The Prosperity Institute’s,https://prosperity.com/wp-content/uploads/2025/02/Prosperity-Prospectus-Edington-Fellowship-Screen-Spreads.pdf,Search lead; not an availability finding
33,Legatum Institute,Internship Programme - Prosperity Institute,https://www.prosperity.com/education/internship-programme/,Search lead; not an availability finding
33,Legatum Institute,Prosperity Institute Summer Party 2026 - Prosperity Institute,https://www.prosperity.com/events/summer-party-2026/,Search lead; not an availability finding
33,Legatum Institute,The Edington Fellowship,https://www.prosperity.com/wp-content/uploads/2025/01/fellowship-information-pack.pdf,Search lead; not an availability finding
33,Legatum Institute,Clara Morrissey - Prosperity Institute,https://www.prosperity.com/team/clara-morrissey/,Search lead; not an availability finding
33,Legatum Institute,The Prosperity Institute launches fellowship programme - Prosperity Institute,https://www.prosperity.com/media-publications/the-prosperity-institute-launches-fellowship-programme/,Search lead; not an availability finding
33,Legatum Institute,Some More Equal Than Others - Prosperity Institute,https://www.prosperity.com/media-publications/some-more-equal-than-others/,Search lead; not an availability finding
33,Legatum Institute,Team - Prosperity Institute,https://www.prosperity.com/about-us/team/,Search lead; not an availability finding
34,Bruges Group,Federalist Thought Control: The Brussels Propaganda Machine,https://www.brugesgroup.com/media-centre/papers?catid=8&id=786%3Afederalist-thought-control-the-brussels-propaganda-machine,Search lead; not an availability finding
34,Bruges Group,The EU's propagandist use of Europe's Churches,https://brugesgroup.com/media-centre/comment?catid=37&id=671%3Athe-eu-s-propagandist-use-of-europe-s-churches&view=article,Search lead; not an availability finding
34,Bruges Group,Disclaimer,https://mail.brugesgroup.com/about/disclaimer,Search lead; not an availability finding
34,Bruges Group,The European Deadline Diktat and Other Issues - Bruges Group Blog,https://www.brugesgroup.com/blog/the-european-deadline-diktat-and-other-issues,Search lead; not an availability finding
34,Bruges Group,Which Way Out?,https://mail.brugesgroup.com/events?catid=10&id=816%3Awhich-way-out&view=article,Search lead; not an availability finding
34,Bruges Group,Two Worlds - Bruges Group Blog,https://brugesgroup.com/blog/two-worlds,Search lead; not an availability finding
34,Bruges Group,Disadvantages Of The EU Universities Or Why UK Universities Are The Best Choice? - Bruges Group Blog,https://www.brugesgroup.com/blog/disadvantages-of-the-eu-universities-or-why-uk-universities-are-the-best-choice,Search lead; not an availability finding
34,Bruges Group,How Brexit Affects the EU Educational System: 7 Things to Be Aware Of - Bruges Group Blog,https://www.brugesgroup.com/blog/how-brexit-affects-the-eu-educational-system-7-things-to-be-aware-of,Search lead; not an availability finding
34,Bruges Group,Protect our Country - Bruges Group Blog,https://brugesgroup.com/blog/protect-our-country,Search lead; not an availability finding
34,Bruges Group,THE LEAVE ALLIANCE,https://www.brugesgroup.com/images/papers/flexcit.pdf,Search lead; not an availability finding
34,Bruges Group,"Sweden’s
Immigration 
Crisis
Pelle Neroth Taylor
T",https://brugesgroup.com/images/pdfs/swedensimmigrationcrisis.pdf,Search lead; not an availability finding
34,Bruges Group,What I Learned from My College Stasi File Part II: - Bruges Group Blog,https://www.brugesgroup.com/blog/what-i-learned-from-my-college-stasi-fileby-michael-rainsborough,Search lead; not an availability finding
34,Bruges Group,The Ultimate Guide that Every New Student Needs,https://www.brugesgroup.com/blog/the-ultimate-guide-that-every-new-student-needs?format=print&print=1&tmpl=component,Search lead; not an availability finding
34,Bruges Group,The UK’s liabilities,https://brugesgroup.com/images/papers/ukliabilitiestotheeu.pdf,Search lead; not an availability finding
34,Bruges Group,Education - Bruges Group Blog,https://brugesgroup.com/blog/categories/education,Search lead; not an availability finding
34,Bruges Group,A Crisis of Trust,https://brugesgroup.com/images/media_centre/papers/ACrisisOfTrust.pdf,Search lead; not an availability finding
34,Bruges Group,20 janvier 2006,https://www.brugesgroup.com/images/media_centre/press_releases/The%20Revived%20EU%20Constitution%20Breaches%20the%20Justice%20and%20Home%20Affairs%20Red%20Line%203.pdf,Search lead; not an availability finding
34,Bruges Group,"EFTA or  
the EU
Hugo van Randwyck
1",https://brugesgroup.com/images/media_centre/papers/EFTAorTheEU.pdf,Search lead; not an availability finding
35,ResPublica,Hungry to Learn: Lifelong Learning Pathways for the Agri-food Sector,https://www.respublica.org.uk/wp-content/uploads/2023/10/Hungry-to-Learn.pdf,Search lead; not an availability finding
35,ResPublica,Work With Us - ResPublica,https://www.respublica.org.uk/work-with-us/,Search lead; not an availability finding
35,ResPublica,Behavioural Standards and Learning Outcomes in the English Comprehensive School System - ResPublica,https://www.respublica.org.uk/our-work/publications/behavioural-standards-and-learning-outcomes-in-the-english-comprehensive-school-system/,Search lead; not an availability finding
35,ResPublica,About ResPublica - ResPublica,https://www.respublica.org.uk/about-respublica/,Search lead; not an availability finding
35,ResPublica,de Volksrant interviews Phillip Blond - ResPublica,https://www.respublica.org.uk/press-centre/media-coverage/de-volksrant-interviews-phillip-blond/,Search lead; not an availability finding
35,ResPublica,Prosperity - ResPublica,https://www.respublica.org.uk/about-us/prosperity/,Search lead; not an availability finding
35,ResPublica,Election pledges will not meet the UK’s future skill needs - ResPublica,https://www.respublica.org.uk/press-centre/press-releases/election-pledges-will-not-meet-the-uks-future-skill-needs/,Search lead; not an availability finding
35,ResPublica,"Junior workers expect more pay for onsite roles and want ‘best of both’ working styles, finds new global study - ResPublica",https://www.respublica.org.uk/press-centre/press-releases/junior-workers-expect-more-pay-for-onsite-roles-and-want-best-of-both-working-styles-finds-new-global-study/,Search lead; not an availability finding
35,ResPublica,Skills for jobs that don’t yet exist: A new system for the fourth industrial revolution - ResPublica,https://www.respublica.org.uk/our-work/publications/skills-for-jobs-that-dont-yet-exist-a-new-system-for-the-fourth-industrial-revolution/,Search lead; not an availability finding
35,ResPublica,Make or Break: Why Britain needs a manufacturing resurgence and how we can help it to take place - ResPublica,https://www.respublica.org.uk/our-work/publications/make-or-break/,Search lead; not an availability finding
35,ResPublica,"In Professions We Trust: Fostering virtuous practitioners in teaching, law and medicine - ResPublica",https://www.respublica.org.uk/our-work/publications/virtuous-practice-professions/,Search lead; not an availability finding
35,ResPublica,Behaving to Learn: Best practice lessons for the behavioural turn in English schools policy - ResPublica,https://www.respublica.org.uk/our-work/publications/behaving-to-learn/,Search lead; not an availability finding
35,ResPublica,Press Release – Britain’s Global Future - ResPublica,https://www.respublica.org.uk/press-centre/press-releases/press-release-britains-global-future/,Search lead; not an availability finding
35,ResPublica,Author’s Note,https://www.respublica.org.uk/wp-content/uploads/2015/01/creating-local-energy-economies-lessons-from-germany.pdf,Search lead; not an availability finding
35,ResPublica,Models and Partnerships for Social Prosperity,https://www.respublica.org.uk/wp-content/uploads/2012/01/jnw_ResPublica-Military-Academies.pdf,Search lead; not an availability finding
36,Politeia,Politeia Educational Booklet   13/10/04   2:55 pm   Page 1Few western industrial democracies have suffered so,https://www.politeia.co.uk/wp-content/Politeia%20Documents/2021/Updates%20to%20Old%20Publications/%27Comparing%20Standards%27%20Oct%202004.pdf?_t=1615564853,Search lead; not an availability finding
36,Politeia,"UK divergence from EU science: How could Brexit unleash greater innovation to benefit business, consumers, health and the environment? - Politeia",https://www.politeia.co.uk/uk-divergence-from-eu-science-how-could-brexit-unleash-greater-innovation-to-benefit-business-consumers-health-and-the-environment/,Search lead; not an availability finding
36,Politeia,University Statistics - No Substitute for an Education - Politeia,https://www.politeia.co.uk/university-statistics-no-substitute-for-an-education-by-john-marenbon/,Search lead; not an availability finding
36,Politeia,Britain's Global Role - Politeia,https://www.politeia.co.uk/britains-global-role/,Search lead; not an availability finding
36,Politeia,The BBC's Bias: how to end it - Politeia,https://www.politeia.co.uk/the-bbcs-bias-how-to-end-it/,Search lead; not an availability finding
36,Politeia,About Us | Politeia: Forum for Economic & Social Policy,https://www.politeia.co.uk/about-us/,Search lead; not an availability finding
36,Politeia,Reversing Decline: Vocational Training and Education for a Highly Skilled Workforce,https://www.politeia.co.uk/wp-content/Politeia%20Documents/Unpublished/Reversing%20Decline%20Vocational%20Training%20and%20Education%20for%20a%20Highly%20Skilled%20Workforce%20Sheila%20Lawlor.pdf,Search lead; not an availability finding
36,Politeia,"'Look Before You Leap!', by Professor David Abulafia - Politeia",https://www.politeia.co.uk/look-before-you-leap-by-professor-david-abulafia/,Search lead; not an availability finding
36,Politeia,David Burghes,https://www.politeia.co.uk/wp-content/Politeia%20Documents/2012/Nov%20-%20Primary%20Problems%3A%20A%20First%20Curriculum/Primary%20Problems%20-%20Nov%202012.pdf,Search lead; not an availability finding
36,Politeia,All Publications - Politeia,https://www.politeia.co.uk/all-publications/,Search lead; not an availability finding
36,Politeia,"POLITEIA 
EDI Destroys British Universities: 
How",https://www.politeia.co.uk/wp-content/uploads/2024/10/EDI_destroys_universities.pdf,Search lead; not an availability finding
36,Politeia,"Neither Favour the Rich, Nor the Poor - Politeia",https://www.politeia.co.uk/neither-favour-the-rich-nor-the-poor-david-abulafia/,Search lead; not an availability finding
36,Politeia,The Student Loans Fudge: university education —  public good or private commodity? - Politeia,https://www.politeia.co.uk/the-student-loans-fudge-university-education-public-good-or-private-commodity/,Search lead; not an availability finding
36,Politeia,A Miscalculation about Maths - Politeia,https://www.politeia.co.uk/a-miscalculation-about-maths/,Search lead; not an availability finding
37,Free Speech Union,School & Sixth Form Visits — Free Speech Union,https://freespeechunion.org/school-visits,Search lead; not an availability finding
37,Free Speech Union,The Ian Mactaggart Programme,https://freespeechunion.org/ian-mactaggart-programme,Search lead; not an availability finding
37,Free Speech Union,Ian Mactaggart Programme: a year of free speech on campus,https://freespeechunion.org/news/ian-mactaggart-programme-a-year-of-free-speech-on-campus,Search lead; not an availability finding
37,Free Speech Union,Education & Engagement — Free Speech Union,https://freespeechunion.org/education,Search lead; not an availability finding
37,Free Speech Union,Submit a Case — Free Speech Union,https://freespeechunion.org/submit-case,Search lead; not an availability finding
37,Free Speech Union,The Free Speech Union,https://freespeechunion.org/wp-content/uploads/2025/11/Membership-Administrator-6th-November-2025.pdf,Search lead; not an availability finding
37,Free Speech Union,Job description,https://freespeechunion.org/wp-content/uploads/2025/08/Job-Specification-Case-Officer-full-time-August-to-September-2025.pdf,Search lead; not an availability finding
37,Free Speech Union,Higher Education (Freedom of Speech) (Wales) Bill,https://freespeechunion.org/publications/higher-education-freedom-of-speech-wales-bill.pdf,Search lead; not an availability finding
37,Free Speech Union,Free Speech Union briefing,https://freespeechunion.org/wp-content/uploads/2024/03/Banning-Islamophobia_4.pdf,Search lead; not an availability finding
37,Free Speech Union,University Visits — Free Speech Union,https://freespeechunion.org/university-visits,Search lead; not an availability finding
37,Free Speech Union,"If Labour cancels the university free speech act, Jewish students will suffer — FSU Archive",https://freespeechunion.org/archive/if-labour-cancels-the-university-free-speech-act-jewish-students-will-suffer,Search lead; not an availability finding
38,Reform,An NHS leadership,https://reform.uk/wp-content/uploads/2018/10/An-NHS-leadership-team-for-the-future.pdf,Search lead; not an availability finding
38,Reform,GETTING THE MACHINE LEARNING,https://reform.uk/wp-content/uploads/2024/09/Getting-the-machine-learning.pdf,Search lead; not an availability finding
38,Reform,Re:Imagining Whitehall - Re:State,https://reform.uk/research/reimagining-whitehall/,Search lead; not an availability finding
38,Reform,Making the grade,https://reform.uk/wp-content/uploads/2024/04/Making-the-grade.pdf,Search lead; not an availability finding
38,Reform,Everythingism: an essay - Re:State,https://reform.uk/publications/everythingism-an-essay/,Search lead; not an availability finding
38,Reform,Reform analysis: Spring Budget 2023 - Re:State,https://reform.uk/snap-analysis/reforms-spring-budget-2023-breakdown/,Search lead; not an availability finding
38,Reform,Snap analysis: Spring Statement 2025 - Re:State,https://reform.uk/snap-analysis/reform-analysis-spring-statement-2025/,Search lead; not an availability finding
38,Reform,"Government at your service: Rt Hon Ben Gummer MP, Minister for the Cabinet Office and Paymaster General - Re:State",https://reform.uk/publications/government-your-service-rt-hon-ben-gummer-mp-minister-cabinet-office-and-paymaster-general/,Search lead; not an availability finding
38,Reform,Press Items Archive - Re:State,https://reform.uk/press_item/,Search lead; not an availability finding
38,Reform,Publications Archive - Re:State,https://reform.uk/publications/,Search lead; not an availability finding
38,Reform,Delivering safer and more secure prisons: the roots to rehabilitation - Re:State,https://reform.uk/publications/delivering-safer-and-more-secure-prisons-roots-rehabilitation/,Search lead; not an availability finding
38,Reform,Snap analysis: Autumn Budget 2024 - Re:State,https://reform.uk/snap-analysis/reform-analysis-autumn-budget-2024/,Search lead; not an availability finding
38,Reform,Research - Re:State,https://reform.uk/research/,Search lead; not an availability finding
38,Reform,Reform analysis: Autumn Statement 2023 - Re:State,https://reform.uk/snap-analysis/reform-analysis-autumn-statement-2023/,Search lead; not an availability finding
39,Mont Pelerin Society,Upcoming Meetings – The Mont Pelerin Society,https://montpelerin.org/upcoming-meetings/,Search lead; not an availability finding
39,Mont Pelerin Society,2026 Hayek Essay Contest – The Mont Pelerin Society,https://montpelerin.org/2026-hayek-essay-contest/,Search lead; not an availability finding
39,Mont Pelerin Society,2026 Young Scholars Program – The Mont Pelerin Society,https://montpelerin.org/2026-young-scholars-program/,Search lead; not an availability finding
39,Mont Pelerin Society,MPS 2026 Hayek Essay Contest - Call for Submissions,https://montpelerin.org/wp-content/uploads/2025/10/mps_2026_hayek_essay_contest_call_for_submissions.pdf,Search lead; not an availability finding
39,Mont Pelerin Society,The Mont Pelerin Society,https://montpelerin.org/wp-content/uploads/2026/02/mps_2026_young_scholars_program_call_for_papers.pdf,Search lead; not an availability finding
39,Mont Pelerin Society,2026 Serge Weisager Grants – The Mont Pelerin Society,https://montpelerin.org/2026-serge-weisager-grants/,Search lead; not an availability finding
39,Mont Pelerin Society,The Mont Pelerin Society,https://montpelerin.org/wp-content/uploads/2024/10/mps_2025_serge_weisager_grants_call_for_applicants-1.pdf,Search lead; not an availability finding
39,Mont Pelerin Society,How to Join MPS – The Mont Pelerin Society,https://montpelerin.org/how-to-join-mps/,Search lead; not an availability finding
39,Mont Pelerin Society,The Mont Pelerin Society,https://montpelerin.org/wp-content/uploads/2025/01/mps_2025_marrakech_young_scholars_program_call_for_papers.pdf,Search lead; not an availability finding
39,Mont Pelerin Society,The Mont Pelerin Society,https://montpelerin.org/wp-content/uploads/2025/10/mps_2024_hayek_essay_contest_call_for_submissions-1.pdf,Search lead; not an availability finding
39,Mont Pelerin Society,The Mont Pelerin Society,https://montpelerin.org/wp-content/uploads/2024/10/mps_2025_young_scholars_program_call_for_papers.pdf,Search lead; not an availability finding
40,Institute for Free Trade,"A Model
David Collins & Jae Sundaram
COMMONWEALTH",https://ifreetrade.org/pdfs/IFT_Commonwealth-preview.pdf,Search lead; not an availability finding
40,Institute for Free Trade,Improving the,https://ifreetrade.org/pdfs/IFT_Morocco-UK_2024.pdf,Search lead; not an availability finding
40,Institute for Free Trade,"New Incentives for Freedom, Open Markets,",https://ifreetrade.org/pdfs/IFT_GlobalClimateAccord_v1.pdf,Search lead; not an availability finding
40,Institute for Free Trade,"In the season of hope, we can’t forget the plight of Israel and Ukraine | IFT",https://ifreetrade.org/article/in_the_season_of_hope_we_cant_forget_the_plight_of_israel_and_ukraine,Search lead; not an availability finding
40,Institute for Free Trade,Starmer’s golden opportunity | IFT,https://ifreetrade.org/article/starmers_golden_opportunity,Search lead; not an availability finding
40,Institute for Free Trade,The most important thing to happen in 1776 | IFT,https://ifreetrade.org/article/the_most_important_thing_to_happen_in_1776,Search lead; not an availability finding
40,Institute for Free Trade,Improving the UK-Morocco Relationship - Unlocking Untapped Potential | IFT,https://ifreetrade.org/publication/improving_the_uk_morocco_relationship_unlocking_untapped_potential,Search lead; not an availability finding
40,Institute for Free Trade,The Secret of Eternal Growth | IFT,https://ifreetrade.org/article/the_secret_of_eternal_growth_the_physics_behind_pro_growth_environmentalism,Search lead; not an availability finding
41,Open Europe,Charles Stanley Direct - Hands-On Review 2021 - Open Europe,https://openeurope.org.uk/charles-stanley-direct-hands-on-review-2021/,Search lead; not an availability finding
41,Open Europe,Write For Us - Open Europe,https://openeurope.org.uk/write-for-us/,Search lead; not an availability finding
41,Open Europe,Fidelity International Review - Open Europe,https://openeurope.org.uk/fidelity-international-review/,Search lead; not an availability finding
41,Open Europe,Eightcap Review - One of the Best Forex Brokers and Trading Platforms - Open Europe,https://openeurope.org.uk/eightcap-review-one-of-the-best-forex-brokers-and-trading-platforms/,Search lead; not an availability finding
41,Open Europe,Global Prime Review - A Forex Trading Platform You Must Learn About - Open Europe,https://openeurope.org.uk/global-prime-review-a-forex-trading-platform-you-must-learn-about/,Search lead; not an availability finding
41,Open Europe,Dukascopy Bank SA - A Must Read Forex Trading Platform Review - Open Europe,https://openeurope.org.uk/dukascopy-bank-sa-a-must-read-forex-trading-platform-review/,Search lead; not an availability finding
41,Open Europe,Interactive Broker Review - Open Europe,https://openeurope.org.uk/interactive-broker-review/,Search lead; not an availability finding
41,Open Europe,HotForex Review - 2021's Best Forex Trading Platforms - Open Europe,https://openeurope.org.uk/hotforex-review-2021s-best-forex-trading-platforms/,Search lead; not an availability finding
41,Open Europe,Saxo Bank Review - Open Europe,https://openeurope.org.uk/saxo-bank-review/,Search lead; not an availability finding
41,Open Europe,Ava Trade Review - Open Europe,https://openeurope.org.uk/ava-trade-review/,Search lead; not an availability finding
41,Open Europe,IronFX Review - Open Europe,https://openeurope.org.uk/ironfx-review/,Search lead; not an availability finding
41,Open Europe,Axi Review 2021 - Key Facts and Findings - Open Europe,https://openeurope.org.uk/axi-review-2021-key-facts-and-findings/,Search lead; not an availability finding
42,Initiative for Free Trade,"A Model
David Collins & Jae Sundaram
COMMONWEALTH",https://ifreetrade.org/pdfs/IFT_Commonwealth-preview.pdf,Search lead; not an availability finding
42,Initiative for Free Trade,Improving the,https://ifreetrade.org/pdfs/IFT_Morocco-UK_2024.pdf,Search lead; not an availability finding
42,Initiative for Free Trade,"New Incentives for Freedom, Open Markets,",https://ifreetrade.org/pdfs/IFT_GlobalClimateAccord_v1.pdf,Search lead; not an availability finding
42,Initiative for Free Trade,"In the season of hope, we can’t forget the plight of Israel and Ukraine | IFT",https://ifreetrade.org/article/in_the_season_of_hope_we_cant_forget_the_plight_of_israel_and_ukraine,Search lead; not an availability finding
42,Initiative for Free Trade,Starmer’s golden opportunity | IFT,https://ifreetrade.org/article/starmers_golden_opportunity,Search lead; not an availability finding
42,Initiative for Free Trade,The most important thing to happen in 1776 | IFT,https://ifreetrade.org/article/the_most_important_thing_to_happen_in_1776,Search lead; not an availability finding
42,Initiative for Free Trade,Improving the UK-Morocco Relationship - Unlocking Untapped Potential | IFT,https://ifreetrade.org/publication/improving_the_uk_morocco_relationship_unlocking_untapped_potential,Search lead; not an availability finding
42,Initiative for Free Trade,The Secret of Eternal Growth | IFT,https://ifreetrade.org/article/the_secret_of_eternal_growth_the_physics_behind_pro_growth_environmentalism,Search lead; not an availability finding
43,Ayn Rand Centre UK,Ayn Rand Global,https://aynrandglobal.org/,Search lead; not an availability finding
43,Ayn Rand Centre UK,FOREIGN EDITIONS,https://aynrandglobal.org/wp-content/uploads/2022/01/ARI_FAQ_Foreign-Editions_20211210.pdf,Search lead; not an availability finding
43,Ayn Rand Centre UK,"AYN RAND
ARI
CAMPUS
® 
UK A-Level Politics
RESOURC",https://aynrandglobal.org/wp-content/uploads/2020/05/Ayn_Rand_UK-A-Level-Politics-Curriculum_20180412.pdf,Search lead; not an availability finding
43,Ayn Rand Centre UK,"Unveiling The Truth: Weird Al's Death Hoax Debunked, Surprising Revelations",https://fr.aynrandglobal.org/27410131/unveiling-the-truth-weird-al-amp-039-s-death-hoax-debunked-surprising-revelations/,Search lead; not an availability finding
43,Ayn Rand Centre UK,Jeremy Ayala González: The Rising Star Of Latin Music,https://fr.aynrandglobal.org/27217793/jeremy-ayala-gonzalez-the-rising-star-of-latin-music/,Search lead; not an availability finding
43,Ayn Rand Centre UK,Travis Clark: The Journey Of A Talented Singer,https://fr.aynrandglobal.org/25548280/travis-clark-the-journey-of-a-talented-singer/,Search lead; not an availability finding
43,Ayn Rand Centre UK,Exploring The Romantic Life Of Demet Özdemir: Who Is Her Boyfriend?,https://fr.aynrandglobal.org/25578663/exploring-the-romantic-life-of-demet-ozdemir-who-is-her-boyfriend/,Search lead; not an availability finding
43,Ayn Rand Centre UK,Susan Walters: A Journey Through Movies And TV Shows,https://fr.aynrandglobal.org/25544048/susan-walters-a-journey-through-movies-and-tv-shows/,Search lead; not an availability finding
43,Ayn Rand Centre UK,Unveiling Lisa Bonet's Net Worth: Insights From Forbes,https://fr.aynrandglobal.org/25560363/unveiling-lisa-bonet-amp-039-s-net-worth-insights-from-forbes/,Search lead; not an availability finding
43,Ayn Rand Centre UK,Exploring The Life And Career Of Deena Martin: A Multifaceted Talent,https://fr.aynrandglobal.org/26128596/exploring-the-life-and-career-of-deena-martin-a-multifaceted-talent/,Search lead; not an availability finding
43,Ayn Rand Centre UK,Exploring The Rise Of Cha Hyun Woo: The Multifaceted Star Of South Korea,https://fr.aynrandglobal.org/25522614/exploring-the-rise-of-cha-hyun-woo-the-multifaceted-star-of-south-korea/,Search lead; not an availability finding
43,Ayn Rand Centre UK,Unveiling The Journey Of Marcus Leithold: A Creative Visionary,https://fr.aynrandglobal.org/25577931/unveiling-the-journey-of-marcus-leithold-a-creative-visionary/,Search lead; not an availability finding
43,Ayn Rand Centre UK,Exploring Emma Myers' Religion: A Deep Dive Into Her Beliefs,https://fr.aynrandglobal.org/2586414/exploring-emma-myers-amp-039-religion-a-deep-dive-into-her-beliefs/,Search lead; not an availability finding
43,Ayn Rand Centre UK,Bill Kaulitz Boyfriend 2024: A Look Into His Relationship Status,https://fr.aynrandglobal.org/26138115/bill-kaulitz-boyfriend-2024-a-look-into-his-relationship-status/,Search lead; not an availability finding
44,Liberty Fund,The Education of Coriolanus Snow | Online Library of Liberty,https://oll.libertyfund.org/publications/reading-room/Breashears_Snow_Hunger_Games,Search lead; not an availability finding
44,Liberty Fund,Testimonials - Liberty Fund,https://about.libertyfund.org/about/testimonials/,Search lead; not an availability finding
44,Liberty Fund,"NATURAL
LAW;
OR
'fHE
SCIENCE
OF JUSTICE:
.\ TREATI",https://files.libertyfund.org/files/2182/Spooner_1475_Bk.pdf,Search lead; not an availability finding
44,Liberty Fund,THE BEST OF THE OLL #9,https://files.libertyfund.org/files/2475/Blackstone_AbsoluteRights1753.pdf,Search lead; not an availability finding
44,Liberty Fund,LIBERTY FUND BOOKS / ECONOMICS,https://about.libertyfund.org/wp-content/uploads/2023/01/Liberty-Fund-Catalog.pdf,Search lead; not an availability finding
44,Liberty Fund,"South Royalton: Before, During, and After | Online Library of Liberty",https://oll.libertyfund.org/publications/liberty-matters/2024-06-06-south-royalton-before-during-and-after,Search lead; not an availability finding
44,Liberty Fund,Bentham_GreatestHappiness1830,https://files.libertyfund.org/files/2550/Bentham_GreatestHappiness1830.pdf,Search lead; not an availability finding
44,Liberty Fund,Cesare Beccaria’s Ideas on Criminal Law Shape the Bill of Rights | Online Library of Liberty,https://oll.libertyfund.org/publications/reading-room/2023-04-05-donway-beccaria-criminal-law-bill-of-rights,Search lead; not an availability finding
44,Liberty Fund,Scholasticism: How a Philosophical Monopoly Succumbs to New Ideas | Online Library of Liberty,https://oll.libertyfund.org/publications/reading-room/2023-07-19-donway-scholasticism,Search lead; not an availability finding
44,Liberty Fund,Liberty and Civic Education (November/December 2023) | Online Library of Liberty,https://oll.libertyfund.org/publications/liberty-matters/2023-11-09-liberty-and-civic-education-november-december-2023,Search lead; not an availability finding
44,Liberty Fund,Alexander Schmid | Online Library of Liberty,https://oll.libertyfund.org/people/alexander-schmid,Search lead; not an availability finding
44,Liberty Fund,Austrian Capital Theory and the Role of Ideas | Online Library of Liberty,https://oll.libertyfund.org/publications/liberty-matters/2015-03-04-austrian-capital-theory-and-the-role-of-ideas,Search lead; not an availability finding
44,Liberty Fund,Women at War | Online Library of Liberty,https://oll.libertyfund.org/publications/liberty-matters/2025-09-16-women-at-war,Search lead; not an availability finding
44,Liberty Fund,A Vagabond Remnant | Online Library of Liberty,https://oll.libertyfund.org/publications/liberty-matters/2024-06-13-a-vagabond-remnant,Search lead; not an availability finding
45,Leadership Institute,Aileen Chuck Internship Program - Leadership Institute,https://leadershipinstitute.org/internship-program/,Search lead; not an availability finding
45,Leadership Institute,Student Journalist - Leadership Institute,https://leadershipinstitute.org/persona/campus-journalist/,Search lead; not an availability finding
45,Leadership Institute,Campus Leader - Leadership Institute,https://leadershipinstitute.org/persona/campus-leader/,Search lead; not an availability finding
45,Leadership Institute,Campaign Leader - Leadership Institute,https://leadershipinstitute.org/persona/campaign-leader/,Search lead; not an availability finding
45,Leadership Institute,Policy Expert - Leadership Institute,https://leadershipinstitute.org/persona/policy-expert/,Search lead; not an availability finding
45,Leadership Institute,Political Candidate - Leadership Institute,https://leadershipinstitute.org/persona/political-candidate-2/,Search lead; not an availability finding
45,Leadership Institute,Campus Leader - Leadership Institute,https://leadershipinstitute.org/?leadership-path=campus-leader,Search lead; not an availability finding
45,Leadership Institute,Journalist - Leadership Institute,https://leadershipinstitute.org/persona/journalist/,Search lead; not an availability finding
45,Leadership Institute,Social Influencer - Leadership Institute,https://leadershipinstitute.org/persona/social-influencer/,Search lead; not an availability finding
45,Leadership Institute,Christian Leaders Program | Leadership Institute | Leadership Institute,https://leadershipinstitute.org/christian-leader,Search lead; not an availability finding
45,Leadership Institute,"Nashville, TN: Youth Leadership School | Leadership Institute | Leadership Institute",https://leadershipinstitute.org/event/701VL00000hOGO0YAO,Search lead; not an availability finding
45,Leadership Institute,"Palm Beach, FL: Youth Leadership School",https://leadershipinstitute.org/event/701VL00000hOLlkYAG,Search lead; not an availability finding
46,Young America's Foundation (YAF),National Journalism Center - Young America's Foundation,https://yaf.org/national-journalism-center/,Search lead; not an availability finding
46,Young America's Foundation (YAF),YAF Internship Program - Young America's Foundation,https://yaf.org/yaf-internship-program/,Search lead; not an availability finding
46,Young America's Foundation (YAF),YAFCruises - Young America's Foundation,https://yaf.org/yafcruises/,Search lead; not an availability finding
46,Young America's Foundation (YAF),Form - NJC Internship - Young America's Foundation,https://yaf.org/form-njc/,Search lead; not an availability finding
46,Young America's Foundation (YAF),NCSC Bring a Friend Terms and Conditions - Young America's Foundation,https://yaf.org/ncsc-bring-friend-terms-conditions/,Search lead; not an availability finding
46,Young America's Foundation (YAF),Win FREE Travel to YAF's 2026 NCSC,https://action.yaf.org/ncsc-2026-travel,Search lead; not an availability finding
46,Young America's Foundation (YAF),"You will not have much free time in Washington since we provide you with a comprehensive program. You are free in the evenings after dinner (at about 10:00 p.m.) and many students go out and enjoy the town at that time each night. If you wish to have more free time in Washington, you need to come early or stay late. Young America’s Foundation is not able to make these arrangements for you.",https://www.yaf.org/wp-content/uploads/2021/10/NCSC-FAQ25.pdf,Search lead; not an availability finding
46,Young America's Foundation (YAF),Student Update Form - Young America's Foundation,https://yaf.org/student-update/,Search lead; not an availability finding
46,Young America's Foundation (YAF),National Journalism Center Announces Dao Prize Finalists,https://yaf.org/news/national-journalism-center-announces-2024-dao-prize-finalists/,Search lead; not an availability finding
46,Young America's Foundation (YAF),"WISCONSIN INSTITUTE FOR LAW & LIBERTY, INC.",https://yaf.org/wp-content/uploads/2025/01/Title-VI-Complaint-Against-UW-Madison-FINAL.pdf,Search lead; not an availability finding
46,Young America's Foundation (YAF),High School Free Enterprise Leaders Conference,https://yaf.org/wp-content/uploads/2025/07/2025-FELC-FAQs.pdf,Search lead; not an availability finding
46,Young America's Foundation (YAF),The 45th annual National Conservative Student Conference,https://yaf.org/wp-content/uploads/2022/08/NCSC-FAQ.pdf,Search lead; not an availability finding
46,Young America's Foundation (YAF),Daniela Gomez - Young America's Foundation,https://yaf.org/people/daniela-gomez/,Search lead; not an availability finding
46,Young America's Foundation (YAF),Dallas 23 FAQ,https://www.yaf.org/wp-content/uploads/2022/11/Dallas-23-FAQ-1.pdf,Search lead; not an availability finding
46,Young America's Foundation (YAF),"Dao Prize 2026 Submissions Open, New $30,000 Fraud Award - Young America's Foundation",https://yaf.org/news/dao-prize-2026/,Search lead; not an availability finding
46,Young America's Foundation (YAF),How to be Considered for the YAF Speaker Program - Young America's Foundation,https://yaf.org/speaker-program/,Search lead; not an availability finding
47,Federalist Society,Olin-Smith-Darling Fellows in Law (Full-Time),https://fedsoc.org/opportunities/olin-smith-darling-fellows-in-law-full-time,Search lead; not an availability finding
47,Federalist Society,"The
Federalist
Society
for
Law and Public Policy
S",https://fedsoc.org/library/doclib/20090427_2008AnnualReport.pdf,Search lead; not an availability finding
47,Federalist Society,Deadline closing: Olin-Searle-Smith-Darling Faculty Fellowship,https://fedsoc.org/commentary/fedsoc-blog/olin-searle-smith-darling-faculty-fellowship,Search lead; not an availability finding
47,Federalist Society,College Campus Job Recruiting,https://rtp.fedsoc.org/wp-content/uploads/RTP-Labor-Employment-Working-Group-Paper-Campus-Recruiting.pdf,Search lead; not an availability finding
47,Federalist Society,No86,https://no86.fedsoc.org/posts/what-are-opportunity-costs,Search lead; not an availability finding
47,Federalist Society,Federal Register Notice,https://rtp.fedsoc.org/wp-content/uploads/2007.01.25-OMB-Bulletin-Agency-Good-Guidance-Practices.pdf,Search lead; not an availability finding
47,Federalist Society,No86,https://no86.fedsoc.org/posts/ways-to-think-about-property,Search lead; not an availability finding
47,Federalist Society,No86,https://no86.fedsoc.org/updates/embark-on-your-legal-education-with-no-86,Search lead; not an availability finding
47,Federalist Society,No86,https://no86.fedsoc.org/posts/corporations-technology-and-esg,Search lead; not an availability finding
48,Manhattan Institute,E.S. Savas Fellowship | Manhattan Institute Internship Award,https://manhattan.institute/e-s-savas-fellowship,Search lead; not an availability finding
48,Manhattan Institute,Model Legislation to Reform Faculty Accountability in Higher Education,https://manhattan.institute/article/model-legislation-to-reform-faculty-accountability-in-higher-education/,Search lead; not an availability finding
48,Manhattan Institute,Workforce Pell Grants: A Strategic Opportunity for Four-Year Institutions,https://manhattan.institute/article/workforce-pell-grants-a-strategic-opportunity-for-four-year-institutions,Search lead; not an availability finding
48,Manhattan Institute,THE VERITAS FUND,https://manhattan.institute/pdf/Veritas_ChairmansUpdate.pdf,Search lead; not an availability finding
48,Manhattan Institute,Affirmative “Re-Action”,https://manhattan.institute/article/how-major-american-and-new-york-bar-associations-are-responding-to-students-for-fair-admissions,Search lead; not an availability finding
48,Manhattan Institute,How the Sunrise Movement Became a Vehicle for Disruptive Protests,https://static-cj.manhattan.institute/article/sunrise-movement-climate-ice-protests,Search lead; not an availability finding
48,Manhattan Institute,Education Policies Fail Brilliant Young Multi-Instrumentalist,https://manhattan.institute/article/education-policies-fail-brilliant-young-multi-instrumentalist,Search lead; not an availability finding
48,Manhattan Institute,The Manhattan Institute,https://manhattan.institute/pdf/SE2008.pdf,Search lead; not an availability finding
48,Manhattan Institute,Good News on Internships From the Second Circuit,https://manhattan.institute/article/good-news-on-internships-from-the-second-circuit,Search lead; not an availability finding
48,Manhattan Institute,What Business Does a Mamdani Official Have with Iran?,https://manhattan.institute/article/what-business-does-a-mamdani-official-have-with-iran?form=donate,Search lead; not an availability finding
48,Manhattan Institute,2019 Civil Society Awards | Manhattan Institute,https://manhattan.institute/event/2019-civil-society-awards,Search lead; not an availability finding
48,Manhattan Institute,Reducing the Immigration Backlog,https://manhattan.institute/article/reducing-the-immigration-backlog,Search lead; not an availability finding
48,Manhattan Institute,"Improving U.S. Immigration: Employment-Based Visas Should Attract the World’s Best, Not Repel Them",https://manhattan.institute/article/improving-u-s-immigration-employment-based-visas-should-attract-the-worlds-best-not-repel-them,Search lead; not an availability finding
49,Goldwater Institute,Arizona Civics Scholars Program - Goldwater Institute,https://www.goldwaterinstitute.org/arizona-civics-scholars-program/,Search lead; not an availability finding
49,Goldwater Institute,Clerkships and Internships | Goldwater Institute,https://www.goldwaterinstitute.org/clerkships-and-internships/,Search lead; not an availability finding
49,Goldwater Institute,How the Ronald Reagan Fellowship Helps Launch Careers in the Freedom Movement,https://www.goldwaterinstitute.org/how-the-ronald-reagan-fellowship-helps-launch-careers-in-the-freedom-movement/,Search lead; not an availability finding
49,Goldwater Institute,Goldwater Institute Law Student Training – 2026 - Goldwater Institute,https://www.goldwaterinstitute.org/goldwater-institute-law-student-training-2026/,Search lead; not an availability finding
49,Goldwater Institute,Excellence in Civics Education School District Grant Program - Goldwater Institute,https://www.goldwaterinstitute.org/excellence-in-civics-education-grant/,Search lead; not an availability finding
49,Goldwater Institute,Your Future in the Freedom Movement Starts Here—2/26 Virtual Event,https://www.goldwaterinstitute.org/your-future-in-the-freedom-movement-starts-here-2-26-virtual-event/,Search lead; not an availability finding
49,Goldwater Institute,Clerk of the Superior Court,https://www.goldwaterinstitute.org/wp-content/uploads/2022/04/Fann-complaint.pdf,Search lead; not an availability finding
49,Goldwater Institute,(g) The department shall accept applications between July 1 and June 30 of each year.,https://www.goldwaterinstitute.org/wp-content/uploads/2020/07/Goldwater-Revitalizing-America-7-22-2020.pdf,Search lead; not an availability finding
50,Tax Foundation,2026 Summer Internship Program | Tax Foundation,https://taxfoundation.org/about-us/careers/internship/,Search lead; not an availability finding
50,Tax Foundation,"APPLYINGTo apply, please e-mail your unofficial or official",https://files.taxfoundation.org/legacy/intern_brochure_0.pdf,Search lead; not an availability finding
50,Tax Foundation,Failing to Renew USMCA Would Result in Tariff Uncertainty,https://taxfoundation.org/blog/usmca-tariff-trade-agreement/,Search lead; not an availability finding
50,Tax Foundation,Hiring: Research Software Developer | Tax Foundation,https://taxfoundation.org/careers/research-software-developer-2026/,Search lead; not an availability finding
50,Tax Foundation,STATE RELATIONS interns work hands-on with our network,https://files.taxfoundation.org/legacy/legacy/files/internships.pdf,Search lead; not an availability finding
50,Tax Foundation,order would occur in the next eight,https://files.taxfoundation.org/legacy/docs/rp4-2.pdf,Search lead; not an availability finding
50,Tax Foundation,Microsoft Word - Internships.doc,https://files.taxfoundation.org/legacy/legacy/files/internship.pdf,Search lead; not an availability finding
51,Competitive Enterprise Institute (CEI),Internships - Competitive Enterprise Institute,https://cei.org/internships/,Search lead; not an availability finding
51,Competitive Enterprise Institute (CEI),"1310 L Street, NW, 7th Floor        202 331 1010 main",https://cei.org/sites/default/files/CEI_Internship.pdf,Search lead; not an availability finding
51,Competitive Enterprise Institute (CEI),Internships - Competitive Enterprise Institute,https://cei.org/about/internships/,Search lead; not an availability finding
51,Competitive Enterprise Institute (CEI),"Research Fellow, Center for Advancing Capitalism - Competitive Enterprise Institute",https://cei.org/about/internships-jobs-and-fellowships/research-fellow-center-for-advancing-capitalism/,Search lead; not an availability finding
51,Competitive Enterprise Institute (CEI),"Counsel, Litigation and Regulatory Affairs - Competitive Enterprise Institute",https://cei.org/about/internships-jobs-and-fellowships/counsel-litigation-and-regulatory-affairs/,Search lead; not an availability finding
51,Competitive Enterprise Institute (CEI),Attorney - Competitive Enterprise Institute,https://cei.org/about/internships-jobs-and-fellowships/attorney/,Search lead; not an availability finding
51,Competitive Enterprise Institute (CEI),CEI Summit Sedona - Competitive Enterprise Institute,https://cei.org/event/cei-summit-sedona/,Search lead; not an availability finding
51,Competitive Enterprise Institute (CEI),Digital Marketing Associate - Competitive Enterprise Institute,https://cei.org/about/internships-jobs-and-fellowships/digital-marketing-associate/,Search lead; not an availability finding
51,Competitive Enterprise Institute (CEI),Editor - Competitive Enterprise Institute,https://cei.org/about/internships-jobs-and-fellowships/editor/,Search lead; not an availability finding
51,Competitive Enterprise Institute (CEI),Quantitative Policy Analyst - Competitive Enterprise Institute,https://cei.org/about/internships-jobs-and-fellowships/quantitative-policy-analyst/,Search lead; not an availability finding
51,Competitive Enterprise Institute (CEI),Media Relations Associate - Competitive Enterprise Institute,https://cei.org/about/internships-jobs-and-fellowships/media-associate/,Search lead; not an availability finding
51,Competitive Enterprise Institute (CEI),Events Manager - Competitive Enterprise Institute,https://cei.org/about/internships-jobs-and-fellowships/events-manager/,Search lead; not an availability finding
51,Competitive Enterprise Institute (CEI),78 IHS / Creating Your Path to a Policy Career,https://cei.org/wp-content/uploads/2010/10/CreatingYourPathToAPolicyCareer.pdf,Search lead; not an availability finding
51,Competitive Enterprise Institute (CEI),Energy and Environment Policy Analyst - Competitive Enterprise Institute,https://cei.org/about/internships-jobs-and-fellowships/energy-and-environment-policy-analyst/,Search lead; not an availability finding
52,Pacific Legal Foundation,Careers,https://pacificlegal.org/careers/,Search lead; not an availability finding
52,Pacific Legal Foundation,Property or Expectations: A Struggle for the Soul of the Fourth Amendment | Pacific Legal Foundation,https://pacificlegal.org/call-for-papers/property-or-expectations-a-struggle-for-the-soul-of-the-fourth-amendment/,Search lead; not an availability finding
52,Pacific Legal Foundation,Times Union: Hochul’s decision on federal school choice program should be just the first step,https://pacificlegal.org/times-union-hochuls-decision-on-federal-school-choice-program-should-be-just-the-first-step/,Search lead; not an availability finding
52,Pacific Legal Foundation,Student Opportunities | Pacific Legal Foundation,https://pacificlegal.org/law-school-programs/,Search lead; not an availability finding
52,Pacific Legal Foundation,Orange County Register: California lawmakers try to revive racial discrimination with ACA 7,https://pacificlegal.org/orange-county-register-california-lawmakers-try-to-revive-racial-discrimination-with-aca-7/,Search lead; not an availability finding
52,Pacific Legal Foundation,High school student wins fight for equal access to UCSF hospital internship,https://pacificlegal.org/press-release/high-school-student-wins-fight-for-equal-access-to-ucsf-hospital-internship/,Search lead; not an availability finding
52,Pacific Legal Foundation,Case 3:25-cv-01808-BEN-DEB     Document 1     Filed 07/16/25     PageID.1     Page 1 of 20,https://pacificlegal.org/wp-content/uploads/2025/07/2025-07-16-CFER-v-UCSD-Complaint.pdf,Search lead; not an availability finding
52,Pacific Legal Foundation,Case 5:23-cv-02437-EJD     Document 48     Filed 11/15/24     Page 1 of 14,https://pacificlegal.org/wp-content/uploads/2023/05/J.D.-Haltigan-v.-Michael-Drake_Order-Granting-Defendants-Motion-to-Dismiss_11.15.2024.pdf,Search lead; not an availability finding
52,Pacific Legal Foundation,3:24-cv-03299-SLD-RLH     # 16      Filed: 08/05/25      Page 1 of 10,https://pacificlegal.org/wp-content/uploads/2024/10/American-Alliance-for-Equal-Rights-v.-Pritzker_Opinion_8.5.25.pdf,Search lead; not an availability finding
53,Property and Environment Research Center (PERC),PERC Interns: In Their Own Words | PERC,https://perc.org/2026/09/04/perc-interns-in-their-own-words/,Search lead; not an availability finding
53,Property and Environment Research Center (PERC),Internship Program | PERC,https://www.perc.org/careers/internship-program/,Search lead; not an availability finding
53,Property and Environment Research Center (PERC),Fellowships | PERC,https://www.perc.org/research/programs/fellowships/,Search lead; not an availability finding
53,Property and Environment Research Center (PERC),Inga Grdzelishvili | PERC,https://www.perc.org/people/inga-grdzelishvili/,Search lead; not an availability finding
53,Property and Environment Research Center (PERC),"Vol. 37, Issue 2",https://www.perc.org/wp-content/uploads/2023/04/PERCReports-Winter2018-FINAL-WEB-1.pdf,Search lead; not an availability finding
53,Property and Environment Research Center (PERC),Happy Holidays and Merry Christmas! | PERC,https://www.perc.org/2011/12/15/happy-holidays-and-merry-christmas/,Search lead; not an availability finding
53,Property and Environment Research Center (PERC),Now Accepting Student Colloquium Applications | PERC,https://perc.org/2017/01/27/now-accepting-student-colloquium-applications/,Search lead; not an availability finding
53,Property and Environment Research Center (PERC),Enviropreneur in Residence Program | PERC,https://www.perc.org/2013/04/01/enviropreneur-residence-program/,Search lead; not an availability finding
53,Property and Environment Research Center (PERC),1feb99,https://www.perc.org/wp-content/uploads/old/feb99.pdf,Search lead; not an availability finding
53,Property and Environment Research Center (PERC),PUBL140.PS,https://www.perc.org/wp-content/uploads/2014/01/PLAW-110publ140.pdf,Search lead; not an availability finding
53,Property and Environment Research Center (PERC),Where Markets Meet the Environment,https://perc.org/wp-content/uploads/2023/04/mar01-1.pdf,Search lead; not an availability finding
53,Property and Environment Research Center (PERC),"Vol. 34, Issue 2",https://www.perc.org/wp-content/uploads/2023/04/WEB-FINAL_PERCReports_Winter2015-1.pdf,Search lead; not an availability finding
53,Property and Environment Research Center (PERC),Digital Marketing Specialist | PERC,https://www.perc.org/careers/digital-marketing-specialist/,Search lead; not an availability finding
54,Reason Foundation,Internships Available at Reason Foundation - Reason Foundation,https://reason.org/internships/,Search lead; not an availability finding
54,Reason Foundation,Reason Careers - Interest Form - Reason Foundation,https://reason.org/jobs-interest-form/,Search lead; not an availability finding
54,Reason Foundation,Fellowships Available at Reason Foundation - Reason Foundation,https://reason.org/reason-fellow/,Search lead; not an availability finding
54,Reason Foundation,Fundraising Internship - Reason Foundation,https://reason.org/internships/fundraising/,Search lead; not an availability finding
54,Reason Foundation,Design Internship - Reason Foundation,https://reason.org/internships/design/,Search lead; not an availability finding
54,Reason Foundation,Students use open enrollment to transfer to highly-rated school districts,https://reason.org/education-newsletter/students-use-open-enrollment-to-transfer-to-highly-rated-school-districts/,Search lead; not an availability finding
54,Reason Foundation,The best open enrollment proposals moving through state legislatures,https://reason.org/education-newsletter/the-best-open-enrollment-proposals-moving-through-state-legislatures/,Search lead; not an availability finding
54,Reason Foundation,Why K-12 public school enrollments dropped in 40 states,https://reason.org/education-newsletter/why-k-12-public-school-enrollments-dropped-in-40-states/,Search lead; not an availability finding
54,Reason Foundation,Video Production Internship - Reason Foundation,https://reason.org/internships/video-production/,Search lead; not an availability finding
54,Reason Foundation,Marketing Internship - Reason Foundation,https://reason.org/internships/marketing/,Search lead; not an availability finding
54,Reason Foundation,Latest data shows just 10 states have avoided K-12 public school enrollment decreases,https://reason.org/education-newsletter/latest-data-shows-just-10-states-have-avoided-k-12-public-school-enrollment-decreases/,Search lead; not an availability finding
54,Reason Foundation,How the Louisiana GATOR Scholarship ESA bill could impact students and taxpayers,https://reason.org/commentary/how-the-louisiana-gator-scholarship-esa-bill-could-impact-students-and-taxpayers/,Search lead; not an availability finding
55,Pacific Research Institute,"ChartersWork School Profile: Grimmway Academy, Arvin, CA - Pacific Research Institute",https://www.pacificresearch.org/charterswork-school-profile-grimmway-academy-arvin-ca/,Search lead; not an availability finding
55,Pacific Research Institute,The BASIC Fund Gives Hope for a Better Education to Low-Income Children - Pacific Research Institute,https://www.pacificresearch.org/the-basic-fund-gives-hope-for-a-better-education-to-low-income-children/,Search lead; not an availability finding
55,Pacific Research Institute,Former Pro Football Player Turned Entrepreneur Speaks Out Against ‘Fools Gold’ of Basic Income in New Book Punting Poverty - Pacific Research Institute,https://www.pacificresearch.org/former-pro-football-player-turned-entrepreneur-speaks-out-against-fools-gold-of-basic-income-in-new-book-punting-poverty/,Search lead; not an availability finding
55,Pacific Research Institute,Could Milk and Juice Cartons Soon Be History in California? New Regulations Suggest Yes. - Pacific Research Institute,https://www.pacificresearch.org/could-milk-and-juice-cartons-soon-be-history-in-california-new-regulations-suggest-yes/,Search lead; not an availability finding
55,Pacific Research Institute,NCEE 2009-4050,https://www.pacificresearch.org/wp-content/uploads/2017/06/20094050.pdf,Search lead; not an availability finding
55,Pacific Research Institute,The Trump administration tries to kill aid to dependent cities - Pacific Research Institute,https://www.pacificresearch.org/the-trump-administration-tries-to-kill-aid-to-dependent-cities/,Search lead; not an availability finding
55,Pacific Research Institute,Guaranteed income from the government isn’t the answer to closing the wealth gap - Pacific Research Institute,https://www.pacificresearch.org/guaranteed-income-from-the-government-isnt-the-answer-to-closing-the-wealth-gap/,Search lead; not an availability finding
55,Pacific Research Institute,Where Have All The Interns Gone? - Pacific Research Institute,https://www.pacificresearch.org/where-have-all-the-interns-gone/,Search lead; not an availability finding
55,Pacific Research Institute,Early Graduation is a Student-Centered Option - Pacific Research Institute,https://www.pacificresearch.org/early-graduation-is-a-student-centered-option/,Search lead; not an availability finding
55,Pacific Research Institute,A Choice For Kids With No Options Left - Pacific Research Institute,https://www.pacificresearch.org/a-choice-for-kids-with-no-options-left/,Search lead; not an availability finding
55,Pacific Research Institute,Education - Pacific Research Institute,https://www.pacificresearch.org/issues/education/,Search lead; not an availability finding
55,Pacific Research Institute,Students Need An Escape From Public School Violence - Pacific Research Institute,https://www.pacificresearch.org/students-need-an-escape-from-public-school-violence-2/,Search lead; not an availability finding
56,Independent Institute,Student Internships - Independent Institute Jobs,https://www.independent.org/about/careers/job/student-internships/,Search lead; not an availability finding
56,Independent Institute,"Restoring the Promise: Higher Education in America - Hardcover, eBook",https://www.independent.org/store/book/restoring-the-promise/,Search lead; not an availability finding
56,Independent Institute,| Newsletter of The Independent Institute,https://www.independent.org/wp-content/uploads/2025/01/TII_News_21_03.pdf,Search lead; not an availability finding
56,Independent Institute,Independent Institute,https://www.independent.org/home-new-footer/,Search lead; not an availability finding
56,Independent Institute,The INDEPENDENT,https://www.independent.org/wp-content/uploads/2025/01/TII_News_19_01.pdf,Search lead; not an availability finding
56,Independent Institute,"Independent Review Student Essay Contest - Win Up to $3,500",https://www.independent.org/about/student-programs/student-essay-contest/student-essay-contest-past-winners/,Search lead; not an availability finding
56,Independent Institute,What Should Be Done with America's Schools?: Event Transcript - Independent Institute,https://www.independent.org/news/event-transcripts/what-should-be-done-with-americas-schools/,Search lead; not an availability finding
56,Independent Institute,Web Developer - Independent Institute Jobs,https://www.independent.org/about/careers/job/web-developer/,Search lead; not an availability finding
56,Independent Institute,Personalized Learning for California  |  1,https://www.independent.org/pdf/policy_reports/2017-10-24-alger.pdf,Search lead; not an availability finding
56,Independent Institute,"The
NEWSLETTER OF
THE INDEPENDENT INSTITUTE
VOLUME",https://www.independent.org/wp-content/uploads/2025/01/TII_News_11_01.pdf,Search lead; not an availability finding
56,Independent Institute,Vol. 25  /  No. 4  / Winter 2016,https://www.independent.org/wp-content/uploads/2025/01/TII_News_25_4.pdf,Search lead; not an availability finding
56,Independent Institute,Independent Scholarship Fund Offers Displaced East Bay Students Opportunity for Private/Parochial Education: News Release - Independent Institute,https://www.independent.org/news-release/2007/04/17/independent-scholarship-fund-offers-displaced-east-bay-students-opportunity-for-private-parochial-education/,Search lead; not an availability finding
56,Independent Institute,How to Abolish the US Department of Education: News Article - Independent Institute,https://www.independent.org/article/2025/02/10/how-to-abolish-the-us-department-of-education/,Search lead; not an availability finding
56,Independent Institute,Scholarship Applications Now Available for East Bay Students: News Release - Independent Institute,https://www.independent.org/news-release/2009/01/15/scholarship-applications-now-available-for-east-bay-students/,Search lead; not an availability finding
57,Claremont Institute,John Marshall Fellowship - The Claremont Institute,https://www.claremont.org/fellowships/john-marshall-fellowship/,Search lead; not an availability finding
57,Claremont Institute,Publius Fellowship - The Claremont Institute,https://www.claremont.org/fellowships/publius-fellowship/,Search lead; not an availability finding
57,Claremont Institute,Sheriffs Fellowship - The Claremont Institute,https://www.claremont.org/fellowships/sheriffs-fellowship/,Search lead; not an availability finding
57,Claremont Institute,Lincoln Fellowship - The Claremont Institute,https://www.claremont.org/fellowships/lincoln-fellowship/,Search lead; not an availability finding
57,Claremont Institute,Fellowships - The Claremont Institute,https://www.claremont.org/fellowships/,Search lead; not an availability finding
57,Claremont Institute,Application Forms - The Claremont Institute,https://www.claremont.org/application-forms/,Search lead; not an availability finding
57,Claremont Institute,"Internship - Claremont, CA - The Claremont Institute",https://www.claremont.org/internship-claremont-ca/,Search lead; not an availability finding
57,Claremont Institute,"Internship - Southlake, TX - The Claremont Institute",https://www.claremont.org/internship-dallas-fort-worth/,Search lead; not an availability finding
57,Claremont Institute,Internship - The American Way of Life,https://dc.claremont.org/internship/,Search lead; not an availability finding
57,Claremont Institute,Speechwriters Fellowship - The Claremont Institute,https://www.claremont.org/fellowships/speechwriters-fellowship/,Search lead; not an availability finding
58,National Review Institute,Internships | National Review Institute,https://nrinstitute.org/internships/,Search lead; not an availability finding
58,National Review Institute,Burke to Buckley Fellowship Program | National Review Institute,https://nrinstitute.org/programs/burke-to-buckley-program/,Search lead; not an availability finding
58,National Review Institute,Journalism Fellowships | National Review Institute,https://nrinstitute.org/journalism-fellowships/,Search lead; not an availability finding
58,National Review Institute,Students | National Review Institute,https://nrinstitute.org/students/,Search lead; not an availability finding
58,National Review Institute,Programs | National Review Institute,https://nrinstitute.org/programs/,Search lead; not an availability finding
58,National Review Institute,Buckley Centennial | National Review Institute,https://nrinstitute.org/wfb100/,Search lead; not an availability finding
58,National Review Institute,2026 Prize Dinner | National Review Institute,https://nrinstitute.org/wfbpd2026,Search lead; not an availability finding
58,National Review Institute,2025 | National Review Institute,https://nrinstitute.org/wfbpd2025,Search lead; not an availability finding
58,National Review Institute,NATIONAL REVIEW INSTITUTE,https://nrinstitute.org/wp-content/uploads/2023/02/NRI-990-FY22.pdf,Search lead; not an availability finding
58,National Review Institute,This Week in the History of the Conservative Movement | National Review Institute,https://nrinstitute.org/remembering-the-buckley-legacy-week-by-week/,Search lead; not an availability finding
59,Texas Public Policy Foundation,Clerkship Program,https://www.texaspolicy.com/about/careers/clerkship-program/,Search lead; not an availability finding
59,Texas Public Policy Foundation,Internship Program,https://www.texaspolicy.com/about/careers/internship-program,Search lead; not an availability finding
59,Texas Public Policy Foundation,Abigail Buritica,https://www.texaspolicy.com/about/people/abigail-buritica/,Search lead; not an availability finding
59,Texas Public Policy Foundation,Get Updates on Texas Education Freedom Accounts,https://www.texaspolicy.com/esa-updates/,Search lead; not an availability finding
59,Texas Public Policy Foundation,Microsoft Word - UNT's Response to YCT's MSJ -  Updated Master Draft (1-18-22) - BRS edits 4885-6507-1114 v.3,https://www.texaspolicy.com/wp-content/uploads/2025/11/YCT-Defendants-Consolidated-Response-and-Cross-Motion-for-Summary-Judgment.pdf,Search lead; not an availability finding
59,Texas Public Policy Foundation,Building the Golden Age of Liberty,https://www.texaspolicy.com/building-the-golden-age-of-liberty-equipping-students-through-the-texas-scholars-program/,Search lead; not an availability finding
59,Texas Public Policy Foundation,Forging the Next Generation of Thought Leaders: The Richardson Youth Liberty Fellowships - Texas Public Policy Foundation,https://www.texaspolicy.com/forging-the-next-generation-of-thought-leaders-the-richardson-youth-liberty-fellowships/,Search lead; not an availability finding
59,Texas Public Policy Foundation,"Put Down the Squishies, We Have a Republic to Save",https://www.texaspolicy.com/put-down-the-squishies-we-have-a-republic-to-save/,Search lead; not an availability finding
59,Texas Public Policy Foundation,Policy Scholar,https://www.texaspolicy.com/about/careers/policy-scholar/,Search lead; not an availability finding
59,Texas Public Policy Foundation,A College Degree in Three Years?,https://www.texaspolicy.com/wp-content/uploads/2018/10/2018-07-RR-A-College-Degree-in-Three-Years-CIE-Lindsay.pdf,Search lead; not an availability finding
59,Texas Public Policy Foundation,Brooke Garner,https://www.texaspolicy.com/about/staff/brooke-garner/,Search lead; not an availability finding
59,Texas Public Policy Foundation,"Education Loans and Grants can be Needlessly Confusing to Students, Families",https://www.texaspolicy.com/education-loans-and-grants-can-be-needlessly-confusing-to-students-families/,Search lead; not an availability finding
59,Texas Public Policy Foundation,Case 6:18-cv-00135-ACC-GJK   Document 43   Filed 04/02/18   Page 1 of 26 PageID 126,https://www.texaspolicy.com/wp-content/uploads/2025/11/De-La-Haye-Defendants-Motion-to-Dismiss.pdf,Search lead; not an availability finding
60,James Madison Institute,Internships - James Madison Institute,https://jamesmadison.org/internships/,Search lead; not an availability finding
60,James Madison Institute,How Florida is Challenging Higher Ed's Accrediting 'Cartel' - James Madison Institute,https://jamesmadison.org/how-florida-is-challenging-higher-eds-accrediting-cartel/,Search lead; not an availability finding
60,James Madison Institute,What is Florida's HB 1? - James Madison Institute,https://jamesmadison.org/what-is-floridas-hb-1/,Search lead; not an availability finding
60,James Madison Institute,Campus Representatives - James Madison Institute,https://jamesmadison.org/campus-representatives/,Search lead; not an availability finding
60,James Madison Institute,Top Professionals Across Florida Named as JMI Leaders Fellowship Class 2 - James Madison Institute,https://jamesmadison.org/top-professionals-across-florida-named-as-jmi-leaders-fellowship-class-2/,Search lead; not an availability finding
60,James Madison Institute,A+ Plan - James Madison Institute,https://jamesmadison.org/aplusplan/,Search lead; not an availability finding
60,James Madison Institute,STRATEGIES FOR STATE THINK TANKS – SEPTEMBER / OCTOBER 2015,https://jamesmadison.org/wp-content/uploads/2018/05/20151005_SPNnews201505FINALweb-1.pdf,Search lead; not an availability finding
60,James Madison Institute,(Photo from Flickr user thisisbossi used,https://jamesmadison.org/wp-content/uploads/2018/05/Journal-Winter-2016-How-We-Can-Solve-the-Student-Loan-Debt-Crisis1.pdf,Search lead; not an availability finding
60,James Madison Institute,Marshall Center for Education Freedom Archives - James Madison Institute,https://jamesmadison.org/category/centers/marshall-center-for-education-freedom/,Search lead; not an availability finding
61,Mercatus Center,Fellowship Programs | Mercatus Center,https://www.mercatus.org/students,Search lead; not an availability finding
61,Mercatus Center,Exploring Complex Solutions for a Complex World Fellowship | Mercatus Center,https://www.mercatus.org/students/exploring-complex-solutions-complex-world-fellowship,Search lead; not an availability finding
61,Mercatus Center,The 1991 Fellowship | Mercatus Center,https://www.mercatus.org/1991-fellowship,Search lead; not an availability finding
61,Mercatus Center,Elinor Ostrom Fellowship | Mercatus Center,https://www.mercatus.org/students/elinor-ostrom-fellowship,Search lead; not an availability finding
61,Mercatus Center,Emerging Scholars Program | Mercatus Center,https://www.mercatus.org/emerging-scholars-program,Search lead; not an availability finding
61,Mercatus Center,Frédéric Bastiat Fellowship | Mercatus Center,https://www.mercatus.org/students/frederic-bastiat-fellowship,Search lead; not an availability finding
61,Mercatus Center,Ronald Coase Fellowship | Mercatus Center,https://www.mercatus.org/students/ronald-coase-fellowship,Search lead; not an availability finding
61,Mercatus Center,Graduate Scholars Program | Mercatus Center,https://www.mercatus.org/students/graduate-scholars-program,Search lead; not an availability finding
61,Mercatus Center,Carl Menger Fellowship | Mercatus Center,https://www.mercatus.org/students/carl-menger-fellowship,Search lead; not an availability finding
61,Mercatus Center,Oskar Morgenstern Fellowship | Mercatus Center,https://www.mercatus.org/students/oskar-morgenstern-fellowship,Search lead; not an availability finding
61,Mercatus Center,Adam Smith Fellowship | Mercatus Center,https://www.mercatus.org/students/adam-smith-fellowship,Search lead; not an availability finding
61,Mercatus Center,James Buchanan Fellowship | Mercatus Center,https://www.mercatus.org/students/james-buchanan-fellowship,Search lead; not an availability finding
61,Mercatus Center,"Vol. 80 
Friday, 
No. 205 
October 23, 2015 
Part",https://www.mercatus.org/media/58066/download?attachment=,Search lead; not an availability finding
62,Heartland Institute,Research & Commentary: Magnolia Student Accounts Would Be a Boon to Mississippi Families - The Heartland Institute,https://heartland.org/publications/research-commentary-magnolia-student-accounts-would-be-a-boon-to-mississippi-families/,Search lead; not an availability finding
62,Heartland Institute,Research & Commentary: Universal Expansion of Education Scholarship Trust Fund Program Would be Cherry on Top for Education Freedom in South Carolina - The Heartland Institute,https://heartland.org/publications/research-commentary-universal-expansion-of-education-scholarship-trust-fund-program-would-be-cherry-on-top-for-education-freedom-in-south-carolina/,Search lead; not an availability finding
62,Heartland Institute,Public Schools Are in a Downward Spiral - The Heartland Institute,https://heartland.org/opinion/public-schools-are-in-a-downward-spiral/,Search lead; not an availability finding
62,Heartland Institute,Educational Choice for Children Act Can Improve Public Schools,https://heartland.org/opinion/the-educational-choice-for-children-act-can-improve-public-schools/,Search lead; not an availability finding
62,Heartland Institute,Research & Commentary: North Carolina School Vouchers Expansion - The Heartland Institute,https://heartland.org/publications/research-commentary-north-carolina-school-vouchers-expansion/,Search lead; not an availability finding
62,Heartland Institute,The European Union’s Artificial Intelligence Act: An Extraterritorial Incursion on Americans’ Inalienable Rights - The Heartland Institute,https://heartland.org/publications/the-european-unions-artificial-intelligence-act-an-extraterritorial-incursion-on-americans-inalienable-rights/,Search lead; not an availability finding
62,Heartland Institute,Oklahoma Charter School Achieves 100 Percent College Acceptance Rate - The Heartland Institute,https://heartland.org/opinion/oklahoma-charter-school-achieves-100-percent-college-acceptance-rate/,Search lead; not an availability finding
62,Heartland Institute,THE TAX-CREDIT,https://heartland.org/wp-content/uploads/documents/Ed%20Choice%20TCS%20Audit.pdf,Search lead; not an availability finding
62,Heartland Institute,"June 22, 2017",https://heartland.org/wp-content/uploads/documents/ESA%20policy%20brief.pdf,Search lead; not an availability finding
62,Heartland Institute,Direct Federal Financial,https://heartland.org/wp-content/uploads/documents/eiasubsidy.pdf,Search lead; not an availability finding
62,Heartland Institute,Research & Commentary: Strike Voucher Would Help Keep Oklahoma Children in Classrooms during Teacher Walkouts - The Heartland Institute,https://heartland.org/publications-resources/publications/research--commentary-strike-voucher-would-help-keep-oklahoma-children-in-classrooms-during-teacher-walkouts,Search lead; not an availability finding
62,Heartland Institute,"School Choice Update: The Good, The Bad, And The Controversial - The Heartland Institute",https://heartland.org/opinion/school-choice-update-the-good-the-bad-and-the-controversial/,Search lead; not an availability finding
63,State Policy Network (SPN),"Week in Review: June 26, 2026 - State Policy Network",https://spn.org/week-in-review-june-26-2026/,Search lead; not an availability finding
63,State Policy Network (SPN),Submit Update for SPN News - State Policy Network,https://spn.org/submit-update/,Search lead; not an availability finding
63,State Policy Network (SPN),Generation Liberty Scholarship - State Policy Network,https://spn.org/generation-liberty-scholarship/,Search lead; not an availability finding
63,State Policy Network (SPN),Generation Liberty Fellowship Application - State Policy Network,https://spn.org/2024-glf-application/,Search lead; not an availability finding
63,State Policy Network (SPN),The 2026 SPN Ed-Prize Grant Program - State Policy Network,https://spn.org/ed-prize/,Search lead; not an availability finding
63,State Policy Network (SPN),"Week in Review: March 13, 2026 - State Policy Network",https://spn.org/week-in-review-march-13-2026/,Search lead; not an availability finding
63,State Policy Network (SPN),How States Fund School Choice: A Guide to the Four Main Approaches - State Policy Network,https://spn.org/how-states-fund-school-choice/,Search lead; not an availability finding
63,State Policy Network (SPN),Development Apprentice Program | State Policy Network,https://spn.org/landing_page/development-apprentice-program/,Search lead; not an availability finding
63,State Policy Network (SPN),Generation Liberty Fellowship Alumni Scholarship Application - State Policy Network,https://spn.org/2024-glf-alumni-scholarship/,Search lead; not an availability finding
63,State Policy Network (SPN),ESA Rules Review: | Improving Rulemaking for ESA Programs,https://spn.org/wp-content/uploads/2025/05/ESA-Rules-Review.pdf,Search lead; not an availability finding
63,State Policy Network (SPN),Introducing the Generation Liberty Scholarship | State Policy Network,https://spn.org/articles/introducing-the-generation-liberty-scholarship/,Search lead; not an availability finding
63,State Policy Network (SPN),What’s Really in the One Big Beautiful Bill? - State Policy Network,https://spn.org/whats-really-in-the-one-big-beautiful-bill/,Search lead; not an availability finding
63,State Policy Network (SPN),5 things to know about SPN’s 28th Annual Meeting - State Policy Network,https://spn.org/5-things-know-about-spn-28th-annual-meeting/,Search lead; not an availability finding
63,State Policy Network (SPN),"State Solutions. National Impact. FE ATU RE His Next Laboratory: The States Meet Chris Dauer, SPN's new President and CEO |  |  |",https://spn.org/wp-content/uploads/2025/10/SPNNews-Fall2025-webspread.pdf,Search lead; not an availability finding
64,Donors Trust,The Catalyst Portfolio - DonorsTrust,https://www.donorstrust.org/catalyst/,Search lead; not an availability finding
64,Donors Trust,Supervising Accountant - DonorsTrust,https://www.donorstrust.org/jobs/supervising-accountant/,Search lead; not an availability finding
64,Donors Trust,How Donors Can Support Liberty-Minded Journalism,https://www.donorstrust.org/supporting-liberty-minded-journalism/,Search lead; not an availability finding
64,Donors Trust,How It Works - DonorsTrust,https://www.donorstrust.org/how-it-works/,Search lead; not an availability finding
64,Donors Trust,A Look at Some of Our Grantees,https://consider.donorstrust.org/hubfs/Giveaway%20Content/DonorsTrust%20Donor%20Prospectus.pdf,Search lead; not an availability finding
64,Donors Trust,The State of American Philanthropy - DonorsTrust,https://www.donorstrust.org/the-state-of-american-philanthropy/,Search lead; not an availability finding
64,Donors Trust,Better Giving to Colleges and Universities -DonorsTrust,https://www.donorstrust.org/donating-to-colleges-and-universities-a-few-guidelines/,Search lead; not an availability finding
64,Donors Trust,"1800 Diagonal Rd, Suite 280   Voice:   703.535.3563",https://consider.donorstrust.org/hubfs/DT%20Forms%20and%20Files/Growth%20and%20Resilience%20Project%20contribution%20form.pdf,Search lead; not an availability finding
64,Donors Trust,Giving Ventures Podcast: What DonorsTrust is Thankful For - DonorsTrust,https://www.donorstrust.org/giving-ventures-podcast-what-donorstrust-is-thankful-for/,Search lead; not an availability finding
64,Donors Trust,Stop Giving To Your Alma Mater—Give to These Pro-Israel Charities Instead - DonorsTrust,https://www.donorstrust.org/stop-giving-to-alma-mater-give-to-pro-israel-charities/,Search lead; not an availability finding
64,Donors Trust,"1800 Diagonal Road, Suite 280",https://consider.donorstrust.org/hubfs/DT%20Forms%20and%20Files/DT%20Bequest%20Form%20with%20MOU.pdf,Search lead; not an availability finding
64,Donors Trust,Giving Ventures Podcast: Ep. 55 — Liberty Training Isn’t Just for the Kids - DonorsTrust,https://www.donorstrust.org/giving-ventures-podcast-liberty-training-isnt-just-for-the-kids/,Search lead; not an availability finding
64,Donors Trust,Event Name  | Sponsoring Org  | Start Date  | End Date  | City  | State,https://consider.donorstrust.org/hubfs/2022%20Events%20Map.pdf,Search lead; not an availability finding
64,Donors Trust,Giving While Normal - Charitable Giving For the Non-Rich - DonorsTrust,https://www.donorstrust.org/giving-normal-charitable-giving-non-rich/,Search lead; not an availability finding
64,Donors Trust,Alma Mater Giving Done Right - DonorsTrust,https://www.donorstrust.org/alma-mater-giving-done-right/,Search lead; not an availability finding
65,Charles Koch Institute,Koch Associate Program - Stand Together Fellowships,https://standtogetherfellowships.org/koch-associate-program/,Search lead; not an availability finding
65,Charles Koch Institute,Stand Together Fellowships,https://standtogetherfellowships.org/,Search lead; not an availability finding
65,Charles Koch Institute,Application Process - Stand Together Fellowships,https://standtogetherfellowships.org/application-process/,Search lead; not an availability finding
65,Charles Koch Institute,Koch Internship Program - Stand Together Fellowships,https://standtogetherfellowships.org/koch-internship-program/,Search lead; not an availability finding
65,Charles Koch Institute,Program FAQs - Stand Together Fellowships,https://standtogetherfellowships.org/frequently-asked-questions/,Search lead; not an availability finding
65,Charles Koch Institute,Microsoft Word - Lever User guide,https://standtogetherfellowships.org/app/uploads/2024/04/LeverUserGuideApril2024.pdf,Search lead; not an availability finding
65,Charles Koch Institute,Grant Agreements - Stand Together Fellowships,https://standtogetherfellowships.org/grant-agreements/,Search lead; not an availability finding
65,Charles Koch Institute,Partners - Stand Together Fellowships,https://standtogetherfellowships.org/partners/,Search lead; not an availability finding
65,Charles Koch Institute,Microsoft Word - Lever User guide,https://standtogetherfellowships.org/app/uploads/2024/03/Lever-User-Guide-April_2024.pdf,Search lead; not an availability finding
65,Charles Koch Institute,About Us - Stand Together Fellowships,https://standtogetherfellowships.org/about-us/,Search lead; not an availability finding
65,Charles Koch Institute,Anyone can be an entrepreneur - Stand Together Fellowships,https://standtogetherfellowships.org/stories/anyone-can-be-an-entrepreneur/,Search lead; not an availability finding
65,Charles Koch Institute,Alumni Referral Program - Stand Together Fellowships,https://standtogetherfellowships.org/referral-rules/,Search lead; not an availability finding
66,Intercollegiate Studies Institute (ISI),Weaver Application - Intercollegiate Studies Institute,https://isi.org/alumni/weaver-fellowship/weaver-application/,Search lead; not an availability finding
66,Intercollegiate Studies Institute (ISI),Collegiate Network - Intercollegiate Studies Institute,https://isi.org/students/collegiate-network/,Search lead; not an availability finding
66,Intercollegiate Studies Institute (ISI),Weaver Fellowship - Intercollegiate Studies Institute,https://isi.org/alumni/weaver-fellowship/,Search lead; not an availability finding
66,Intercollegiate Studies Institute (ISI),Join ISI - Intercollegiate Studies Institute,https://www.isi.org/join,Search lead; not an availability finding
66,Intercollegiate Studies Institute (ISI),Journalism Internships and Fellowships - Intercollegiate Studies Institute,https://isi.org/students/collegiate-network/journalism-internships-and-fellowships/,Search lead; not an availability finding
66,Intercollegiate Studies Institute (ISI),Open Internships - Intercollegiate Studies Institute,https://isi.org/careers/open-internships/,Search lead; not an availability finding
66,Intercollegiate Studies Institute (ISI),Collegiate Network Programs Officer - Intercollegiate Studies Institute,https://isi.org/careers/collegiate-network-programs-officer/,Search lead; not an availability finding
66,Intercollegiate Studies Institute (ISI),Networking Reception for the Collegiate Network - Intercollegiate Studies Institute,https://isi.org/event/networking-reception-for-the-collegiate-network-2/,Search lead; not an availability finding
66,Intercollegiate Studies Institute (ISI),2025–2026 Honors Scholars - Intercollegiate Studies Institute,https://qkjltl3q.isi.org/students/2025-honors-scholars/,Search lead; not an availability finding
66,Intercollegiate Studies Institute (ISI),Home - Intercollegiate Studies Institute,https://qkjltl3q.isi.org/,Search lead; not an availability finding
66,Intercollegiate Studies Institute (ISI),ISI Forum Grants - Intercollegiate Studies Institute,https://isi.org/faculty/isi-forum-grants/,Search lead; not an availability finding
66,Intercollegiate Studies Institute (ISI),Collegiate Network Editors Conference - Intercollegiate Studies Institute,https://isi.org/event/collegiate-network-editors-conference/,Search lead; not an availability finding
67,Independent Women's Forum,Fellowship Program,https://www.independentwomen.com/fellowship-program/,Search lead; not an availability finding
67,Independent Women's Forum,Case: 2:24-cv-00316-MHW-KAJ Doc #: 1 Filed: 01/25/24 Page: 1 of 51  PAGEID #: 1,https://www.independentwomen.com/wp-content/uploads/2024/01/Civil-Coversheet-Verified-Complaint-with-Exhibits.pdf,Search lead; not an availability finding
67,Independent Women's Forum,A School Choice Breakthrough That Costs Taxpayers Nothing | Independent Women,https://www.independentwomen.com/?p=63018,Search lead; not an availability finding
67,Independent Women's Forum,Kim Russell,https://www.independentwomen.com/wp-content/uploads/2024/01/Gov-Charlie-Baker-Letter-KRussell.pdf,Search lead; not an availability finding
67,Independent Women's Forum,USCA11 Case: 24-12444     Document: 75     Date Filed: 10/21/2024     Page: 1 of 76,https://www.independentwomen.com/wp-content/uploads/2024/10/75_Red-Brief.pdf,Search lead; not an availability finding
67,Independent Women's Forum,Cosko Is Not An Unpaid Intern | Independent Women,https://www.independentwomen.com/2018/10/06/cosko-is-not-an-unpaid-intern/,Search lead; not an availability finding
67,Independent Women's Forum,Appellate Case: 23-8065     Document: 010110981564     Date Filed: 01/10/2024     Page: 1,https://www.independentwomen.com/wp-content/uploads/2024/01/NPC-Brief.pdf,Search lead; not an availability finding
67,Independent Women's Forum,No. 21-12583,https://www.independentwomen.com/wp-content/uploads/2021/10/speech-first-v-cartwight-independentwomenslawcenter.pdf,Search lead; not an availability finding
67,Independent Women's Forum,"This 4th of July, Millions of American Students have a New Freedom to Celebrate | Independent Women",https://www.independentwomen.com/2025/07/02/this-4th-of-july-millions-of-american-students-have-a-new-freedom-to-celebrate/,Search lead; not an availability finding
67,Independent Women's Forum,"Trump Admin Is Eradicating Racism From College Admissions, And The Left Hates It | Independent Women",https://www.independentwomen.com/2025/09/05/trump-admin-is-eradicating-racism-from-college-admissions-and-the-left-hates-it/,Search lead; not an availability finding
67,Independent Women's Forum,Gordon Logan on Veterans Day and the “Help A Hero” Scholarship | IWF,https://www.independentwomen.com/2022/11/11/gordon-logan-on-veterans-day/,Search lead; not an availability finding
67,Independent Women's Forum,A Hard Reset for American Education | Independent Women,https://www.independentwomen.com/2026/08/31/a-hard-reset-for-american-education/,Search lead; not an availability finding
67,Independent Women's Forum,Betsy Pearson,https://www.independentwomen.com/people/betsy-pearson/,Search lead; not an availability finding
67,Independent Women's Forum,Champion Women: Lisa Daftari | Independent Women,https://www.independentwomen.com/people/lisa-daftari/,Search lead; not an availability finding
67,Independent Women's Forum,Champion Women: Antoinette Jackson | IWF,https://www.independentwomen.com/people/antoinette-jackson/,Search lead; not an availability finding
67,Independent Women's Forum,More on Banning National Honor Society Stoles | Independent Women,https://www.independentwomen.com/2016/06/03/more-on-banning-national-honor-society-stoles/,Search lead; not an availability finding
68,Institute for Humane Studies (IHS),Academic Mentorship | Institute for Humane Studies,https://theihs.org/scholars/academic-mentorship-program,Search lead; not an availability finding
68,Institute for Humane Studies (IHS),Scholar Resources | Institute for Humane Studies,https://theihs.org/scholars,Search lead; not an availability finding
68,Institute for Humane Studies (IHS),Ai And The Workforce | Institute for Humane Studies,https://theihs.org/ai-and-the-workforce,Search lead; not an availability finding
68,Institute for Humane Studies (IHS),Request for Proposals | Institute for Humane Studies,https://theihs.org/rfps,Search lead; not an availability finding
68,Institute for Humane Studies (IHS),Residency Funding | Institute for Humane Studies,https://theihs.org/residency-funding,Search lead; not an availability finding
68,Institute for Humane Studies (IHS),ScholarsEdge | Institute for Humane Studies,https://theihs.org/scholarsedge,Search lead; not an availability finding
68,Institute for Humane Studies (IHS),Free Society Grants | Institute for Humane Studies,https://theihs.org/scholars/free-society-grants,Search lead; not an availability finding
68,Institute for Humane Studies (IHS),Public Scholarship Support | Institute for Humane Studies,https://theihs.org/public-scholarship-support,Search lead; not an availability finding
68,Institute for Humane Studies (IHS),Graduate Engagement Strategist (Remote) | Institute for Humane Studies,https://theihs.org/careers/jobs/790,Search lead; not an availability finding
68,Institute for Humane Studies (IHS),Civil Rights In America | Institute for Humane Studies,https://theihs.org/civil-rights-in-america,Search lead; not an availability finding
68,Institute for Humane Studies (IHS),Funding Faq | Institute for Humane Studies,https://theihs.org/funding-faq,Search lead; not an availability finding
68,Institute for Humane Studies (IHS),Manager of Programs & Events (Remote) | Institute for Humane Studies,https://theihs.org/careers/jobs/786,Search lead; not an availability finding
69,Pioneer Institute for Public Policy Research,"Common Core, School Choice &",https://pioneerinstitute.org/wp-content/uploads/dlm_uploads/CommonCoreSchoolChoice_WP.pdf,Search lead; not an availability finding
69,Pioneer Institute for Public Policy Research,Outreach Manager | Pioneer Institute,https://pioneerinstitute.org/outreach-manager/,Search lead; not an availability finding
69,Pioneer Institute for Public Policy Research,Ruth & Lovett Peters Fellowship,https://pioneerinstitute.org/wp-content/uploads/Peters-Fellowship-Application2016.pdf,Search lead; not an availability finding
69,Pioneer Institute for Public Policy Research,Education Provisions of OBBB | Pioneer Institute,https://pioneerinstitute.org/education-provisions-of-obbb/,Search lead; not an availability finding
69,Pioneer Institute for Public Policy Research,The Roger Perry Internship Program | Pioneer Institute,https://pioneerinstitute.org/career-opportunities/,Search lead; not an availability finding
69,Pioneer Institute for Public Policy Research,The Roger Perry Internship Program | Pioneer Institute,https://pioneerinstitute.org/the-roger-perry-internship-program/,Search lead; not an availability finding
69,Pioneer Institute for Public Policy Research,Research Fellow in U.S. History | Pioneer Institute,https://pioneerinstitute.org/research-fellow-in-u-s-history/,Search lead; not an availability finding
69,Pioneer Institute for Public Policy Research,GETTING HOME,https://pioneerinstitute.org/wp-content/uploads/dlm_uploads/wp21.pdf,Search lead; not an availability finding
69,Pioneer Institute for Public Policy Research,Policy Research Internship: Better Government Competition | Pioneer Institute,https://pioneerinstitute.org/policy-research-internship-better-government-competition/,Search lead; not an availability finding
69,Pioneer Institute for Public Policy Research,Compensation,https://pioneerinstitute.org/wp-content/uploads/Roger-Perry-Internship-Program-Description_Summer-2018.pdf,Search lead; not an availability finding
69,Pioneer Institute for Public Policy Research,Pioneer Institute for Public Policy Research,https://pioneerinstitute.org/download/school-choice-without-vouchers-expanding-education-options-through-tax-credits/,Search lead; not an availability finding
69,Pioneer Institute for Public Policy Research,Poll Finds Massachusetts Residents Overwhelmingly Support Expanding Vocational Schools | Pioneer Institute,https://pioneerinstitute.org/poll-finds-massachusetts-residents-overwhelmingly-support-expanding-vocational-schools/,Search lead; not an availability finding
70,Ludwig von Mises Institute,Fellowship in Residence Application 2027 | Mises Institute,https://mises.org/fellowshipapplication2027,Search lead; not an availability finding
70,Ludwig von Mises Institute,Research Fellowship in Residence 2027 | Mises Institute,https://mises.org/events/research-fellowship-residence-2027,Search lead; not an availability finding
70,Ludwig von Mises Institute,Mises University 2026 Student Scholarship Application (International) | Mises Institute,https://mises.org/misesUapplication2026international,Search lead; not an availability finding
70,Ludwig von Mises Institute,Mises University 2026 | Mises Institute,https://mises.org/events/mises-university-2026,Search lead; not an availability finding
70,Ludwig von Mises Institute,Rothbard Graduate Seminar 2027 | Mises Institute,https://mises.org/events/rothbard-graduate-seminar-2027,Search lead; not an availability finding
70,Ludwig von Mises Institute,2026 Greenville Mises Circle Student Scholarship Form | Mises Institute,https://mises.org/greenville26studentapplication,Search lead; not an availability finding
70,Ludwig von Mises Institute,Join Us in the NYC Area | Mises Institute,https://mises.org/mises-wire/join-us-nyc-area,Search lead; not an availability finding
70,Ludwig von Mises Institute,80th Birthday Party for Ron Paul | Mises Institute,https://mises.org/events/80th-birthday-party-ron-paul,Search lead; not an availability finding
70,Ludwig von Mises Institute,Fall 2026 Virtual Mises Book Club | Mises Institute,https://mises.org/events/fall-2026-virtual-mises-book-club,Search lead; not an availability finding
70,Ludwig von Mises Institute,"Call for Papers: Special Issue of the QJAE: ""100 Years with Mises and Hayek: Reflecting on a Century of Intellectual Legacy"" | Published by Quarterly Journal of Austrian Economics",https://qjae.mises.org/post/3686-call-for-papers-special-issue-of-the-qjae-100-years-with-mises-and-hayek-reflecting-on-a-century-of-intellectual-legacy,Search lead; not an availability finding
70,Ludwig von Mises Institute,Mises University 2025 | Mises Institute,https://mises.org/events/mises-university-2025,Search lead; not an availability finding
70,Ludwig von Mises Institute,Rothbard Graduate Seminar 2026 | Mises Institute,https://mises.org/events/rothbard-graduate-seminar-2026,Search lead; not an availability finding
70,Ludwig von Mises Institute,The Mises Institute,https://cdn.mises.org/visiting_scholars_manual.pdf,Search lead; not an availability finding
71,Hoover Institution,Hoover Fellows Program | Hoover Institution,https://www.hoover.org/hoover-fellows-program,Search lead; not an availability finding
71,Hoover Institution,The Hoover Student Fellowship Program | Hoover Institution,https://www.hoover.org/hoover-student-fellowship-program,Search lead; not an availability finding
71,Hoover Institution,Veteran Fellowship Program | Hoover Institution,https://www.hoover.org/veteran-fellowship-program,Search lead; not an availability finding
71,Hoover Institution,Scholar Research Support | Hoover Institution,https://www.hoover.org/library-archives/about/scholar-research-support-grant,Search lead; not an availability finding
71,Hoover Institution,2026-2027 Veteran Fellowship Program - Hoover Apply,https://apply.hoover.org/prog/2026_veteran_fellowship_program/,Search lead; not an availability finding
71,Hoover Institution,Research & Teaching Fellowship - Hoover Apply,https://apply.hoover.org/prog/research_teaching_fellowship/,Search lead; not an availability finding
71,Hoover Institution,"People, Politics, and Places Fellowship | Hoover Institution",https://www.hoover.org/people-politics-and-places-fellowship,Search lead; not an availability finding
71,Hoover Institution,Silas Palmer Fellowship - Hoover Apply,https://apply.hoover.org/prog/silas_palmer_fellowship/,Search lead; not an availability finding
71,Hoover Institution,Silas Palmer Fellowship | Hoover Institution,https://www.hoover.org/library-archives/about/fellowships,Search lead; not an availability finding
71,Hoover Institution,Enviropreneur Fellowship Program | Hoover Institution,https://www.hoover.org/enviropreneur-fellowship-program,Search lead; not an availability finding
71,Hoover Institution,W. Glenn Campbell and Rita Ricardo-Campbell National Fellows | Hoover Institution,https://cms.hoover.org/fellows/category/national-fellows,Search lead; not an availability finding
71,Hoover Institution,Hoover Institution Summer Policy Boot Camp | Hoover Institution,https://www.hoover.org/hoover-institution-summer-policy-boot-camp,Search lead; not an availability finding
71,Hoover Institution,FAQ,https://www.hoover.org/sites/default/files/2025-05/FAQ_VFP5_May2025.pdf,Search lead; not an availability finding
72,Ed Snider Center for Enterprise & Markets,Admissions | Robert H. Smith School of Business,https://www.rhsmith.umd.edu/programs/flex-mba/admissions,Search lead; not an availability finding
72,Ed Snider Center for Enterprise & Markets,HQ Fellowship – Graduate Degree – SmithCareers,https://careers.rhsmith.umd.edu/jobs/marriott-international-inc-hq-fellowship-graduate-degree/,Search lead; not an availability finding
72,Ed Snider Center for Enterprise & Markets,Admissions | Robert H. Smith School of Business,https://www.rhsmith.umd.edu/programs/full-time-mba/admissions?accordion=36046&header=18,Search lead; not an availability finding
72,Ed Snider Center for Enterprise & Markets,Summer 2027 Associate Program – SmithCareers,https://careers.rhsmith.umd.edu/jobs/goldman-sachs-company-summer-2027-associate-program/,Search lead; not an availability finding
72,Ed Snider Center for Enterprise & Markets,Production Planning & Controls Student Intern – SmithCareers,https://careers.rhsmith.umd.edu/jobs/y-12-national-security-complex-production-planning-controls-student-intern/,Search lead; not an availability finding
72,Ed Snider Center for Enterprise & Markets,"2027 Applied AI Engineer Intern, Dublin (6 Month Internship) – SmithCareers",https://careers.rhsmith.umd.edu/jobs/millennium-management-llc-2027-applied-ai-engineer-intern-dublin-6-month-internship/,Search lead; not an availability finding
72,Ed Snider Center for Enterprise & Markets,2027 Intern – Forensic & Litigation Consulting – SmithCareers,https://careers.rhsmith.umd.edu/jobs/fti-consulting-2027-intern-forensic-litigation-consulting/,Search lead; not an availability finding
72,Ed Snider Center for Enterprise & Markets,2027 Intern – Economic Consulting – SmithCareers,https://careers.rhsmith.umd.edu/jobs/fti-consulting-2027-intern-economic-consulting/,Search lead; not an availability finding
72,Ed Snider Center for Enterprise & Markets,Study Abroad Start Here | Robert H. Smith School of Business,https://www.rhsmith.umd.edu/centers-initiatives/global-business/programs/undergraduate-students/study-abroad-start-here,Search lead; not an availability finding
72,Ed Snider Center for Enterprise & Markets,Data & Visualization Intern – SmithCareers,https://careers.rhsmith.umd.edu/jobs/national-geospatial-intelligence-agency-data-visualization-intern/,Search lead; not an availability finding
72,Ed Snider Center for Enterprise & Markets,"Summer 2027 Analyst, Public Sector Services (PSS) – SmithCareers",https://careers.rhsmith.umd.edu/jobs/alvarez-marsal-llc-summer-2027-analyst-public-sector-services-pss/,Search lead; not an availability finding
72,Ed Snider Center for Enterprise & Markets,2027 Intern – Technology – SmithCareers,https://careers.rhsmith.umd.edu/jobs/fti-consulting-inc-2027-intern-technology/,Search lead; not an availability finding
72,Ed Snider Center for Enterprise & Markets,MBA Global Business Courses,https://networth.rhsmith.umd.edu/sites/default/files/MBA%20Global%20Business%20Courses%20Scholarships%20%26%20Stipends_Sp2022_0.pdf,Search lead; not an availability finding
73,Ladies of Liberty Alliance (LOLA),The MOAF team is looking for a Project Management Assistant - Ladies Of Liberty Alliance - LOLA,https://ladiesofliberty.org/story/lola-moaf-is-looking-for-a-project-management-assistant/,Search lead; not an availability finding
73,Ladies of Liberty Alliance (LOLA),Non-MonetarY Donations - Ladies Of Liberty Alliance - LOLA,https://ladiesofliberty.org/non-monetary-donations/,Search lead; not an availability finding
73,Ladies of Liberty Alliance (LOLA),Maria Oropeza Activism Fellowship - Ladies Of Liberty Alliance - LOLA,https://ladiesofliberty.org/lola-activism-fellowship/,Search lead; not an availability finding
73,Ladies of Liberty Alliance (LOLA),María Oropeza Activism Fellowship – Ladies Of Liberty Alliance – LOLA,https://ladiesofliberty.org/maria-oropeza-activism-fellowship/,Search lead; not an availability finding
73,Ladies of Liberty Alliance (LOLA),"Welcome LOLA new team member, L.A. chapter discusses theory of rights, and more! - Ladies Of Liberty Alliance - LOLA",https://ladiesofliberty.org/story/welcome-lola-new-team-member-l-a-chapter-discusses-theory-of-rights-and-more/,Search lead; not an availability finding
73,Ladies of Liberty Alliance (LOLA),About Us – Ladies Of Liberty Alliance – LOLA,https://ladiesofliberty.org/about-us/,Search lead; not an availability finding
73,Ladies of Liberty Alliance (LOLA),Join the LOLA Team as a Digital Marketing Coordinator - Ladies Of Liberty Alliance - LOLA,https://ladiesofliberty.org/story/join-the-lola-team-as-a-digital-marketing-coordinator/,Search lead; not an availability finding
73,Ladies of Liberty Alliance (LOLA),Africa Liberty Forum 2025 Recap - Ladies Of Liberty Alliance - LOLA,https://ladiesofliberty.org/story/africa-liberty-forum-2025-recap/,Search lead; not an availability finding
73,Ladies of Liberty Alliance (LOLA),LOLA Is Looking For A Financial Manager! - Ladies Of Liberty Alliance - LOLA,https://ladiesofliberty.org/story/lola-is-looking-for-a-financial-manager/,Search lead; not an availability finding
73,Ladies of Liberty Alliance (LOLA),LOLA is looking for a Development Assistant!!! - Ladies Of Liberty Alliance - LOLA,https://ladiesofliberty.org/story/lola-is-looking-for-a-development-intern/,Search lead; not an availability finding
73,Ladies of Liberty Alliance (LOLA),Applications now open for the LOLA Speakers Bureau Coordinator! - Ladies Of Liberty Alliance - LOLA,https://ladiesofliberty.org/story/applications-now-open-for-the-lola-speakers-bureau-coordinator/,Search lead; not an availability finding
73,Ladies of Liberty Alliance (LOLA),- Ladies Of Liberty Alliance - LOLA,https://ladiesofliberty.org/19483-2/,Search lead; not an availability finding
74,Forum for Citizenship and Enterprise,Undergraduate Scholarships and Grants - Northwood University,https://www.northwood.edu/financial-aid/scholarships-and-grants.aspx,Search lead; not an availability finding
74,Forum for Citizenship and Enterprise,Automotive Aftermarket Management - Northwood University,https://www.northwood.edu/academics/automotive-aftermarket-management,Search lead; not an availability finding
74,Forum for Citizenship and Enterprise,Registration Deadline Nears for University of the Aftermarket’s Leadership 2.0 - Northwood University,https://www.northwood.edu/news/registration-deadline-nears-for-university-of-the-aftermarkets-leadership-2-0/,Search lead; not an availability finding
74,Forum for Citizenship and Enterprise,Financial Aid Forms - Northwood University,https://www.northwood.edu/admissions/financial-aid/forms/,Search lead; not an availability finding
74,Forum for Citizenship and Enterprise,Dual Enrollment while in High School - Northwood University,https://www.northwood.edu/admissions/dual-enrollment/,Search lead; not an availability finding
74,Forum for Citizenship and Enterprise,Global EMBA | Northwood University,https://global.northwood.edu/global-executive-master-of-business-administration/,Search lead; not an availability finding
74,Forum for Citizenship and Enterprise,Global MBA | Northwood University,https://global.northwood.edu/global-master-of-business-administration/,Search lead; not an availability finding
74,Forum for Citizenship and Enterprise,Admissions - Northwood University,https://www.northwood.edu/admissions/,Search lead; not an availability finding
74,Forum for Citizenship and Enterprise,Deadline Nears to Apply for Scholarships for Northwood’s Entrepreneurship Camp - Northwood University,https://www.northwood.edu/news/deadline-nears-to-apply-for-scholarships-for-northwoods-entrepreneurship-camp/,Search lead; not an availability finding
74,Forum for Citizenship and Enterprise,dismissal at the end of that semester.,https://www.northwood.edu/wp-content/uploads/2024/01/23-24_Student_Handbook-1.pdf,Search lead; not an availability finding
74,Forum for Citizenship and Enterprise,Student Employment - Northwood University,https://www.northwood.edu/admissions/financial-aid/student-employment/,Search lead; not an availability finding
74,Forum for Citizenship and Enterprise,Northwood,https://application.northwood.edu/register/SAProspectForm,Search lead; not an availability finding
74,Forum for Citizenship and Enterprise,One Big Beautiful Bill Act - Northwood University,https://www.northwood.edu/admissions/financial-aid/one-big-beautiful-bill-act/,Search lead; not an availability finding
74,Forum for Citizenship and Enterprise,Northwood University is devoted to continuous improvement of all programs and reserves the right to revise all curriculum guides or academic programs. These enhancements could cause changes in students’ programs of study.,https://www.northwood.edu/wp-content/uploads/2024/08/24-25-Student-Handbook.pdf,Search lead; not an availability finding
74,Forum for Citizenship and Enterprise,Personal Statement,https://nusites.northwood.edu/international/documents/study-abroad-packets/SEMESTER%20IN%20EUROPE%202017%20Info%20and%20Application.pdf,Search lead; not an availability finding
75,Foundation for Individual Rights and Expression (FIRE),Campus Scholars Program | The Foundation for Individual Rights and Expression,https://www.fire.org/careers/campus-scholars-program,Search lead; not an availability finding
75,Foundation for Individual Rights and Expression (FIRE),Campus Scholars Program | The Foundation for Individual Rights and Expression,https://www.fire.org/get-involved/be-an-advocate/students/campus-scholars-program,Search lead; not an availability finding
75,Foundation for Individual Rights and Expression (FIRE),Careers | The Foundation for Individual Rights and Expression,https://www.fire.org/careers,Search lead; not an availability finding
75,Foundation for Individual Rights and Expression (FIRE),Summer Internship Program | The Foundation for Individual Rights and Expression,https://www.fire.org/internship,Search lead; not an availability finding
75,Foundation for Individual Rights and Expression (FIRE),Fall 2026 Legal Clerkship | The Foundation for Individual Rights and Expression,https://www.fire.org/careers/fall-2026-legal-clerkship,Search lead; not an availability finding
75,Foundation for Individual Rights and Expression (FIRE),"NWOSU 
Student Handbook 
2024 - 2025",https://www.fire.org/sites/default/files/2025/05/student-handbook-NWOSU.pdf,Search lead; not an availability finding
75,Foundation for Individual Rights and Expression (FIRE),Arthur D. Hellman Fellowship in First Amendment Litigation | The Foundation for Individual Rights and Expression,https://www.fire.org/careers/law-student-opportunities/arthur-d-hellman-fellowship-first-amendment-litigation,Search lead; not an availability finding
75,Foundation for Individual Rights and Expression (FIRE),"Fellow, Student Press and Campus Rights Advocacy | The Foundation for Individual Rights and Expression",https://www.fire.org/careers/fellow-student-press-and-campus-rights-advocacy,Search lead; not an availability finding
75,Foundation for Individual Rights and Expression (FIRE),Law Student Opportunities | The Foundation for Individual Rights and Expression,https://www.fire.org/careers/law-student-opportunities,Search lead; not an availability finding
75,Foundation for Individual Rights and Expression (FIRE),Undergraduate Student Opportunities | The Foundation for Individual Rights and Expression,https://www.fire.org/careers/undergraduate-student-opportunities,Search lead; not an availability finding
75,Foundation for Individual Rights and Expression (FIRE),The Lowdown 2024-2025,https://www.fire.org/sites/default/files/2025/04/USA-%20Student%20Handbook-%20The%20Lowdown.pdf,Search lead; not an availability finding
75,Foundation for Individual Rights and Expression (FIRE),Summer Legal Internship | The Foundation for Individual Rights and Expression,https://www.fire.org/careers/law-student-opportunities/summer-legal-internship,Search lead; not an availability finding
76,National Taxpayers Union,Taxpayer's Tab: Where Could Congress Cut Spending? - Foundation - National Taxpayers Union,https://www.ntu.org/foundation/detail/taxpayers-tab-issue-43-4,Search lead; not an availability finding
76,National Taxpayers Union,Issue Brief,https://www.ntu.org/library/doclib/2022/10/Use-of-Budget-Gimmick-Increases-Risks-to-a-Veterans-Administration-Loan-Guarantee-Program.pdf,Search lead; not an availability finding
76,National Taxpayers Union,Career and Internship Opportunities - About - National Taxpayers Union,https://www.ntu.org/about/page/career-and-internship-opportunities,Search lead; not an availability finding
76,National Taxpayers Union,"Taxpayers Tab: H.R. 5783, Investing in Our Future Act S. 3653 - Foundation - National Taxpayers Union",https://www.ntu.org/foundation/detail/taxpayers-tab-issue-8-1,Search lead; not an availability finding
76,National Taxpayers Union,"Taxpayers Tab: HR 3312, Preventing Unintended Pregnancies - Foundation - National Taxpayers Union",https://www.ntu.org/foundation/detail/taxpayers-tab-issue-15-5-2,Search lead; not an availability finding
76,National Taxpayers Union,Taxpayers Tab Issue #22 - Foundation - National Taxpayers Union,https://www.ntu.org/foundation/detail/taxpayers-tab-issue-22,Search lead; not an availability finding
76,National Taxpayers Union,Issue Brief,https://www.ntu.org/library/doclib/2023/03/New-House-Reform-Could-Help-Reduce-Unauthorized-Appropriations-1-.pdf,Search lead; not an availability finding
76,National Taxpayers Union,Taxpayer's Tab: A Taxing Time for Taxpayers - Foundation - National Taxpayers Union,https://www.ntu.org/foundation/detail/taxpayers-tab-issue-15-5-2-2,Search lead; not an availability finding
76,National Taxpayers Union,"Taxpayer's Tab: Five Years After Stimulus Enacted, Measures to Extend Spending - Foundation - National Taxpayers Union",https://www.ntu.org/foundation/detail/taxpayers-tab-issue-7-5,Search lead; not an availability finding
76,National Taxpayers Union,Think April 15 Is the Tax Deadline? Here's Why You May Need to File and Pay Earlier - Foundation - National Taxpayers Union,https://www.ntu.org/foundation/detail/think-april-15-is-the-tax-deadline-heres-why-you-may-need-to-file-and-pay-earlier,Search lead; not an availability finding
76,National Taxpayers Union,"Taxpayers Tab: H.R. 2881, Kenny Callahan Act - Foundation - National Taxpayers Union",https://www.ntu.org/foundation/detail/taxpayers-tab-issue-12-1,Search lead; not an availability finding
76,National Taxpayers Union,Taxpayer's Tab: NTUF Highlights Presidential Retirement Perks - Foundation - National Taxpayers Union,https://www.ntu.org/foundation/detail/taxpayers-tab-issue-32-4,Search lead; not an availability finding
76,National Taxpayers Union,"Taxpayer's Tab: NTUF looks at legislation dealing with dorm fires, postal reforms, and jobs - Foundation - National Taxpayers Union",https://www.ntu.org/foundation/detail/taxpayers-tab-issue-44-2,Search lead; not an availability finding
76,National Taxpayers Union,"Taxpayer's Tab: H.R. 3813, the Emergency Unemployment Compensation Continuation Act - Foundation - National Taxpayers Union",https://www.ntu.org/foundation/detail/taxpayers-tab-issue-1-5,Search lead; not an availability finding
76,National Taxpayers Union,NATIONAL TAXPAYERS UNION FOUNDATION,https://www.ntu.org/library/doclib/2024/09/Whats-the-Deal-with-Tax-Cuts.pdf,Search lead; not an availability finding
77,National Taxpayers Union Foundation,Taxpayer's Tab: Where Could Congress Cut Spending? - Foundation - National Taxpayers Union,https://www.ntu.org/foundation/detail/taxpayers-tab-issue-43-4,Search lead; not an availability finding
77,National Taxpayers Union Foundation,Issue Brief,https://www.ntu.org/library/doclib/2022/10/Use-of-Budget-Gimmick-Increases-Risks-to-a-Veterans-Administration-Loan-Guarantee-Program.pdf,Search lead; not an availability finding
77,National Taxpayers Union Foundation,Career and Internship Opportunities - About - National Taxpayers Union,https://www.ntu.org/about/page/career-and-internship-opportunities,Search lead; not an availability finding
77,National Taxpayers Union Foundation,"Taxpayers Tab: H.R. 5783, Investing in Our Future Act S. 3653 - Foundation - National Taxpayers Union",https://www.ntu.org/foundation/detail/taxpayers-tab-issue-8-1,Search lead; not an availability finding
77,National Taxpayers Union Foundation,"Taxpayers Tab: HR 3312, Preventing Unintended Pregnancies - Foundation - National Taxpayers Union",https://www.ntu.org/foundation/detail/taxpayers-tab-issue-15-5-2,Search lead; not an availability finding
77,National Taxpayers Union Foundation,Taxpayers Tab Issue #22 - Foundation - National Taxpayers Union,https://www.ntu.org/foundation/detail/taxpayers-tab-issue-22,Search lead; not an availability finding
77,National Taxpayers Union Foundation,Issue Brief,https://www.ntu.org/library/doclib/2023/03/New-House-Reform-Could-Help-Reduce-Unauthorized-Appropriations-1-.pdf,Search lead; not an availability finding
77,National Taxpayers Union Foundation,Taxpayer's Tab: A Taxing Time for Taxpayers - Foundation - National Taxpayers Union,https://www.ntu.org/foundation/detail/taxpayers-tab-issue-15-5-2-2,Search lead; not an availability finding
77,National Taxpayers Union Foundation,"Taxpayer's Tab: Five Years After Stimulus Enacted, Measures to Extend Spending - Foundation - National Taxpayers Union",https://www.ntu.org/foundation/detail/taxpayers-tab-issue-7-5,Search lead; not an availability finding
77,National Taxpayers Union Foundation,Think April 15 Is the Tax Deadline? Here's Why You May Need to File and Pay Earlier - Foundation - National Taxpayers Union,https://www.ntu.org/foundation/detail/think-april-15-is-the-tax-deadline-heres-why-you-may-need-to-file-and-pay-earlier,Search lead; not an availability finding
77,National Taxpayers Union Foundation,"Taxpayers Tab: H.R. 2881, Kenny Callahan Act - Foundation - National Taxpayers Union",https://www.ntu.org/foundation/detail/taxpayers-tab-issue-12-1,Search lead; not an availability finding
77,National Taxpayers Union Foundation,Taxpayer's Tab: NTUF Highlights Presidential Retirement Perks - Foundation - National Taxpayers Union,https://www.ntu.org/foundation/detail/taxpayers-tab-issue-32-4,Search lead; not an availability finding
77,National Taxpayers Union Foundation,"Taxpayer's Tab: NTUF looks at legislation dealing with dorm fires, postal reforms, and jobs - Foundation - National Taxpayers Union",https://www.ntu.org/foundation/detail/taxpayers-tab-issue-44-2,Search lead; not an availability finding
77,National Taxpayers Union Foundation,"Taxpayer's Tab: H.R. 3813, the Emergency Unemployment Compensation Continuation Act - Foundation - National Taxpayers Union",https://www.ntu.org/foundation/detail/taxpayers-tab-issue-1-5,Search lead; not an availability finding
77,National Taxpayers Union Foundation,NATIONAL TAXPAYERS UNION FOUNDATION,https://www.ntu.org/library/doclib/2024/09/Whats-the-Deal-with-Tax-Cuts.pdf,Search lead; not an availability finding
78,Americans for Tax Reform,Fall 2026 Internship - Americans for Tax Reform,https://atr.org/internship-opportunities-apply-now/,Search lead; not an availability finding
78,Americans for Tax Reform,Americans for Tax Reform 2024 State Ballot Measure Guide - Americans for Tax Reform,https://atr.org/ballotguide/,Search lead; not an availability finding
78,Americans for Tax Reform,JOINT COMMITTEE ON TAXATION,https://atr.org/wp-content/uploads/2025/06/x-23-25.pdf,Search lead; not an availability finding
78,Americans for Tax Reform,Internship Opportunities - Americans for Tax Reform,https://atr.org/internship-opportunities/,Search lead; not an availability finding
78,Americans for Tax Reform,Lessons as Florida’s Property Tax Reform Amendment Heads to the Ballot - Americans for Tax Reform,https://atr.org/lessons-as-floridas-property-tax-reform-amendment-heads-to-the-ballot/,Search lead; not an availability finding
78,Americans for Tax Reform,Spring 2022 Internship Application - Americans for Tax Reform,https://atr.org/spring-2022-internship-application/,Search lead; not an availability finding
78,Americans for Tax Reform,ATR 2018 Tax Reform Priorities - Americans for Tax Reform,https://atr.org/atr-2018-tax-reform-priorities/,Search lead; not an availability finding
78,Americans for Tax Reform,ATR Opposes Restricting Stock Buybacks in NDAA - Americans for Tax Reform,https://atr.org/atr-opposes-restricting-stock-buybacks-in-ndaa/,Search lead; not an availability finding
78,Americans for Tax Reform,"NEWS 
WWW.ATR.ORG 
 
 
	  
FOR	  IMMEDIATE	  RE",https://www.atr.org/sites/default/files/assets/Obama%20Proposed%20442%20Tax%20Hikes%20Full%20List.pdf,Search lead; not an availability finding
78,Americans for Tax Reform,Left-Wing Montana Activists Prepare Push for Regressive Cigarette Tax Hike - Americans for Tax Reform,https://atr.org/left-wing-montana-activists-prepare-push-for-regressive-cigarette-tax-hike/,Search lead; not an availability finding
79,Americans for Tax Reform Foundation,Fall 2026 Internship - Americans for Tax Reform,https://atr.org/internship-opportunities-apply-now/,Search lead; not an availability finding
79,Americans for Tax Reform Foundation,Americans for Tax Reform 2024 State Ballot Measure Guide - Americans for Tax Reform,https://atr.org/ballotguide/,Search lead; not an availability finding
79,Americans for Tax Reform Foundation,JOINT COMMITTEE ON TAXATION,https://atr.org/wp-content/uploads/2025/06/x-23-25.pdf,Search lead; not an availability finding
79,Americans for Tax Reform Foundation,Internship Opportunities - Americans for Tax Reform,https://atr.org/internship-opportunities/,Search lead; not an availability finding
79,Americans for Tax Reform Foundation,Lessons as Florida’s Property Tax Reform Amendment Heads to the Ballot - Americans for Tax Reform,https://atr.org/lessons-as-floridas-property-tax-reform-amendment-heads-to-the-ballot/,Search lead; not an availability finding
79,Americans for Tax Reform Foundation,Spring 2022 Internship Application - Americans for Tax Reform,https://atr.org/spring-2022-internship-application/,Search lead; not an availability finding
79,Americans for Tax Reform Foundation,ATR 2018 Tax Reform Priorities - Americans for Tax Reform,https://atr.org/atr-2018-tax-reform-priorities/,Search lead; not an availability finding
79,Americans for Tax Reform Foundation,ATR Opposes Restricting Stock Buybacks in NDAA - Americans for Tax Reform,https://atr.org/atr-opposes-restricting-stock-buybacks-in-ndaa/,Search lead; not an availability finding
79,Americans for Tax Reform Foundation,"NEWS 
WWW.ATR.ORG 
 
 
	  
FOR	  IMMEDIATE	  RE",https://www.atr.org/sites/default/files/assets/Obama%20Proposed%20442%20Tax%20Hikes%20Full%20List.pdf,Search lead; not an availability finding
79,Americans for Tax Reform Foundation,Left-Wing Montana Activists Prepare Push for Regressive Cigarette Tax Hike - Americans for Tax Reform,https://atr.org/left-wing-montana-activists-prepare-push-for-regressive-cigarette-tax-hike/,Search lead; not an availability finding
80,Ideas Beyond Borders,"Ideas Beyond Borders, Inc.",https://ideasbeyondborders.org/wp-content/uploads/2025/08/2024-Financial-Report.pdf,Search lead; not an availability finding
80,Ideas Beyond Borders,Afghanistan Translation Program: Expanding Knowledge Access in Dari & Pashto – Ideas Beyond Borders,https://ideasbeyondborders.org/program/afghanistan-translation-program/,Search lead; not an availability finding
80,Ideas Beyond Borders,Objectivist Center of Iraq: Inspiring Independent Minds – Ideas Beyond Borders,https://ideasbeyondborders.org/program/objectivist-center-of-iraq/,Search lead; not an availability finding
80,Ideas Beyond Borders,"November 14, 2023",https://ideasbeyondborders.org/wp-content/uploads/2024/05/IBB-2022-990.pdf,Search lead; not an availability finding
80,Ideas Beyond Borders,"Q4 Highlights: Education, Reforms, and New Publications",https://ideasbeyondborders.org/q4-2025-review-schools-remained-open-laws-moved-forward-access-expanded/,Search lead; not an availability finding
80,Ideas Beyond Borders,About Us – Ideas Beyond Borders,https://ideasbeyondborders.org/about-us/,Search lead; not an availability finding
80,Ideas Beyond Borders,0fa67916.tif,https://ideasbeyondborders.org/wp-content/uploads/2024/04/IBB-2017-990-FINAL.pdf,Search lead; not an availability finding
80,Ideas Beyond Borders,A SELECTION OF OUR STUDENTS,https://ideasbeyondborders.org/wp-content/uploads/2026/02/2023-Annual-Report-single-pages.pdf,Search lead; not an availability finding
80,Ideas Beyond Borders,How Philosophy Workshops Help Students in Iraq and Syria Think Through Real-Life Decisions,https://ideasbeyondborders.org/philosophy-by-design-students-test-ideas-against-real-life/,Search lead; not an availability finding
80,Ideas Beyond Borders,Inside Ideas Beyond Borders’ 2025 Plan to Scale Education Across the Middle East,https://ideasbeyondborders.org/ibbs-2025-vision-in-action/,Search lead; not an availability finding
80,Ideas Beyond Borders,“They Messed With the Wrong Student”: How One Iraqi Fought Academic Censorship,https://ideasbeyondborders.org/they-messed-with-the-wrong-student/,Search lead; not an availability finding
80,Ideas Beyond Borders,Contact Us – Ideas Beyond Borders,https://ideasbeyondborders.org/contact-us/,Search lead; not an availability finding
80,Ideas Beyond Borders,English Classes Offer a Way Out for Afghan Women and Girls – Ideas Beyond Borders,https://ideasbeyondborders.org/english-classes-offer-a-way-out-for-afghan-women-and-girls/,Search lead; not an availability finding
80,Ideas Beyond Borders,House of Wisdom 2.0: Reviving Critical Thinking in the Middle East – Ideas Beyond Borders,https://ideasbeyondborders.org/program/house-of-wisdom-2-0/,Search lead; not an availability finding
80,Ideas Beyond Borders,Book Faisal – Ideas Beyond Borders,https://ideasbeyondborders.org/book-faisal/,Search lead; not an availability finding
81,Arkansas Center for Research in Economics (ACRE),Adcock Study Abroad Scholarship,https://uca.edu/globalstudy/adcock-scholarship/,Search lead; not an availability finding
81,Arkansas Center for Research in Economics (ACRE),Professional Development Funding — Staff Senate,https://uca.edu/staffsenate/professional-development-funding/,Search lead; not an availability finding
81,Arkansas Center for Research in Economics (ACRE),"MFA Film Applications — Film, Theatre, and Creative Writing",https://uca.edu/ftcw/film-mfa-applications/,Search lead; not an availability finding
81,Arkansas Center for Research in Economics (ACRE),Emergency Textbook Grants,https://uca.edu/osac/emergency-textbook-grants/,Search lead; not an availability finding
81,Arkansas Center for Research in Economics (ACRE),Research Awards,https://uca.edu/cose/research-awards/,Search lead; not an availability finding
81,Arkansas Center for Research in Economics (ACRE),University of Central Arkansas,https://uca.edu/scholarships/files/2026/04/2027-2028-Schedler-Honors-Entering-Scholarship-Policy-Updated.pdf,Search lead; not an availability finding
81,Arkansas Center for Research in Economics (ACRE),"​
​
 
 
 
University Scholarship Policy 
2027-2028",https://uca.edu/scholarships/files/2025/12/2027-2028-Honors-to-Honors-Scholarship-Policy.pdf,Search lead; not an availability finding
81,Arkansas Center for Research in Economics (ACRE),2027-2028 Schedler Honors Track II Scholarship Policy-Final,https://uca.edu/scholarships/files/2025/12/2027-2028-Schedler-Honors-Track-II-Scholarship-Policy.pdf,Search lead; not an availability finding
81,Arkansas Center for Research in Economics (ACRE),Student Undergraduate Research Fellowship (SURF) – Office of Grants and Sponsored Research,https://uca.edu/sponsoredprograms/surf/,Search lead; not an availability finding
81,Arkansas Center for Research in Economics (ACRE),"Public Scholarships, Fellowships and Other Opportunities",https://uca.edu/globalstudy/public-scholarships-fellowships-and-other-opportunities/,Search lead; not an availability finding
81,Arkansas Center for Research in Economics (ACRE),Fellowship and Scholarship Opportunities,https://uca.edu/fellowships/index-of-fellowships-2/,Search lead; not an availability finding
81,Arkansas Center for Research in Economics (ACRE),26-27 Transfer Scholarship,https://uca.edu/scholarships/files/2026/01/26-27-Transfer-Scholarship-Updated.pdf,Search lead; not an availability finding
81,Arkansas Center for Research in Economics (ACRE),Distinguished Alumni Nominations — Advancement,https://uca.edu/advancement/distinguished-alumni-nominations/,Search lead; not an availability finding
81,Arkansas Center for Research in Economics (ACRE),University Program Policy,https://uca.edu/commitment/files/2026/04/2026-2027-UCA-Commitment-Policy_04.2026.pdf,Search lead; not an availability finding
81,Arkansas Center for Research in Economics (ACRE),Semester Exchange or Direct Enroll Scholarships,https://uca.edu/globalstudy/study-abroad-scholarships/exchange-scholarships/,Search lead; not an availability finding
81,Arkansas Center for Research in Economics (ACRE),Short Term Study Abroad Scholarship (Undergraduate Freshman),https://uca.edu/globalstudy/short-term-study-abroad-scholarship-undergraduate-freshman/,Search lead; not an availability finding
81,Arkansas Center for Research in Economics (ACRE),2027-2028 Transfer Scholarship Policy-Final,https://uca.edu/scholarships/files/2025/12/2027-2028-Transfer-Scholarship-Policy.pdf,Search lead; not an availability finding
81,Arkansas Center for Research in Economics (ACRE),"Scholarships, Workshops, Residency and Internship Opportunities — Art and Design",https://uca.edu/art/current-students/scholarships-employment/,Search lead; not an availability finding
82,EdChoice,Educational Freedom Does Not Gamble with Students’ Futures - EdChoice,https://www.edchoice.org/2026-educational-freedom-does-not-gamble-with-students-futures/,Search lead; not an availability finding
82,EdChoice,Creating Hope & Opportunity for Our Students’ Education - EdChoice,https://www.edchoice.org/school-choice/programs/creating-hope-opportunity-for-our-students-education/,Search lead; not an availability finding
82,EdChoice,A Parent’s Guide to the Federal Tax Credit for Scholarships - EdChoice,https://www.edchoice.org/2026-parents-guide-to-the-federal-tax-credit-for-scholarships/,Search lead; not an availability finding
82,EdChoice,Iowa ESA Sign Up - EdChoice,https://www.edchoice.org/iowa-esa/,Search lead; not an availability finding
82,EdChoice,South Carolina,https://www.edchoice.org/wp-content/uploads/2023/11/ABCs-2024-Online.pdf,Search lead; not an availability finding
82,EdChoice,SOUTH CAROLINA,https://www.edchoice.org/wp-content/uploads/2025/01/2025-ABCs-of-School-Choice.pdf,Search lead; not an availability finding
82,EdChoice,What Are the Income Cut-Offs for the New Federal Tax-Credit Scholarship Program? - EdChoice,https://www.edchoice.org/2025-what-are-the-income-cut-offs-for-the-new-federal-tax-credit-scholarship-program/,Search lead; not an availability finding
82,EdChoice,"Funding Expands, Access Grows, and New Battles Emerge in 2026 - EdChoice",https://www.edchoice.org/funding-expands-access-grows-and-new-battles-emerge-in-2026/,Search lead; not an availability finding
82,EdChoice,Indiana - School Scholarship Tax Credit,https://www.edchoice.org/school-choice/programs/indiana-school-scholarship-tax-credit/,Search lead; not an availability finding
82,EdChoice,Florida - Family Empowerment Scholarship for Students with Unique Abilities,https://www.edchoice.org/school-choice/programs/family-empowerment-scholarship-for-students-with-unique-abilities/,Search lead; not an availability finding
82,EdChoice,How Pennsylvania Shatters National Narratives Around School Choice - EdChoice,https://www.edchoice.org/2026-pennsylvania-shatters-national-narratives-around-school-choice/,Search lead; not an availability finding
82,EdChoice,Utah Fits All Scholarship Program - EdChoice,https://www.edchoice.org/school-choice/programs/utah-fits-all-scholarship-program/,Search lead; not an availability finding
82,EdChoice,Arizona’s Universal ESA Doesn’t Need Saving - EdChoice,https://www.edchoice.org/2026-arizonas-universal-esa-doesnt-need-saving/,Search lead; not an availability finding
82,EdChoice,North Carolina Education Student Accounts (ESA+) - EdChoice,https://www.edchoice.org/school-choice/programs/personal-education-student-account-for-children-with-disabilities/,Search lead; not an availability finding
83,Manuel H. Johnson Center for Political Economy,Admitted Students | Troy University,https://www.troy.edu/applications-admissions/orientation/,Search lead; not an availability finding
83,Manuel H. Johnson Center for Political Economy,Admitted Student Checklist | Troy University,https://www.troy.edu/applications-admissions/orientation/admitted-student-checklist.html,Search lead; not an availability finding
83,Manuel H. Johnson Center for Political Economy,National Board for Professional Teaching Standards (NBPTS) Support,https://www.troy.edu/academics/colleges-schools/education-and-behavioral-sciences/departments/educational-outreach/southeast-alabama-regional-inservice-center/national-board-for-professional-teaching-standards/index.html,Search lead; not an availability finding
83,Manuel H. Johnson Center for Political Economy,National Board for Professional Teaching Standards (NBPTS) Support,https://www.troy.edu/academics/colleges-schools/education-and-behavioral-sciences/departments/educational-outreach/southeast-alabama-regional-inservice-center/national-board-for-professional-teaching-standards/,Search lead; not an availability finding
83,Manuel H. Johnson Center for Political Economy,'Just Start' Youth Entrepreneurship Academy registration is now open - Troy Today,https://today.troy.edu/news/entrepreneurship-academy-2026/,Search lead; not an availability finding
83,Manuel H. Johnson Center for Political Economy,Graduate Assistants | Troy University,https://www.troy.edu/academics/colleges-schools/graduate-school/graduate-assistants.html,Search lead; not an availability finding
83,Manuel H. Johnson Center for Political Economy,Sound of the South | Troy University,https://www.troy.edu/academics/colleges-schools/college-arts-humanities/departments/john-m-long-school-music/sound-of-the-south/index.html?TID=2225,Search lead; not an availability finding
83,Manuel H. Johnson Center for Political Economy,IDEA Bank | Troy University,https://www.troy.edu/community-outreach/idea-bank/index.html?trumbaEmbed=view%3Devent%26eventid%3D180126714,Search lead; not an availability finding
83,Manuel H. Johnson Center for Political Economy,Troy Campus | Troy University,https://www.troy.edu/about-us/troy-campus/index.html/academiccalendar.html,Search lead; not an availability finding
83,Manuel H. Johnson Center for Political Economy,Center for International Programs | Troy University,https://www.troy.edu/international/index.html,Search lead; not an availability finding
83,Manuel H. Johnson Center for Political Economy,Scholarships | Troy University,https://www.troy.edu/scholarships-costs-aid/scholarships/index.html,Search lead; not an availability finding
83,Manuel H. Johnson Center for Political Economy,John M. Long School of Music | Troy University,https://www.troy.edu/academics/colleges-schools/college-arts-humanities/departments/john-m-long-school-music/index.html/1000,Search lead; not an availability finding
83,Manuel H. Johnson Center for Political Economy,7U FINANCIAL ASST.pub,https://www.troy.edu/_assets/catalogs/_documents/2009-10/undergraduate/7u-financial-asst.pdf,Search lead; not an availability finding
84,"William F. Buckley, Jr. Program at Yale",Home Page - Buckley Institute,https://buckleyinstitute.com/,Search lead; not an availability finding
84,"William F. Buckley, Jr. Program at Yale",Programs Archive - Buckley Institute,https://buckleyinstitute.com/programs,Search lead; not an availability finding
84,"William F. Buckley, Jr. Program at Yale",Buckley Program Fellowship - Buckley Institute,https://buckleyinstitute.com/programs/buckley-fellowship/,Search lead; not an availability finding
84,"William F. Buckley, Jr. Program at Yale",Multi-Day Seminars - Buckley Institute,https://buckleyinstitute.com/programs/multi-day-seminars/,Search lead; not an availability finding
84,"William F. Buckley, Jr. Program at Yale",Funded Summer Internships - Buckley Institute,https://buckleyinstitute.com/programs/funded-summer-internships/,Search lead; not an availability finding
84,"William F. Buckley, Jr. Program at Yale",Lux et Veritas Leadership Program - Buckley Institute,https://buckleyinstitute.com/programs/lux-et-veritas-leadership-program/,Search lead; not an availability finding
84,"William F. Buckley, Jr. Program at Yale",NOW HIRING: Director of Programs - Buckley Institute,https://buckleyinstitute.com/now-hiring-director-of-programs/,Search lead; not an availability finding
84,"William F. Buckley, Jr. Program at Yale","Washington, D.C. Fellowship - Buckley Institute",https://buckleyinstitute.com/programs/washington-dc-fellowship/,Search lead; not an availability finding
84,"William F. Buckley, Jr. Program at Yale",NOW HIRING: Programs Associate - Buckley Institute,https://buckleyinstitute.com/now-hiring-programs-associate/,Search lead; not an availability finding
84,"William F. Buckley, Jr. Program at Yale",Fall Break Seminar: Aristotle on the Good Life - Buckley Institute,https://buckleyinstitute.com/events/fall-break-seminar-aristotle-on-the-good-life/,Search lead; not an availability finding
84,"William F. Buckley, Jr. Program at Yale",Buckley Institute Announces the Mark Palmer Fellowship Fund - Buckley Institute,https://buckleyinstitute.com/buckley-institute-announces-the-establishment-of-the-mark-palmer-fellowship-fund/,Search lead; not an availability finding
84,"William F. Buckley, Jr. Program at Yale","Washington, D.C. Fellowship - Buckley Institute",https://buckleyinstitute.com/washington-dc-fellowship/,Search lead; not an availability finding
84,"William F. Buckley, Jr. Program at Yale",FIRING LINE DEBATES,https://buckleyinstitute.com/content/uploads/2022/12/2017-2018-Annual-Report.pdf,Search lead; not an availability finding
84,"William F. Buckley, Jr. Program at Yale",Student Fellowship,https://buckleyinstitute.com/content/uploads/2025/07/Buckley-Program-Annual-Report-2025-DIGITAL.pdf,Search lead; not an availability finding
84,"William F. Buckley, Jr. Program at Yale","The William F. Buckley, Jr.",https://buckleyinstitute.com/content/uploads/2022/12/2018-2019-Annual-Report.pdf,Search lead; not an availability finding
85,American Federation for Children,FELLOWSHIP - American Federation for Children,https://www.federationforchildren.org/fellowship/,Search lead; not an availability finding
85,American Federation for Children,AFC FELLOWSHIP PROGRAM APPLICATION​ - American Federation for Children,https://www.federationforchildren.org/afc-fellowship-program-application/,Search lead; not an availability finding
85,American Federation for Children,New Analysis Estimates Nearly 52 Million Children Nationwide Qualify for Federal Education Freedom Tax Credit Scholarships - American Federation for Children,https://www.federationforchildren.org/new-analysis-estimates-nearly-52-million-children-nationwide-qualify-for-federal-education-freedom-tax-credit-scholarships/,Search lead; not an availability finding
85,American Federation for Children,New Report Estimates 121.5 Million Taxpayers Are Eligible to Claim the Education Freedom Tax Credit in 2027 - American Federation for Children,https://www.federationforchildren.org/new-report-estimates-121-5-million-taxpayers-are-eligible-to-claim-the-education-freedom-tax-credit-in-2027/,Search lead; not an availability finding
85,American Federation for Children,American Federation for Children celebrates launch of Texas Education Freedom Accounts (TEFA) - American Federation for Children,https://www.federationforchildren.org/american-federation-for-children-celebrates-launch-of-texas-education-freedom-accounts-tefa/,Search lead; not an availability finding
85,American Federation for Children,ALABAMA - American Federation for Children,https://www.federationforchildren.org/project/alabama/,Search lead; not an availability finding
85,American Federation for Children,AFC Urges New Hampshire Families to Apply for Education Freedom Accounts for 2026–2027 School Year - American Federation for Children,https://www.federationforchildren.org/afc-urges-new-hampshire-families-to-apply-for-education-freedom-accounts-for-2026-2027-school-year/,Search lead; not an availability finding
85,American Federation for Children,PROGRAMS & ELIGIBILITY - American Federation for Children,https://www.federationforchildren.org/school-choice-in-america/programs-and-eligibility/,Search lead; not an availability finding
85,American Federation for Children,AFC Scholarship Fund and Step Up for Students to Partner and Bring Education Freedom Tax Credit to Florida Students and Families - American Federation for Children,https://www.federationforchildren.org/afc-scholarship-fund-and-step-up-for-students-to-partner-and-bring-education-freedom-tax-credit/,Search lead; not an availability finding
85,American Federation for Children,"Texas Education Freedom Account Program Surpasses 100,000 Applications - American Federation for Children",https://www.federationforchildren.org/texas-education-freedom-account-program-surpasses-100000-applications/,Search lead; not an availability finding
85,American Federation for Children,GEORGIA - American Federation for Children,https://www.federationforchildren.org/project/georgia/,Search lead; not an availability finding
85,American Federation for Children,BMM Fellows - American Federation for Children,https://www.federationforchildren.org/bmm-fellows-form/,Search lead; not an availability finding
85,American Federation for Children,FUTURE LEADERS FELLOWSHIP,https://www.federationforchildren.org/wp-content/uploads/2024/05/05.10.2024-One-Sheet-FLF-2025-application.pdf,Search lead; not an availability finding
86,Media Research Center,Job Application | Media Research Center,https://mrc.org/apply-now,Search lead; not an availability finding
86,Media Research Center,Intern Coordinator | Media Research Center,https://mrc.org/jobs/intern-coordinator,Search lead; not an availability finding
86,Media Research Center,Internships | Media Research Center,https://mrc.org/internships,Search lead; not an availability finding
86,Media Research Center,MRC's Internship Program Descriptions -- Media Research Center,https://archive.mrc.org/jobs/intern/description.asp,Search lead; not an availability finding
86,Media Research Center,Terms of Use Agreement | Media Research Center,https://mrc.org/terms-of-use-agreement,Search lead; not an availability finding
86,Media Research Center,NPGTest | Media Research Center,https://mrc.org/npgtest,Search lead; not an availability finding
86,Media Research Center,,https://archive.mrc.org/jobs/intern/faq.asp,Search lead; not an availability finding
86,Media Research Center,MRC Job Postings,https://archive.mrc.org/jobs/jobs.aspx,Search lead; not an availability finding
86,Media Research Center,Fair and Just Prosecution Summer Fellows Program,https://cdn.mrc.org/static/pdfuploads/Krinsky004168.pdf-1715196602126.pdf,Search lead; not an availability finding
86,Media Research Center,This message is from outside the City email system. Do not open links or attachments from untrusted sources.,https://cdn.mrc.org/static/pdfuploads/Krinsky002510.pdf-1715184401343.pdf,Search lead; not an availability finding
86,Media Research Center,Job Postings -- Media Research Center,https://archive.mrc.org/jobs/jobs.asp,Search lead; not an availability finding
86,Media Research Center,CELEBRATING 35 YEARS,https://cdn.mrc.org/2025-11/annual_report_2022.pdf,Search lead; not an availability finding
86,Media Research Center,About the Media Research Center,https://archive.mrc.org/about/about.aspx,Search lead; not an availability finding
86,Media Research Center,Join the next class of MRC interns!,https://legacy.mrc.org/internships,Search lead; not an availability finding
86,Media Research Center,We are just beginning the recruitment and application season for the 2022 summer and are excited by the applications we have received thus far. We also are hoping this year to continue to see students who bring diversity to the program and to grow the opportunity for students to split time with a DA’s office and a public defender’s office in another jurisdiction or at an advocacy organization.,https://cdn.mrc.org/static/pdfuploads/Krinsky004164.pdf-1715195864084.pdf,Search lead; not an availability finding
87,Ayn Rand Institute (ARI),ARI Intellectual Incubator - AynRand.org,https://aynrand.org/intellectual-incubator/,Search lead; not an availability finding
87,Ayn Rand Institute (ARI),Apply for a Scholarship to Attend OCON 2026,https://events.aynrand.org/ocon-2026/scholarships/,Search lead; not an availability finding
87,Ayn Rand Institute (ARI),AynRandCon-USA 2026 Scholarship,https://events.aynrand.org/arcus/scholarships/,Search lead; not an availability finding
87,Ayn Rand Institute (ARI),"newsletter
of the
Ayn Rand Institute

ARI
Ayn
Rand",https://ari.aynrand.org/wp-content/uploads/2019/08/IMPACT_201302WEB.pdf,Search lead; not an availability finding
87,Ayn Rand Institute (ARI),Communicating Ideas: Writing II Fall 2026 - Winter 2027 - ARU,https://learn.aynrand.org/courses/communicating-ideas-writing-ii-fall-2026-winter-2027/,Search lead; not an availability finding
87,Ayn Rand Institute (ARI),"newsletter
of the
Ayn Rand Institute

ARI
Ayn
Rand",https://ari.aynrand.org/wp-content/uploads/2019/08/IMPACT_201201_WEB.pdf,Search lead; not an availability finding
87,Ayn Rand Institute (ARI),"Volume 15, Number 1, January 2009",https://ari.aynrand.org/wp-content/uploads/2019/08/IMPACT_200901_PRINT_Web.pdf,Search lead; not an availability finding
87,Ayn Rand Institute (ARI),GET INVOLVED,https://aynrand.org/wp-content/uploads/2021/05/ARI_Get-Involved_Careers3_20210503.pdf,Search lead; not an availability finding
87,Ayn Rand Institute (ARI),Essay Contests - AynRand.org,https://aynrand.org/students/essay-contests-/,Search lead; not an availability finding
87,Ayn Rand Institute (ARI),Conceptual Education Fellowship - AynRand.org,https://aynrand.org/educators/conceptual-education-fellowship/,Search lead; not an availability finding
87,Ayn Rand Institute (ARI),AynRandCon Australia 2024 - Brisbane,https://events.aynrand.org/arcau/,Search lead; not an availability finding
87,Ayn Rand Institute (ARI),GET INVOLVED,https://aynrand.org/wp-content/uploads/2019/07/Careers.pdf,Search lead; not an availability finding
87,Ayn Rand Institute (ARI),AynRandCon-USA 2026,https://events.aynrand.org/arcus/,Search lead; not an availability finding
87,Ayn Rand Institute (ARI),Student Discount Application for ARI Live Courses - ARU,https://learn.aynrand.org/discount-ari-live-courses/,Search lead; not an availability finding
87,Ayn Rand Institute (ARI),New Student Pass | 2025 – Ayn Rand Institute,https://aru.aynrand.org/product/new-student-pass-2025/,Search lead; not an availability finding
87,Ayn Rand Institute (ARI),"Volume 14, Number 7, July 2008",https://ari.aynrand.org/wp-content/uploads/2019/08/IMPACT_200807_PRINT.pdf,Search lead; not an availability finding
87,Ayn Rand Institute (ARI),Ayn Rand Institute,https://aynrand.org/?p=8157,Search lead; not an availability finding
87,Ayn Rand Institute (ARI),Globalization: Who Needs It - Summer 2026 - ARU,https://learn.aynrand.org/courses/globalization-who-needs-it/,Search lead; not an availability finding
88,The Atlas Society,Galt's Gulch 2027,https://www.atlassociety.org/galts-gulch-2027,Search lead; not an availability finding
88,The Atlas Society,Galt's Gulch 2027,https://www.atlassociety.org/fr/galts-gulch-2027,Search lead; not an availability finding
88,The Atlas Society,Galt's Gulch 2027,https://www.atlassociety.org/ar/galts-gulch-2027,Search lead; not an availability finding
88,The Atlas Society,"The Atlas Society Presents Galt's Gulch 2025 | Austin, Texas",https://www.atlassociety.org/galts-gulch-2025,Search lead; not an availability finding
88,The Atlas Society,Bring Us to Your Campus | The Atlas Society,https://www.atlassociety.org/student-programs/bring-us-to-your-campus,Search lead; not an availability finding
88,The Atlas Society,The Atlas Society is Hiring | The Atlas Society,https://www.atlassociety.org/post/the-atlas-society-is-hiring,Search lead; not an availability finding
88,The Atlas Society,"Galt's Gulch in Nashville, TN | July 27-29 2023",https://www.atlassociety.org/galtsgulchsummit2023,Search lead; not an availability finding
88,The Atlas Society,Schools for Individualists: TNI's Interview with Marsha Familaro Enright | جمعية أطلس,https://www.atlassociety.org/ar/post/schools-for-individualists-tnis-interview-with-marsha-familaro-enright,Search lead; not an availability finding
90,Clemson Institute for the Study of Capitalism,2027 GWI Scholars Program (Free Education & Experiences) – Center for Career and Professional Development | Clemson University,https://career.clemson.edu/jobs/girls-who-invest-gwi-2027-gwi-scholars-program-free-education-experiences/,Search lead; not an availability finding
90,Clemson Institute for the Study of Capitalism,"Intern, Communications – Center for Career and Professional Development | Clemson University",https://career.clemson.edu/jobs/one-gas-intern-communications/,Search lead; not an availability finding
90,Clemson Institute for the Study of Capitalism,U.S. Department of State Paid Student Internship Program – Spring 2027 and Summer 2027 – Center for Career and Professional Development | Clemson University,https://career.clemson.edu/jobs/department-of-state-agency-wide-department-of-state-u-s-department-of-state-paid-student-internship-program-spring-2027-and-summer-2027/,Search lead; not an availability finding
90,Clemson Institute for the Study of Capitalism,Government & Political Science Internship – Summer 2027 – Center for Career and Professional Development | Clemson University,https://career.clemson.edu/jobs/united-launch-alliance-government-political-science-internship-summer-2027/,Search lead; not an availability finding
90,Clemson Institute for the Study of Capitalism,Summer 2027 IT Intern – Center for Career and Professional Development | Clemson University,https://career.clemson.edu/jobs/one-gas-summer-2027-it-intern/,Search lead; not an availability finding
90,Clemson Institute for the Study of Capitalism,"Intern, Engineering – Center for Career and Professional Development | Clemson University",https://career.clemson.edu/jobs/one-gas-intern-engineering/,Search lead; not an availability finding
90,Clemson Institute for the Study of Capitalism,CS GRADUATE,https://www.clemson.edu/graduate/about/stem-industry-initiatives/graduate-school-gra-stem-and-industry-admissions-form-faq-04082026.pdf,Search lead; not an availability finding
90,Clemson Institute for the Study of Capitalism,Undergrad Intern – Finance (Summer 2027) – Center for Career and Professional Development | Clemson University,https://career.clemson.edu/jobs/amgen-undergrad-intern-finance-summer-2027/,Search lead; not an availability finding
90,Clemson Institute for the Study of Capitalism,Summer 2027 Accounting & Finance Intern – Center for Career and Professional Development | Clemson University,https://career.clemson.edu/jobs/one-gas-summer-2027-accounting-finance-intern/,Search lead; not an availability finding
90,Clemson Institute for the Study of Capitalism,"Undergrad Intern – Operations – West Greenwich, RI (Summer 2027) – Center for Career and Professional Development | Clemson University",https://career.clemson.edu/jobs/amgen-undergrad-intern-operations-west-greenwich-ri-summer-2027/,Search lead; not an availability finding
90,Clemson Institute for the Study of Capitalism,2027 Resource Planning and Biometrics Internship – Center for Career and Professional Development | Clemson University,https://career.clemson.edu/jobs/american-forest-management-inc-2027-resource-planning-and-biometrics-internship/,Search lead; not an availability finding
90,Clemson Institute for the Study of Capitalism,Part-Time MBA in Entrepreneurship,https://www.clemson.edu/business/academics/mba/academics/entrepreneurship/pt-mbae.html,Search lead; not an availability finding
90,Clemson Institute for the Study of Capitalism,Graduate Student Guide,https://www.clemson.edu/science/_pdfs/biosci-grad-student-guide-24-25.pdf,Search lead; not an availability finding
90,Clemson Institute for the Study of Capitalism,FAR Program: Summer 2027 Internship – Risk & Compliance – Center for Career and Professional Development | Clemson University,https://career.clemson.edu/jobs/lpl-financial-far-program-summer-2027-internship-risk-compliance/,Search lead; not an availability finding
90,Clemson Institute for the Study of Capitalism,Markvan Bellamy Brooks Scholarship Info Sheet 2026,https://www.clemson.edu/centers-institutes/brooks-sports/documents/brooks-scholarship-info-sheet-2026.pdf,Search lead; not an availability finding
90,Clemson Institute for the Study of Capitalism,Clemson University Graduate School POLICIES & PROCEDURES,https://www.clemson.edu/graduate/_files/policy-handbook-2022-2023-second-published-edition.pdf,Search lead; not an availability finding
90,Clemson Institute for the Study of Capitalism,COUNSELOR GUIDE,https://media.clemson.edu/admissions/clemson-counselor-guide.pdf,Search lead; not an availability finding
92,Macdonald-Laurier Institute (MLI),How Canada’s skilled immigration system went off the rails – and how to fix it: Nino Melikidze and Steven Paolasini | Macdonald-Laurier Institute,https://macdonaldlaurier.ca/how-canadas-skilled-immigration-system-went-off-the-rails-and-how-to-fix-it-nino-melikidze-and-steven-paolasini/,Search lead; not an availability finding
92,Macdonald-Laurier Institute (MLI),What happens in Taiwan won’t stay in Taiwan: Christopher Coates in The Hamilton Spectator | Macdonald-Laurier Institute,https://macdonaldlaurier.ca/what-happens-in-taiwan-wont-stay-in-taiwan-christopher-coates-in-the-hamilton-spectator/,Search lead; not an availability finding
92,Macdonald-Laurier Institute (MLI),"MAY 2023
All eyes on Taiwan: Preserving 
a hard-wo",https://macdonaldlaurier.ca/wp-content/uploads/2023/05/20230515_Taiwan-election-2024-Cole-COMMENTARY-v1.pdf,Search lead; not an availability finding
92,Macdonald-Laurier Institute (MLI),Closed for business: The unravelling of Canada’s Start-Up Visa program: Nino Melikidze and Steven J. Paolasini | Macdonald-Laurier Institute,https://macdonaldlaurier.ca/closed-for-business-the-unravelling-of-canadas-start-up-visa-program-nino-melikidze-and-steven-j-paolasini/,Search lead; not an availability finding
92,Macdonald-Laurier Institute (MLI),Fixing Canada’s broken immigration system - Presenting more data to Parliament: Michael Barutciski | Macdonald-Laurier Institute,https://macdonaldlaurier.ca/fixing-canadas-broken-immigration-system-presenting-more-data-to-parliament-michael-barutciski/,Search lead; not an availability finding
92,Macdonald-Laurier Institute (MLI),The University of Pennsylvania’s “Think Tanks and Civic Societies” Program rated MLI,https://macdonaldlaurier.ca/mli-files/pdf/MLI_summer_internship_notice_2011.pdf,Search lead; not an availability finding
92,Macdonald-Laurier Institute (MLI),Is mass student immigration the solution – or the problem?: David L. Thomas for Inside Policy | Macdonald-Laurier Institute,https://macdonaldlaurier.ca/is-mass-student-immigration-the-solution-or-the-problem-david-l-thomas-for-inside-policy/,Search lead; not an availability finding
92,Macdonald-Laurier Institute (MLI),from accredited institutions. And governments are especially deferential to this expertise when it comes to institutions they do not directly fund.,https://macdonaldlaurier.ca/wp-content/uploads/2025/07/20250624_Crisis-of-conformity_FINAL.pdf,Search lead; not an availability finding
92,Macdonald-Laurier Institute (MLI),"The federal government is spending millions on equity, diversity, and inclusion research: Dave Snow in the Hub | Macdonald-Laurier Institute",https://macdonaldlaurier.ca/federal-government-spending-millions-on-equity-diversity-and-inclusion-research-dave-snow-in-the-hub/,Search lead; not an availability finding
92,Macdonald-Laurier Institute (MLI),China's infiltration and cooptation of Canadian research: Christian Leuprecht | Macdonald-Laurier Institute,https://macdonaldlaurier.ca/chinas-infiltration-and-cooptation-of-canadian-research-christian-leuprecht/,Search lead; not an availability finding
92,Macdonald-Laurier Institute (MLI),Summer internship | Macdonald-Laurier Institute,https://macdonaldlaurier.ca/summer-internship/,Search lead; not an availability finding
93,Montreal Economic Institute (MEI),Student Activities – IEDM/MEI,https://www.iedm.org/32359-student-activities/,Search lead; not an availability finding
93,Montreal Economic Institute (MEI),Contact Us – IEDM/MEI,https://www.iedm.org/contact/,Search lead; not an availability finding
93,Montreal Economic Institute (MEI),Quebec should follow Sweden’s voucher model for education – IEDM/MEI,https://www.iedm.org/quebec-should-follow-swedens-voucher-model-for-education/,Search lead; not an availability finding
93,Montreal Economic Institute (MEI),Energy in Canada 2024,https://www.iedm.org/wp-content/uploads/2024/10/ipsos_survey_energy_in_canada_september_2024.pdf,Search lead; not an availability finding
93,Montreal Economic Institute (MEI),"More Choice, Better Results: Building on Charter School Success in Alberta",https://www.iedm.org/wp-content/uploads/2025/09/economic-note-092025.pdf,Search lead; not an availability finding
93,Montreal Economic Institute (MEI),The Adoption of AI and the Threat to Innovation: Lessons from Europe – IEDM/MEI,https://www.iedm.org/the-adoption-of-ai-and-the-threat-to-innovation-lessons-from-europe/,Search lead; not an availability finding
93,Montreal Economic Institute (MEI),Vouchers Would Bring School Choice to Quebec – IEDM/MEI,https://www.iedm.org/vouchers-would-bring-school-choice-to-quebec/,Search lead; not an availability finding
93,Montreal Economic Institute (MEI),Adoption de l’IA et menace pour l’innovation: les leçons du cas européen – IEDM/MEI,https://www.iedm.org/fr/adoption-de-lia-et-menace-pour-linnovation-les-lecons-du-cas-europeen/,Search lead; not an availability finding
93,Montreal Economic Institute (MEI),"Quebec government unprepared for end of electricity surplus, says MEI – IEDM/MEI",https://www.iedm.org/quebec-government-unprepared-for-end-of-electricity-surplus-says-mei/,Search lead; not an availability finding
93,Montreal Economic Institute (MEI),Would Higher Tuition Fees Restrict Access to University Studies?,https://www.iedm.org/files/universites_en.pdf,Search lead; not an availability finding
93,Montreal Economic Institute (MEI),Quebec budget: Girard is leaving public finances in poor shape – IEDM/MEI,https://www.iedm.org/quebec-budget-girard-is-leaving-public-finances-in-poor-shape/,Search lead; not an availability finding
93,Montreal Economic Institute (MEI),Associate Researchers – IEDM/MEI,https://www.iedm.org/category/authors/associate-researchers/,Search lead; not an availability finding
93,Montreal Economic Institute (MEI),Activities – IEDM/MEI,https://www.iedm.org/31133-activities/,Search lead; not an availability finding
94,Aristotle Foundation for Public Policy,"<visual_element id=""e1"">",https://aristotlefoundation.org/wp-content/uploads/2025/01/DEI-and-academic-hiring-in-public-universities.pdf,Search lead; not an availability finding
94,Aristotle Foundation for Public Policy,Does the Government Hire for Competence? A survey of DEI hiring practices in the Canadian government - Aristotle Foundation,https://aristotlefoundation.org/study/does-the-government-hire-for-competence-a-survey-of-dei-hiring-practices-in-the-canadian-government/,Search lead; not an availability finding
94,Aristotle Foundation for Public Policy,"Student essay contest: $2,500 first prize - Aristotle Foundation",https://aristotlefoundation.org/press-releases/student-essay-contest-2500-first-prize/,Search lead; not an availability finding
94,Aristotle Foundation for Public Policy,Western & Northern Europe,https://aristotlefoundation.org/wp-content/uploads/2024/07/24-07-29-Teenagers-Children-and-Gender-Transition-Policy.pdf,Search lead; not an availability finding
94,Aristotle Foundation for Public Policy,LANDMARK STUDY SERIES,https://aristotlefoundation.org/?jet_download=9cac795e940a43a52579801d6e811d45c851e5ab,Search lead; not an availability finding
94,Aristotle Foundation for Public Policy,LANDMARK STUDY SERIES,https://aristotlefoundation.org/?jet_download=185cae1b149e9d68e06b4716394fea2dc0ecee7a,Search lead; not an availability finding
94,Aristotle Foundation for Public Policy,"It’s 2026, not 1867: A 21st-century review of population and representation in the House of Commons and Senate - Aristotle Foundation",https://aristotlefoundation.org/study/its-2026-not-1867-a-21st-century-review-of-population-and-representation-in-the-house-of-commons-and-senate/,Search lead; not an availability finding
94,Aristotle Foundation for Public Policy,"<visual_element id=""e1"">",https://aristotlefoundation.org/wp-content/uploads/2025/01/2025-01-29-Hunt-et-al._University-Discrimination-Index.pdf,Search lead; not an availability finding
94,Aristotle Foundation for Public Policy,"More choice, more savings: How educational choice saves Alberta taxpayers billions - Aristotle Foundation",https://aristotlefoundation.org/study/more-choice-more-savings-how-educational-choice-saves-alberta-taxpayers-billions/,Search lead; not an availability finding
94,Aristotle Foundation for Public Policy,Canada’s activist academy and the rise of anti-Zionism - Aristotle Foundation,https://aristotlefoundation.org/columns/canadas-activist-academy-and-the-rise-of-anti-zionism/,Search lead; not an availability finding
94,Aristotle Foundation for Public Policy,Reality Check: Digital education is failing our children  - Aristotle Foundation,https://aristotlefoundation.org/press-releases/reality-check-digital-education-is-failing-our-children/,Search lead; not an availability finding
94,Aristotle Foundation for Public Policy,DEI and academic hiring in public universities: An index of university discrimination in Canada - Aristotle Foundation,https://aristotlefoundation.org/study/dei-and-academic-hiring-in-public-universities-an-index-of-university-discrimination-in-canada/,Search lead; not an availability finding
95,Canadian Constitution Foundation,Home - Canadian Constitution Foundation,https://theccf.ca/,Search lead; not an availability finding
95,Canadian Constitution Foundation,AR 2025,https://theccf.ca/wp-content/uploads/AR-2025.pdf,Search lead; not an availability finding
95,Canadian Constitution Foundation,Alberta Court of Appeal to hear challenge to Calgary bubble zone bylaw - Canadian Constitution Foundation,https://theccf.ca/alberta-court-of-appeal-to-hear-challenge-to-calgary-bubble-zone-bylaw/,Search lead; not an availability finding
95,Canadian Constitution Foundation,Court File No. CV-21-00658538-0000,https://theccf.ca/wp-content/uploads/Factum-Applicants-CCF-et-al.-11-JUN-2021.pdf,Search lead; not an availability finding
95,Canadian Constitution Foundation,Submit your case - Canadian Constitution Foundation,https://theccf.ca/casesubmission/,Search lead; not an availability finding
95,Canadian Constitution Foundation,Plaintiffs' Final Argument with corrections and tab #s.  (00237671.DOCX;2),https://theccf.ca/wp-content/uploads/Plaintiffs-Final-Argument-Final-Version.pdf,Search lead; not an availability finding
95,Canadian Constitution Foundation,Job Posting: Constitutional Lawyer (8-10 Month Contract) - Canadian Constitution Foundation,https://theccf.ca/job-posting-constitutional-lawyer/,Search lead; not an availability finding
95,Canadian Constitution Foundation,FREE eBook: Section 33 on Trial - Canadian Constitution Foundation,https://theccf.ca/section33book/,Search lead; not an availability finding
95,Canadian Constitution Foundation,Censorship Defence Fund - Canadian Constitution Foundation,https://theccf.ca/defencefund/,Search lead; not an availability finding
95,Canadian Constitution Foundation,GRATL & COMPANY,https://theccf.ca/wp-content/uploads/Letter-to-Syilx-Okanagan-Nation-April-10-2025-w-attchmnt.pdf,Search lead; not an availability finding
95,Canadian Constitution Foundation,Bill C-9 has passed. Here's what you need to know. - Canadian Constitution Foundation,https://theccf.ca/bill-c-9-has-passed-heres-what-you-need-to-know/,Search lead; not an availability finding
95,Canadian Constitution Foundation,IN THE SUPREME COURT OF BRITISH COLUMBIA,https://theccf.ca/wp-content/uploads/Justice-Hinkson-re-Kassian-v.-British-Columbia-09-12.pdf,Search lead; not an availability finding
95,Canadian Constitution Foundation,UBC petition - Canadian Constitution Foundation,https://theccf.ca/save-academic-freedom/,Search lead; not an availability finding
95,Canadian Constitution Foundation,Federal Court of Appeal Emergencies Act Decision: Your Questions Answered - Canadian Constitution Foundation,https://theccf.ca/federal-court-of-appeal-emergencies-act-decision-your-questions-answered/,Search lead; not an availability finding
95,Canadian Constitution Foundation,Toronto's Right to Bike Lanes (Cycle Toronto v Ontario) - Canadian Constitution Foundation,https://theccf.ca/?case=torontos-right-to-bike-lanes-cycle-toronto-v-ontario,Search lead; not an availability finding
95,Canadian Constitution Foundation,Judge cuts down scope of Calgary bubble zone bylaw; CCF calls on city to fully repeal - Canadian Constitution Foundation,https://theccf.ca/judge-cuts-down-scope-of-calgary-bubble-zone-bylaw-ccf-calls-on-city-to-fully-repeal/,Search lead; not an availability finding
96,Justice Centre for Constitutional Freedoms,Careers | Justice Centre for Constitutional Freedoms,https://www.jccf.ca/careers/,Search lead; not an availability finding
96,Justice Centre for Constitutional Freedoms,RCP-E 68A,https://www.jccf.ca/wp-content/uploads/2022/03/Fresh-as-Amended-Notice-of-Application_Redacted-1.pdf,Search lead; not an availability finding
96,Justice Centre for Constitutional Freedoms,"(“Widdowson”) was to provide on February 1, 2023 (the “Event”) no other controversial",https://www.jccf.ca/wp-content/uploads/2023/08/230731-Affidavit-of-Jonah-Pickle-FILED_Redacted.pdf,Search lead; not an availability finding
96,Justice Centre for Constitutional Freedoms,Table of Contents,https://www.jccf.ca/wp-content/uploads/2013/02/Affidavit-of-Kevin-Arriola-and-Exhibits-2.pdf,Search lead; not an availability finding
96,Justice Centre for Constitutional Freedoms,Microsoft Word - INDEX-APPLICANT'S RECORD Jeremy 5.docx,https://www.jccf.ca/wp-content/uploads/2020/08/2020-8-5-Applicants-Record.pdf,Search lead; not an availability finding
96,Justice Centre for Constitutional Freedoms,NOV - 1 2016,https://www.jccf.ca/wp-content/uploads/2019/11/Affidavit-of-Petitioner_Redacted.pdf,Search lead; not an availability finding
96,Justice Centre for Constitutional Freedoms,IN THE SUPREME COURT OF BRITISH COLUMBIA,https://www.jccf.ca/wp-content/uploads/2025/04/Chief-Justice-Skolrood-re-ONeill-v.-British-Columbia-Minister-of-Health-04-01.pdf,Search lead; not an availability finding
96,Justice Centre for Constitutional Freedoms,BC Court of Appeal revives UBC Free Speech Club constitutional challenge | Justice Centre for Constitutional Freedoms,https://www.jccf.ca/bc-court-of-appeal-revives-ubc-free-speech-club-constitutional-challenge/,Search lead; not an availability finding
96,Justice Centre for Constitutional Freedoms,Former BC nurse Amy Hamm's free expression appeal attracts five intervention applications | Justice Centre for Constitutional Freedoms,https://www.jccf.ca/former-bc-nurse-amy-hamms-free-expression-appeal-attracts-five-intervention-applications/,Search lead; not an availability finding
96,Justice Centre for Constitutional Freedoms,"Student expelled for declining Covid injection, files human rights complaint against NAIT | Justice Centre for Constitutional Freedoms",https://www.jccf.ca/student-expelled-for-declining-covid-injection-files-human-rights-complaint-against-nait/,Search lead; not an availability finding
96,Justice Centre for Constitutional Freedoms,Court challenge defends political speech after human rights complaints over flyers | Justice Centre for Constitutional Freedoms,https://www.jccf.ca/court-challenge-defends-political-speech-after-human-rights-complaints-over-flyers/,Search lead; not an availability finding
96,Justice Centre for Constitutional Freedoms,Get Help | Justice Centre for Constitutional Freedoms,https://www.jccf.ca/get-help/,Search lead; not an availability finding
97,Cardus,Entrepreneurial NextGEN (ENG) Fellowship | Cardus,https://www.cardus.ca/eng/,Search lead; not an availability finding
97,Cardus,Cardus announces partnership with ELO Network | Cardus,https://www.cardus.ca/news/news-releases/cardus-announces-partnership-with-elo-network/,Search lead; not an availability finding
97,Cardus,Cardus Launches Fellowship to Equip the Next Generation of Christian Business Leaders | Cardus,https://www.cardus.ca/news/news-releases/cardus-launches-fellowship-to-equip-the-next-generation-of-christian-business-leaders/?lang=en,Search lead; not an availability finding
97,Cardus,12 Future Leaders Appointed NextGEN Fellows | Cardus,https://www.cardus.ca/news/news-releases/12-future-leaders-appointed-nextgen-fellows/,Search lead; not an availability finding
97,Cardus,Communio | Cardus,https://www.cardus.ca/about/communio/,Search lead; not an availability finding
97,Cardus,"Donate, Research Think Tank Support | Cardus",https://www.cardus.ca/donate-ca/?lang=en,Search lead; not an availability finding
97,Cardus,Meet the Canadians Poised to Shape Tomorrow's Public Square | Cardus,https://www.cardus.ca/news/news-releases/meet-the-canadians-poised-to-shape-tomorrows-public-square/?lang=fr,Search lead; not an availability finding
97,Cardus,12 Remarkable Canadians Named to NextGEN Fellowship | Cardus,https://www.cardus.ca/news/news-releases/12-remarkable-canadians-named-to-nextgen-fellowship/,Search lead; not an availability finding
98,True North Centre,RCMP mocked for employment offer to youth who “identify as women” | True North,https://tnc.news/2024/02/14/rcmp-mocked-for-employment-offer/,Search lead; not an availability finding
98,True North Centre,LEVY: Another woke TDSB policy has been a complete failure | True North,https://tnc.news/2023/04/20/levy-tdsb-policy-failure1/,Search lead; not an availability finding
98,True North Centre,Scholar warns BLM-inspired university charter will have “terrible consequences” on academia | True North,https://tnc.news/2023/06/05/blm-charter-academia/,Search lead; not an availability finding
98,True North Centre,Liberals to reduce immigration levels by 135K over two-year period | True North,https://tnc.news/2024/10/24/liberals-to-reduce-immigration-levels-by-135k/,Search lead; not an availability finding
98,True North Centre,UCP leadership candidate attended Stampede pancake breakfast with Trudeau | True North,https://tnc.news/2022/07/18/aheer-trudeau/,Search lead; not an availability finding
98,True North Centre,Edmonton Public School Board pledges $1 million for virtual school | True North,https://tnc.news/2023/04/09/edmonton-virtual-school/,Search lead; not an availability finding
98,True North Centre,Exclusive: Mikhaila Fuller on her “massive plans” for Peterson Academy | True North,https://tnc.news/2024/10/02/exclusive-peterson-academy/,Search lead; not an availability finding
98,True North Centre,CAMPUS WATCH: Nova Scotia university says six new faculty members must be non-white | True North,https://tnc.news/2023/01/23/nova-scotia-non-white/,Search lead; not an availability finding
98,True North Centre,Ontario’s Education Equity Action Plan,https://static.tnc.news/media/2022/12/PDF-.pdf,Search lead; not an availability finding
98,True North Centre,Federal government extends visas for Iranians amid growing protests | True North,https://tnc.news/2024/03/03/feds-extend-visas-iranians/,Search lead; not an availability finding
98,True North Centre,Learning strategies to support students with learning exceptionalities,https://tnc.news/media/2021/11/Navigating-the-Education-System-Booklet-PDF-3.pdf,Search lead; not an availability finding
98,True North Centre,Feds propose tighter regulations on international student program | True North,https://tnc.news/2024/07/11/feds-tighter-regulations-international-student/,Search lead; not an availability finding
98,True North Centre,CAMPUS WATCH: Segregated “black-only” student space opens at UBC | True North,https://tnc.news/2024/01/10/campus-black-only-student-space-ubc/,Search lead; not an availability finding
98,True North Centre,"March 10, 2021",https://tnc.news/media/2021/11/Memo-to-PDSB-Staff-Requirement-on-Discriminatory-Slurs-and-Statements-2-1.pdf,Search lead; not an availability finding
98,True North Centre,CAMPUS WATCH: Two major B.C. universities hiring professors based on race | True North,https://tnc.news/2024/01/12/campus-watch-major-b-c-universities-hiring-profs-race/,Search lead; not an availability finding
99,Fraser Institute,Student Essay Contest | Fraser Institute,https://www.fraserinstitute.org/education-programs/student-essay-contest,Search lead; not an availability finding
99,Fraser Institute,"Education Programs, Jr. Coordinator | Fraser Institute",https://www.fraserinstitute.org/job-posting/2026-06/education-programs-jr-coordinator-june-2026,Search lead; not an availability finding
99,Fraser Institute,Student Internship Program | Fraser Institute,https://www.fraserinstitute.org/education-programs/student-internship-program,Search lead; not an availability finding
99,Fraser Institute,Careers | Fraser Institute,https://www.fraserinstitute.org/fr/careers,Search lead; not an availability finding
99,Fraser Institute,Careers | Fraser Institute,https://www.fraserinstitute.org/careers,Search lead; not an availability finding
99,Fraser Institute,Carney government should prioritize high-skilled immigrants who can help grow economy | Fraser Institute,https://www.fraserinstitute.org/commentary/carney-government-should-prioritize-high-skilled-immigrants-who-can-help-grow-economy,Search lead; not an availability finding
99,Fraser Institute,www.fraserinstitute.ca/studentcentre/,https://www.fraserinstitute.org/sites/default/files/CanadianStudentReview_Summer2007.pdf,Search lead; not an availability finding
99,Fraser Institute,Enhancing Economic Growth,https://www.fraserinstitute.org/sites/default/files/enhancing-economic-growth-through-federal-personal-income-tax-reform.pdf,Search lead; not an availability finding
99,Fraser Institute,Student Leaders Colloquium - Frequently Asked Questions | Fraser Institute,https://www.fraserinstitute.org/education-programs/student-leaders-colloquium-frequently-asked-questions,Search lead; not an availability finding
99,Fraser Institute,"THE FRASER
INSTITUTE
www.fraserinstitute.org
Quart",https://www.fraserinstitute.org/sites/default/files/CanadianStudentReview_Winter2007_2008.pdf,Search lead; not an availability finding
99,Fraser Institute,Post-Secondary Students | Fraser Institute,https://www.fraserinstitute.org/education-programs/post-secondary-students,Search lead; not an availability finding
99,Fraser Institute,Essay Winner: Aiding Poverty . . . . . . . . . . . . . . . . . p. 17,https://www.fraserinstitute.org/sites/default/files/CanadianStudentReview_FallWinter2006.pdf,Search lead; not an availability finding
99,Fraser Institute,Student Leaders Colloquium | Fraser Institute,https://www.fraserinstitute.org/education-programs/student-leaders-colloquium,Search lead; not an availability finding
99,Fraser Institute,Travel Bursary Program | Fraser Institute,https://www.fraserinstitute.org/education-programs/travel-bursary-program,Search lead; not an availability finding
100,Canadian Taxpayers Federation,Careers,https://www.taxpayer.com/careers/,Search lead; not an availability finding
100,Canadian Taxpayers Federation,Internships & Careers,https://www.taxpayer.com/contact-us/interships-%26-careers/,Search lead; not an availability finding
100,Canadian Taxpayers Federation,"FEATURE

MEET THE INTERNS

Each year, the Canadian",https://www.taxpayer.com/media/Taxpayer_Winter_2026_Spreads_LR.pdf,Search lead; not an availability finding
100,Canadian Taxpayers Federation,Overview of PSAC Demands and Treasury Board Proposals,https://www.taxpayer.com/media/Overview%20of%20PSAC%20Demands%20and%20Treasury%20Board%20Proposals.pdf,Search lead; not an availability finding
100,Canadian Taxpayers Federation,“Screwed U”  Grants Honorary Doctorate to SSHRC  for Wacky University Research Funding,https://www.taxpayer.com/news-room-archive/%E2%80%9CScrewed%20U%E2%80%9D%20%20Grants%20Honorary%20Doctorate%20to%20SSHRC%20%20for%20Wacky%20University%20Research%20Funding,Search lead; not an availability finding
100,Canadian Taxpayers Federation,Budget Plan 2004,https://www.taxpayer.com/media/Federal_Budget_2004.pdf,Search lead; not an availability finding
100,Canadian Taxpayers Federation,Budget Plan 2005,https://www.taxpayer.com/media/Federal_Budget_2005.pdf,Search lead; not an availability finding
100,Canadian Taxpayers Federation,"<visual_element id=""e1"">",https://www.taxpayer.com/media/TheTaxpayer_Summer_2021_Singles_LR.pdf,Search lead; not an availability finding
100,Canadian Taxpayers Federation,Newsroom,https://www.taxpayer.com/newsroom/each-student-at-ontario%E2%80%99s-new-french-university-will-cost-taxpayers-at-least-400%2C000-this-year,Search lead; not an availability finding
100,Canadian Taxpayers Federation,AW-JM-00003_Taxpayer_Fall_24.indd,https://www.taxpayer.com/media/Taxpayer_Fall_2024_spreads_LowRes.pdf,Search lead; not an availability finding
100,Canadian Taxpayers Federation,Newsroom,https://www.taxpayer.com/newsroom/students-don-t-want-to-get-screwed,Search lead; not an availability finding
100,Canadian Taxpayers Federation,Newsroom,https://www.taxpayer.com/newsroom/saskatchewanians-can%E2%80%99t-afford-carney%E2%80%99s-gas-tax-hike,Search lead; not an availability finding
101,Atlantic Institute for Market Studies (AIMS),h i g h  s c h o o l  r e p o r t  c a r d,https://www.aims.ca/site/media/aims/ProgressRC4.pdf,Search lead; not an availability finding
101,Atlantic Institute for Market Studies (AIMS),For Immediate Release: AIMS launches bold new program to engage and inform students about liberty and the free market -,https://www.aims.ca/media-releases/for-immediate-release-aims-launches-bold-new-program-to-engage-and-inform-students-about-liberty-and-the-free-market/,Search lead; not an availability finding
101,Atlantic Institute for Market Studies (AIMS),What We Do -,https://www.aims.ca/what-we-do/,Search lead; not an availability finding
101,Atlantic Institute for Market Studies (AIMS),"Young Love
Will Generation Y ever get that special",https://www.aims.ca/site/media/aims/Young%20Love.pdf,Search lead; not an availability finding
101,Atlantic Institute for Market Studies (AIMS),"Raising the bar and closing the gap: schools, income, and student success -",https://www.aims.ca/books-papers/raising-bar-closing-gap-schools-income-student-success/,Search lead; not an availability finding
101,Atlantic Institute for Market Studies (AIMS),Whose education is this anyway?,https://www.aims.ca/wp-content/uploads/2016/03/WhoseEducation.pdf,Search lead; not an availability finding
101,Atlantic Institute for Market Studies (AIMS),AIMS on Campus,https://www.aims.ca/wp-content/uploads/2016/03/Annual-Report-2013-14.pdf,Search lead; not an availability finding
101,Atlantic Institute for Market Studies (AIMS),Career Opportunity: President and CEO -,https://www.aims.ca/media-releases/career-opportunity-aims/,Search lead; not an availability finding
101,Atlantic Institute for Market Studies (AIMS),Medium Alternate -,https://www.aims.ca/medium-alternate/page/111/,Search lead; not an availability finding
101,Atlantic Institute for Market Studies (AIMS),Prince Edward Island,https://www.aims.ca/site/media/aims/RC6TableNS.pdf,Search lead; not an availability finding
102,Centre for Civil Society (CCS),"Senior Associate, Student Scholarship & Skilling Program | Centre For Civil Society",https://ccs.in/senior-associate-student-scholarship-skilling-program,Search lead; not an availability finding
102,Centre for Civil Society (CCS),internship | Centre For Civil Society,https://ccs.in/internship,Search lead; not an availability finding
102,Centre for Civil Society (CCS),Junior Associate: Betiyan Scholarship Program | Centre For Civil Society,https://ccs.in/junior-associate-betiyan-scholarship-program,Search lead; not an availability finding
102,Centre for Civil Society (CCS),Call for Applications: Research Intern | Centre For Civil Society,https://ccs.in/call-applications-research-intern,Search lead; not an availability finding
102,Centre for Civil Society (CCS),Call for Applications: Education Policy Intern | Centre For Civil Society,https://ccs.in/call-applications-education-policy-intern,Search lead; not an availability finding
102,Centre for Civil Society (CCS),Researching Reality Internship | Centre For Civil Society,https://ccs.in/researching-reality-program,Search lead; not an availability finding
102,Centre for Civil Society (CCS),Call for Applications: Role of Internship Coordinator Consultant | Centre For Civil Society,https://ccs.in/call-applications-role-internship-coordinator-consultant,Search lead; not an availability finding
102,Centre for Civil Society (CCS),Call for Applications: Role of Internship Research Consultant | Centre For Civil Society,https://ccs.in/index.php/call-applications-role-internship-research-consultant,Search lead; not an availability finding
102,Centre for Civil Society (CCS),Fellowship | Centre For Civil Society,https://ccs.in/fellowship,Search lead; not an availability finding
102,Centre for Civil Society (CCS),Research Intern: Street Vending Programmes | Centre For Civil Society,https://ccs.in/research-intern-street-vending-programmes,Search lead; not an availability finding
102,Centre for Civil Society (CCS),Internship Application: Repeal of Laws Initiative | Centre For Civil Society,https://ccs.in/internship-application-repeal-laws-initiative,Search lead; not an availability finding
102,Centre for Civil Society (CCS),Research Consultant | Centre For Civil Society,https://ccs.in/research-consultant-0,Search lead; not an availability finding
102,Centre for Civil Society (CCS),Research Funding,https://ccs.in/sites/default/files/2022-11/Research_Funding_STEM.pdf,Search lead; not an availability finding
102,Centre for Civil Society (CCS),RESEARCHING REALITY INTERNSHIP| 2013,https://ccs.in/sites/default/files/2022-10/Designing%20a%20Single%20Window%20Program%20to%20identify%20potential%20beneficiaries%20of%20Government%20Schemes%20in%20India.pdf,Search lead; not an availability finding
104,Lion Rock Institute,Lion Rock Scholarship Programme 2021,https://www.lionrockinstitute.org/wp-content/uploads/Lion-Rock-Scholarship-Programme-2021.pdf,Search lead; not an availability finding
104,Lion Rock Institute,Lion Rock Scholarship Programme 2022,https://www.lionrockinstitute.org/wp-content/uploads/Lion-Rock-Scholarship-Programme-2022Student-Pack.pdf,Search lead; not an availability finding
104,Lion Rock Institute,Nick Sallnow-Smith – Lion Rock Institute,https://www.lionrockinstitute.org/en/author/nicksallnowsmith/,Search lead; not an availability finding
105,Tokyo Foundation for Policy Research,Shaping the Future with a Multi-Stakeholder Approach | Research | The Tokyo Foundation,https://www.tokyofoundation.org/research/detail.php?id=276,Search lead; not an availability finding
105,Tokyo Foundation for Policy Research,Organization | The Tokyo Foundation,https://www.tokyofoundation.org/about/organization/,Search lead; not an availability finding
105,Tokyo Foundation for Policy Research,The Tokyo Foundation Initiates Partnership with Acumen Fund | Research | The Tokyo Foundation,https://www.tokyofoundation.org/research/detail.php?id=77,Search lead; not an availability finding
105,Tokyo Foundation for Policy Research,About | The Tokyo Foundation,https://www.tokyofoundation.org/about/,Search lead; not an availability finding
105,Tokyo Foundation for Policy Research,Japan’s Population Decline and the Gijinkoku Visa’s Pathway to Settlement without Adequate Screening | Research | The Tokyo Foundation,https://www.tokyofoundation.org/research/detail.php?id=1011,Search lead; not an availability finding
105,Tokyo Foundation for Policy Research,Empowering the Next Generation of Women Leaders: From the Acumen Fund Fellowship to Creating Wedu | Research | The Tokyo Foundation,https://www.tokyofoundation.org/research/detail.php?id=362,Search lead; not an availability finding
105,Tokyo Foundation for Policy Research,Microsoft Word - Application Essay Questions,https://www.tokyofoundation.org/files/files/doc/Application%20Essay%20Questions.pdf,Search lead; not an availability finding
105,Tokyo Foundation for Policy Research,Leadership Development | The Tokyo Foundation,https://www.tokyofoundation.org/leadership/,Search lead; not an availability finding
105,Tokyo Foundation for Policy Research,From Promise to Reality: Kisumu Leadership and Development Conference | Research | The Tokyo Foundation,https://www.tokyofoundation.org/research/detail.php?id=550,Search lead; not an availability finding
105,Tokyo Foundation for Policy Research,Articles of Incorporation and Bylaws | The Tokyo Foundation,https://www.tokyofoundation.org/about/articles-of-incorporation-and-bylaws/,Search lead; not an availability finding
105,Tokyo Foundation for Policy Research,Building the Next Generation of the US-Japan Partnership | Research | The Tokyo Foundation,https://www.tokyofoundation.org/research/detail.php?id=490,Search lead; not an availability finding
106,Center for Free Enterprise,Center for Free Enterprise (CFE) 2026 Fall Internship Recruitment - CFE,https://cfe.org/eboard/bbsDetail.php?cid=news&idx=3285,Search lead; not an availability finding
106,Center for Free Enterprise,Center for Free Enterprise (CFE) 2026 Summer Internship Recruitment - CFE,https://www.cfe.org/eboard/bbsDetail.php?cid=news&idx=3215,Search lead; not an availability finding
106,Center for Free Enterprise,“Zero Tuition” at Regional National Universities Must Not Distort Competition Among Universities - CFE,https://www.cfe.org/eboard/bbsDetail.php?cid=comment&idx=3314,Search lead; not an availability finding
106,Center for Free Enterprise,Recruiting Participants for the 2nd Road to Dream Overseas Training Program - CFE,https://www.cfe.org/eboard/bbsDetail.php?cid=news&idx=3145&pn=5,Search lead; not an availability finding
106,Center for Free Enterprise,2026 Spring CFE Internship Completion Ceremony (Wed/Thu) - CFE,https://www.cfe.org/eboard/bbsDetail.php?cid=internship&idx=3223,Search lead; not an availability finding
106,Center for Free Enterprise,[Summer Break Extracurricular] Recruiting Students for the Passion20 Summer Political School - CFE,https://cfe.org/eboard/bbsDetail.php?cid=news&idx=2869&pn=22,Search lead; not an availability finding
106,Center for Free Enterprise,Center for Free Enterprise (CFE) 2025 Winter Internship Recruitment - CFE,https://cfe.org/eboard/bbsDetail.php?cid=news&idx=3096&pn=6,Search lead; not an availability finding
106,Center for Free Enterprise,Center for Free Enterprise News,https://www.cfe.org/eboard/bbsList.php?cid=news,Search lead; not an availability finding
106,Center for Free Enterprise,Center for Free Enterprise (CFE) 2023 Fall Internship Recruitment - CFE,https://cfe.org/eboard/bbsDetail.php?cid=news&idx=3041&pn=10,Search lead; not an availability finding
106,Center for Free Enterprise,2026 Summer Center for Free Enterprise (CFE) Intern Completion Ceremony (Mon–Tue) - CFE,https://www.cfe.org/eboard/bbsDetail.php?cid=internship&idx=3326,Search lead; not an availability finding
107,PRIME Institute,Prime Plus July 2026 – Prime Institute,https://primeinstitute.org/prime-plus/prime-plus/,Search lead; not an availability finding
107,PRIME Institute,GST Framework in Pakistan: Assessment of Third Schedule Option – Prime Institute,https://primeinstitute.org/publication/gst-framework-in-pakistan-assessment-of-third-schedule-option/,Search lead; not an availability finding
107,PRIME Institute,Combating Illicit Trade in Pakistan: A Framework for Tracking Progress on Reforms – Prime Institute,https://primeinstitute.org/publication/combating-illicit-trade-in-pakistan-a-framework-for-tracking-progress-on-reforms/,Search lead; not an availability finding
107,PRIME Institute,TPAP – Prime Institute,https://primeinstitute.org/tpap/,Search lead; not an availability finding
107,PRIME Institute,Pakistan’s Fiscal Federalism at a Crossroads: How the FY27 Budget Quietly Rewrites the Federal–Provincial Contract – Prime Institute,https://primeinstitute.org/publication/pakistans-fiscal-federalism-at-a-crossroads-how-the-fy27-budget-quietly-rewrites-the-federal-provincial-contract/,Search lead; not an availability finding
107,PRIME Institute,Regulatory Reforms in Pakistan: A Comparative Review of Diagnostic Tools – Prime Institute,https://primeinstitute.org/publication/regulatory-reforms-in-pakistan-a-comparative-review-of-diagnostic-tools/,Search lead; not an availability finding
107,PRIME Institute,Ali Salman – Prime Institute,https://primeinstitute.org/2026/02/28/ali-salman/,Search lead; not an availability finding
107,PRIME Institute,Taxing Connectivity: How Taxes and Tariffs Deepen Pakistan’s Digital Divide – Prime Institute,https://primeinstitute.org/publication/taxing-connectivity-how-taxes-and-tariffs-deepen-pakistans-digital-divide/,Search lead; not an availability finding
107,PRIME Institute,Syed Ali Ehsan – Prime Institute,https://primeinstitute.org/2026/02/28/syed-ali-ehsan/,Search lead; not an availability finding
107,PRIME Institute,Provincial Tracking Reports,https://primeinstitute.org/Admin/assets/reports/8225GPSProvincialReport_Final%284%29.pdf,Search lead; not an availability finding
107,PRIME Institute,Prime Policy Report final.cdr,https://primeinstitute.org/Admin/assets/reports/436PRIMEPolicyPaper.pdf,Search lead; not an availability finding
107,PRIME Institute,"<visual_element id=""e1"">",https://primeinstitute.org/Admin/assets/reports/7195SaraJaved-StudyonLowCostPrivateSchoolSectorinKhyberPakhtunkhwa.pdf,Search lead; not an availability finding
107,PRIME Institute,Prime - Public Policy Think Tank,https://primeinstitute.org/?_g=2275142,Search lead; not an availability finding
108,Alternate Solutions Institute,Free Trade Brings Prosperity – AS Institute,https://asinstitute.org/free-trade-brings-prosperity-2/,Search lead; not an availability finding
108,Alternate Solutions Institute,About Us – AS Institute,https://asinstitute.org/about-us/,Search lead; not an availability finding
108,Alternate Solutions Institute,Support – AS Institute,https://asinstitute.org/support/,Search lead; not an availability finding
108,Alternate Solutions Institute,Urdu Book “سیاسی پارٹیاں یا سیاسی بندوبست” (Siyasi Partian Ya Siyasi Bandobast) Published – AS Institute,https://asinstitute.org/urdu-book-%D8%B3%DB%8C%D8%A7%D8%B3%DB%8C-%D9%BE%D8%A7%D8%B1%D9%B9%DB%8C%D8%A7%DA%BA-%DB%8C%D8%A7-%D8%B3%DB%8C%D8%A7%D8%B3%DB%8C-%D8%A8%D9%86%D8%AF%D9%88%D8%A8%D8%B3%D8%AA-siyasi-partian-ya-siyasi-2/,Search lead; not an availability finding
108,Alternate Solutions Institute,12th Residential Workshop 2nd to 6th September Concluded – AS Institute,https://asinstitute.org/12th-residential-workshop-2nd-to-6th-september-concluded/,Search lead; not an availability finding
108,Alternate Solutions Institute,People – AS Institute,https://asinstitute.org/people/,Search lead; not an availability finding
108,Alternate Solutions Institute,AS Institute – Alternate Solutions Institute,https://asinstitute.org/,Search lead; not an availability finding
108,Alternate Solutions Institute,"2019
Annual Report
The State of the Rule
of Law in",https://asinstitute.org/wp-content/uploads/2020/pdf/Rule%20of%20Law%20Report%202019%20ASI.pdf,Search lead; not an availability finding
108,Alternate Solutions Institute,Tax-evasion and Money-laundering in Pakistan: An Overview – AS Institute,https://asinstitute.org/tax-evasion-and-money-laundering-in-pakistan-an-overview/,Search lead; not an availability finding
108,Alternate Solutions Institute,New FATA Reforms — Good But Insufficient (FreePakistan Newsletter # 129) – AS Institute,https://asinstitute.org/new-fata-reforms-good-but-insufficient-freepakistan-newsletter-129/,Search lead; not an availability finding
108,Alternate Solutions Institute,A Stinted Mindset – AS Institute,https://asinstitute.org/a-stinted-mindset/,Search lead; not an availability finding
108,Alternate Solutions Institute,ISO 9001 and Logistics: Advancing Operational Excellence through Market-Driven Self-Regulation – AS Institute,https://asinstitute.org/iso-9001-and-logistics-advancing-operational-excellence-through-market-driven-self-regulation/,Search lead; not an availability finding
108,Alternate Solutions Institute,Reliving Pak Tea House – AS Institute,https://asinstitute.org/reliving-pak-tea-house/,Search lead; not an availability finding
109,Advocata Institute,Internships - Advocata,https://advocata.org/internships/,Search lead; not an availability finding
109,Advocata Institute,Careers | Join the Advocata Institute Team in Sri Lanka,https://advocata.org/careers/,Search lead; not an availability finding
109,Advocata Institute,Support Advocata,https://support.advocata.org/terms-and-conditions/,Search lead; not an availability finding
109,Advocata Institute,Support Advocata,https://support.advocata.org/,Search lead; not an availability finding
109,Advocata Institute,Profiles — Advocata Institute | Sri Lanka | Independent Policy Think Tank,https://www.advocata.org/profiles,Search lead; not an availability finding
110,Bangladesh Center for Free Market Economy,Economic Freedom of the World: 2004 Annual Report,https://epe.lac-bac.gc.ca/100/201/300/economic/pdf/2004/EFW2004complete.pdf?nodisclaimer=1,Search lead; not an availability finding
110,Bangladesh Center for Free Market Economy,+923145456284,https://nadeemonline.yolasite.com/help.php,Search lead; not an availability finding
110,Bangladesh Center for Free Market Economy,Economic Freedom of the World: 2011 Annual Report,https://www.cato.org/sites/cato.org/files/2021-06/EFW-2011-acknowledgments.pdf,Search lead; not an availability finding
110,Bangladesh Center for Free Market Economy,Economic Freedom of the World: 2009 Annual Report,https://cncpanama.org/phocadownload/Biblioteca%20Digital%20CNC/Indicadores%20de%20Competitividad/4-Indice%20de%20Libertad%20Economica/Economic_Freedom_of_the_World_2009.pdf,Search lead; not an availability finding
110,Bangladesh Center for Free Market Economy,Entrepreneurship Development for Competitive Small and Medium - government,https://doczz.net/doc/1927892/entrepreneurship-development-for-competitive-small-and-me...,Search lead; not an availability finding
110,Bangladesh Center for Free Market Economy,EUROPE – Overseas Future Solutions,https://ofsbd.com/europe/,Search lead; not an availability finding
110,Bangladesh Center for Free Market Economy,| Most Free 2nd Quartile 3rd Quartile |,https://files.core.ac.uk/download/pdf/71736121.pdf,Search lead; not an availability finding
110,Bangladesh Center for Free Market Economy,"The Kathmandu Post - 10 Jul, 2022",https://epaper.ekantipur.com/kathmandupost/2022-07-10/,Search lead; not an availability finding
110,Bangladesh Center for Free Market Economy,"| I NTERNATIONAL PROPERTY RIGHTS INDEX 2018 REPORT LEVY CARCIENTE, SARY 2018 IPRI PARTNER ORGANIZATIONS Afghanistan Economic and Legal Studies Organization, Afghanistan • Foundation for Economic Freedom, Albania • Fundación Atlas 1853, Argentina • Fundación Bases, Argentina • Fundación Liberdad y Progreso, Argentina • Fundación Libertad, Argentina • Institute for Public Affairs, Australia • Mannkall Economic Education Foundation, Australia • My Choice, Australia • Austrian Economics Center, Austria • F.A. v. Hayek Institute, Austria • The Nassau Institute, Bahamas • New Direction, Belgium • CPA, Bosnia and Herzegovina • Multi, Bosnia and Herzegovia • Populi, Bolivia • Instituto Liberdade, Brazil • Centro Mackenzie de Liberdade Econômica, Brazil • Institute for Market Economics, Bulgaria • Centre Des Affaires Humaines (CEDAH), Burkina Faso • Frontier Centre for Public Policy, Canada • Macdonald-Laurier Institute for Public Policy, Canada • Institute for Advancing Prosperity, Canada • Fundación para el Progreso, Chile • Libertad y Desarrollo, Chile • Instituto Res Publica, Chile • Cathay Institute of Public Affairs, China • Instituto de Ciencia Politica, Colombia • Instituto Aquileo, Colombia • Asociación de Consumidores Libres, Costa Rica • IDEAS, Costa Rica • Centre de Analisis para Políticas Públicas (CAPP), Dominican Republic • Instituto Ecuatoriano de Economía Politica, Ecuador • The Egyptian Center for Public Policy Studies, Egypt • Institute for Economic Studies Europe (IES), France • New Economic School, Georgia • Friedrich Naumann Foundation, Germany • Institute for Free Enterprise, Germany • IMANI Center for Policy and Education, Ghana • Greek Liberties Monitor (GLM), Greece • Thought 4 Action, Greece • KEFiM - Center for Liberal Studies ""Markos Dragoumis"", Greece • CIEN, Guatemala • Fundación Eléutera, Honduras • The Lion Rock Institute, Hong Kong • Centre for Civil Society, India • Centre for Policy Research, India • Liberty Institute, India • India Institute, India • India Property Rights Alliance, India • Center for Indonesian Policy Studies, Indonesia • Iraq Institute for Economic Reform, Iraq • Hibernia Forum, Ireland • Edmund Burke Institute, Ireland • Jerusalem Institute for Market Studies, Israel • Competere, Italy • Campagne Liberali, Italy • Think-in, Italy • Istituto Bruno Leoni, Italy • Pacific Alliance Institute, Japan • Institute for Development and Economic Affairs (IDEA), Kazakhstan • Bishkek Business Club, Kyrgyz Republic • Central Asian Free Market Institute, Kyrgyz Republic • Lebanese Institute for Market Studies, Lebanon • OHRID Institute for Economic Strategies and International Affairs, Macedonia • Institute for Democracy and Economic Affairs (IDEAS), Malaysia • Southeast Asia Network for Development (SEANET), Malaysia/ASEAN • Caminos de la Libertad, Mexico • IMCO, Mexico • Instituto de Pensamiento Estratégico Ágora A.C. (IPEA), Mexico • Fundación Idea, Mexico • EBI Think Tank Institute, Mongolia • Lucha Institute, Montenegro • The Arab Center for Scientific Research and Humane Studies, Morocco • Samriddhi Foundation, Nepal • New Zealand Taxpayers’ Union, New Zealand • Initiative for Public Policy Analysis, Nigeria • Civita, Norway • International Research Foundation (IRF), Oman • Alternate Solutions Institute, Pakistan • Policy Research Institute of Market Economy (PRIME), Pakistan • Pal-Think for Strategic Studies, Palestinian Territories • Fundación Libertad, Panama • Contribuyentes por Respeto, Peru • Institute for Liberty and Democracy, Peru • Instituto de Libre Empresa, Peru • Foundation for Economic Freedom, Philippines • Minimal Government Thinkers, Inc., Philippines • Forum Obywatelskiego Rozwoju, (FOR) Poland • Warsaw Enterprise Institute, Poland • Stowarzyszenie KoLiber, Poland • Center for Institutional Analysis and Development (CADI), Romania • Libek, Serbia • F. A. Hayek Foundation, Slovakia • The Free Market Foundation, South Africa • Civismo, Spain • Foro Regulación Inteligente, Spain • Advocata Institute, Sri Lanka • Timbro, Sweden • World Taxpayers Associations (WTA), Sweden • Liberales Institute, Switzerland • Institute of Future Studies for Development (IFD), Thailand • Association for Liberal Thinking, Turkey • Freedom Research Association, Turkey • Centro de Estudios para el Desarrollo, Uruguay • Bow Group, UK • Geneva Network, UK • Institute for Economic Affairs, UK • Adam Smith Institute (ASI), UK • Ukrainian Economic Freedoms Foundation, Ukraine • Property Rights Alliance, USA • Acton Institute, USA • Center for the Dissemination of Economic Knowledge (CEDICE), Venezuela 1 |  |",https://nonews.co/wp-content/uploads/2018/09/IPRI2018.pdf,Search lead; not an availability finding
111,Foundation for Economic Freedom,"Strategic Road Maps for the          Development of the Agribusiness Industry, Halal Food Industry, and Islamic Banking and Finance in the Bangsamoro",https://fef.org.ph/wp-content/uploads/2023/04/BDP-Plan-INTEGRATED-REPORT-FINAL-Aug-25.pdf,Search lead; not an availability finding
111,Foundation for Economic Freedom,"FEF Applauds House Bill to Boost Rice, Corn Investments - Foundation for Economic Freedom",https://fef.org.ph/press-releases/fef-applauds-house-bill-to-boost-rice-corn-investments/,Search lead; not an availability finding
111,Foundation for Economic Freedom,Careers - Foundation for Economic Freedom,https://fef.org.ph/careers/,Search lead; not an availability finding
111,Foundation for Economic Freedom,Press Releases - Foundation for Economic Freedom,https://fef.org.ph/press-releases/,Search lead; not an availability finding
111,Foundation for Economic Freedom,Department of Agriculture Unveils Strategic Plans for Modernization at FEF Fellows Meeting - Foundation for Economic Freedom,https://fef.org.ph/press-releases/department-of-agriculture-unveils-strategic-plans-for-modernization-at-fef-fellows-meeting/,Search lead; not an availability finding
111,Foundation for Economic Freedom,News - Foundation for Economic Freedom,https://fef.org.ph/press-release-categories/news/,Search lead; not an availability finding
111,Foundation for Economic Freedom,REPUBLIC ACT NO. 10023,https://fef.org.ph/wp-content/uploads/2023/04/INSIDE-Land-Titling-for-Banks-A-Guidebook-for-client.pdf,Search lead; not an availability finding
111,Foundation for Economic Freedom,New Transport Secretary Unveils Infra Plans at FEF Fellows Meeting - Foundation for Economic Freedom,https://fef.org.ph/press-releases/new-transport-secretary-unveils-infra-plans-at-fef-fellows-meeting/,Search lead; not an availability finding
111,Foundation for Economic Freedom,"Finally, the proposed Act should be vetoed because there are better alternative ways of using taxpayers’ money that are more cost-effective and strongly pro-poor. On this point, we support the use of available government resources to more adequately finance implementation of the recently approved UNIFAST law. This law provides a coherent framework for rationalizing and expanding student financial assistance program based on sound public finance principles and is consistent with President’s inclusive development plan. UNIFAST advocates for full financing (tuition, living allowance, and other expenses) for merit scholarships for the bright, grants-in-aid for the poor, and loans for everybody else. The assistance is targeted, using objective indicators, and follows the students wherever they choose to study in public or private tertiary education institutions that meet certain quality standards.",https://fef.org.ph/wp-content/uploads/2023/04/FEF-Statement-on-the-Proposed-Universal-Access-to-Quality-Tertiary-Education-Act.pdf,Search lead; not an availability finding
111,Foundation for Economic Freedom,Support Us - Foundation for Economic Freedom,https://fef.org.ph/support-us/,Search lead; not an availability finding
111,Foundation for Economic Freedom,"SEC. 3. *Application.*—The application on the land applied for shall be supported by a map based on an actual survey conducted by a licensed geodetic engineer and approved by the Department of Environment and Natural Resources (DENR) and a technical description of the land applied for together with supporting affidavit of two (2) disinterested persons who are residing in the barangay of the city or municipality where the land is located, attesting to the truth of the facts contained in the application to the effect that the applicant thereof has, either by himself or through his predecessor-in-interest, actually resided on and continuously possessed and occupied, under a bona fide claim of acquisition of ownership, the land applied for at least ten (10) years and has complied with the requirements prescribed in Section 1 hereof.",https://fef.org.ph/wp-content/uploads/2023/04/FEF-School-Titling-Brochure_final.pdf,Search lead; not an availability finding
111,Foundation for Economic Freedom,Statements - Foundation for Economic Freedom,https://fef.org.ph/press-release-categories/statements/,Search lead; not an availability finding
111,Foundation for Economic Freedom,The Fellows - Foundation for Economic Freedom,https://fef.org.ph/our-story/about-the-foundation/the-fellows/,Search lead; not an availability finding
112,IDEAS (Institute for Democracy and Economic Affairs),Internship Programme - IDEAS,https://www.ideas.org.my/work-with-us/internship-programme/,Search lead; not an availability finding
112,IDEAS (Institute for Democracy and Economic Affairs),Work With Us - IDEAS,https://www.ideas.org.my/work-with-us/,Search lead; not an availability finding
112,IDEAS (Institute for Democracy and Economic Affairs),"Constituency Development Funds Should Not Be Restricted, Political Appointments Must Not Become Political Rewards  - IDEAS",https://www.ideas.org.my/for-media/all/constituency-development-funds-should-not-be-restricted-political-appointments-must-not-become-political-rewards/,Search lead; not an availability finding
112,IDEAS (Institute for Democracy and Economic Affairs),Achieving the elusive peace - IDEAS,https://www.ideas.org.my/for-media/achieving-the-elusive-peace/,Search lead; not an availability finding
112,IDEAS (Institute for Democracy and Economic Affairs),Instruments of common purpose - IDEAS,https://www.ideas.org.my/for-media/instruments-of-common-purpose/,Search lead; not an availability finding
112,IDEAS (Institute for Democracy and Economic Affairs),IDEAS Releases Report Exploring Political Influencer Activity in Malaysia | IDEAS,https://ideasarchive.ideas.org.my/ideas-releases-report-exploring-political-influencer-activity-in-malaysia/,Search lead; not an availability finding
112,IDEAS (Institute for Democracy and Economic Affairs),From Digital Links to Digital Integration: The Next Phase of ASEAN-India Cooperation - IDEAS,https://www.ideas.org.my/for-media/from-digital-links-to-digital-integration-the-next-phase-of-asean-india-cooperation/,Search lead; not an availability finding
112,IDEAS (Institute for Democracy and Economic Affairs),OUR INTERNS | IDEAS,https://ideasarchive.ideas.org.my/our-interns/,Search lead; not an availability finding
112,IDEAS (Institute for Democracy and Economic Affairs),Put in clear caretaker government rules before the next polls - IDEAS,https://www.ideas.org.my/for-media/put-in-clear-caretaker-government-rules-before-the-next-polls/,Search lead; not an availability finding
112,IDEAS (Institute for Democracy and Economic Affairs),The Reform of the Malaysian Anti – Corruption Commission,https://ideas.org.my/wp-content/uploads/2021/06/MACC-Reform-Project-Memorandum.pdf,Search lead; not an availability finding
112,IDEAS (Institute for Democracy and Economic Affairs),"Wan Saiful Wan Jan leaves IDEAS, Ali Salman takes over as Acting CEO - IDEAS",https://www.ideas.org.my/for-media/wan-saiful-wan-jan-leaves-ideas-ali-salman-takes-over-as-acting-ceo/,Search lead; not an availability finding
114,Atlas Asia Liberty Forum,Atlas Network | Regional Liberty Forums,https://www.atlasnetwork.org/events/regional-liberty-forums,Search lead; not an availability finding
114,Atlas Asia Liberty Forum,Atlas Network | Marketing and Communications Internship,https://www.atlasnetwork.org/pages/careers/internships/marketing-and-communications-internship,Search lead; not an availability finding
114,Atlas Asia Liberty Forum,Atlas Network | Development Internship,https://www.atlasnetwork.org/pages/careers/internships/development-internship,Search lead; not an availability finding
114,Atlas Asia Liberty Forum,Atlas Network | Graphic Design Internship,https://www.atlasnetwork.org/pages/careers/internships/graphic-design-internship,Search lead; not an availability finding
114,Atlas Asia Liberty Forum,Atlas Network | The Templeton Freedom Award,https://connect.atlasnetwork.org/awards/the-templeton-freedom-award,Search lead; not an availability finding
114,Atlas Asia Liberty Forum,Atlas Network | Smith Student Outreach Award,https://www.atlasnetwork.org/awards/smith-student-outreach-award,Search lead; not an availability finding
114,Atlas Asia Liberty Forum,Atlas Network | Latin America Liberty Forum 2027,https://www.atlasnetwork.org/events/latin-america-liberty-forum-2027,Search lead; not an availability finding
114,Atlas Asia Liberty Forum,Atlas Network | Europe Liberty Forum 2027,https://www.atlasnetwork.org/events/europe-liberty-forum-2027,Search lead; not an availability finding
114,Atlas Asia Liberty Forum,Atlas Network | Regional Liberty Awards,https://www.atlasnetwork.org/awards/regional-liberty-awards,Search lead; not an availability finding
114,Atlas Asia Liberty Forum,Atlas Network | Events Coordinator,https://www.atlasnetwork.org/pages/careers/event-coordinator,Search lead; not an availability finding
114,Atlas Asia Liberty Forum,Atlas Economic Research Foundation,https://admin.atlasnetwork.org/assets/documents/financials/Atlas-22-FS-Final.pdf,Search lead; not an availability finding
114,Atlas Asia Liberty Forum,Atlas Network | Enhancing Student Talent Recruitment: Strategies for…,https://www.atlasnetwork.org/articles/enhancing-student-talent-recruitment,Search lead; not an availability finding
114,Atlas Asia Liberty Forum,Atlas Network | Training,https://www.atlasnetwork.org/training,Search lead; not an availability finding
115,Universidad Francisco Marroquín (UFM),Responsabilidad y la pista de Hayek en Hoover - El Amigo de la Marro,https://noticias.ufm.edu/2026/09/responsabilidad-y-la-pista-de-hayek-en-hoover/,Search lead; not an availability finding
115,Universidad Francisco Marroquín (UFM),Done ahora - Programa de Becas ITAPrograma de Becas ITA,https://ita.ufm.edu/es/done-ahora/,Search lead; not an availability finding
115,Universidad Francisco Marroquín (UFM),¿En qué consiste la beca ITA? - Programa de Becas ITAPrograma de Becas ITA,https://ita.ufm.edu/es/beca-ita/en-que-consiste-la-beca-ita/,Search lead; not an availability finding
115,Universidad Francisco Marroquín (UFM),¿Qué hace que el proceso de selección sea tan exigente? - Programa de Becas ITAPrograma de Becas ITA,https://ita.ufm.edu/es/beca-ita/que-hace-que-el-proceso-de-seleccion-sea-tan-exigente/,Search lead; not an availability finding
115,Universidad Francisco Marroquín (UFM),Contacte a nuestro equipo - Programa de Becas ITAPrograma de Becas ITA,https://ita.ufm.edu/es/contacte-a-nuestro-equipo/,Search lead; not an availability finding
115,Universidad Francisco Marroquín (UFM),"María José Acevedo, visión y resiliencia - El Amigo de la Marro",https://noticias.ufm.edu/2025/11/maria-jose-acevedo-vision-y-resiliencia/,Search lead; not an availability finding
115,Universidad Francisco Marroquín (UFM),"Curso libre Introducción a la Conservación Preventiva (Pintura, imaginería, papel, mobiliario) - Casa PopenoeCasa Popenoe",https://casapopenoe.ufm.edu/curso-libre/curso-libre-introduccion-a-la-conservacion-preventiva-pintura-imagineria-papel-mobiliario/,Search lead; not an availability finding
115,Universidad Francisco Marroquín (UFM),Contact Our Team - ITA Scholarship ProgramITA Scholarship Program,https://ita.ufm.edu/contact/,Search lead; not an availability finding
115,Universidad Francisco Marroquín (UFM),What Is the ITA Scholarship? - ITA Scholarship ProgramITA Scholarship Program,https://ita.ufm.edu/the-scholarship/what-is-the-ita-scholarship/,Search lead; not an availability finding
115,Universidad Francisco Marroquín (UFM),Introducción a la Oncología Pediátrica | OPEN COURSES | UFM,https://opencourses.ufm.edu/courses/course-v1%3AMedicina%2BIOP%2B2021_1/about,Search lead; not an availability finding
115,Universidad Francisco Marroquín (UFM),| Enero• Marzo 2006  |,https://epri.ufm.edu/wp-content/uploads/2023/06/Vol.-4-No.-24-enero-marzo-2006.pdf,Search lead; not an availability finding
115,Universidad Francisco Marroquín (UFM),Admission Process,https://doctorado.ufm.edu/en/wp-content/uploads/2025/02/Doctoral-Program-Guideline_Editable_cdl.feb_.25.pdf,Search lead; not an availability finding
115,Universidad Francisco Marroquín (UFM),ITA Scholarship Program,https://ita.ufm.edu/,Search lead; not an availability finding
115,Universidad Francisco Marroquín (UFM),LeiLai CV 2016.pdf,https://panama.ufm.edu/wp-content/uploads/2022/04/LeiLai-CV.pdf,Search lead; not an availability finding
115,Universidad Francisco Marroquín (UFM),¿Cuál es el costo de una beca? - Programa de Becas ITAPrograma de Becas ITA,https://ita.ufm.edu/es/beca-ita/cual-es-el-costo-de-una-beca/,Search lead; not an availability finding
115,Universidad Francisco Marroquín (UFM),"UFM
UNIVERSIDAD
FRANCISCO
MARROQUÍNUNIVERSITÉ
de C",https://epri.ufm.edu/wp-content/uploads/2024/06/Accord-echange-IEP-Francisco-Marroquin-2018-2023.pdf,Search lead; not an availability finding
117,Libertad y Progreso,Análisis del plan financiero de Caputo,https://www.libertadyprogreso.org/index.php/es/actualidad/economia/analisis-del-plan-financiero-de-caputo,Search lead; not an availability finding
117,Libertad y Progreso,INFORME DE POLÍTICAS PÚBLICAS,https://www.libertadyprogreso.org/images/trabajos-investigaciones/2024-Libertad-y-Progreso-Matriculacion.pdf,Search lead; not an availability finding
117,Libertad y Progreso,¿Se sostiene la recuperación argentina?,https://www.libertadyprogreso.org/index.php/es/actualidad/economia/se-sostiene-la-recuperacion-argentina,Search lead; not an availability finding
117,Libertad y Progreso,El dinero sigue al alumno: la lección de Texas para el día después,https://www.libertadyprogreso.org/index.php/es/actualidad/politica/el-dinero-sigue-al-alumno-la-leccion-de-texas-para-el-dia-despues,Search lead; not an availability finding
117,Libertad y Progreso,"""Hay que reducir el Estado en 2 millones de empleados públicos""",https://www.libertadyprogreso.org/index.php/es/actualidad-2/economia/hay-que-reducir-el-estado-en-2-millones-de-empleados-publicos,Search lead; not an availability finding
117,Libertad y Progreso,Javier Milei en el Summit Vientos por el Cambio negó cambios en políticas fiscal y monetaria,https://www.libertadyprogreso.org/index.php/es/actualidad/economia/javier-milei-en-el-summit-vientos-por-el-cambio-nego-cambios-en-politicas-fiscal-y-monetaria,Search lead; not an availability finding
117,Libertad y Progreso,“Estamos en tendencia a quebrar el piso del 2% de inflación”,https://www.libertadyprogreso.org/index.php/es/actualidad-2/economia/estamos-en-tendencia-a-quebrar-el-piso-del-2-de-inflacion,Search lead; not an availability finding
117,Libertad y Progreso,Cómo impactará la nueva configuración del Congreso,https://www.libertadyprogreso.org/index.php/es/actualidad-2/politica/como-impactara-la-nueva-configuracion-del-congreso,Search lead; not an availability finding
117,Libertad y Progreso,INFORME DE POLÍTICAS PÚBLICAS,https://static.libertadyprogreso.org/uploads/2024/12/Libertad-y-Progreso-Matriculacion-Profesional-1.pdf,Search lead; not an availability finding
117,Libertad y Progreso,"En Estados Unidos, los vouchers educativos ya no son teoría: son política federal",https://www.libertadyprogreso.org/index.php/en/current-affairs-2/politics-2/en-estados-unidos-los-vouchers-educativos-ya-no-son-teoria-son-politica-federal,Search lead; not an availability finding
117,Libertad y Progreso,"Martín Lagos: ""Cuando la economía estuvo más cerrada, nos fue peor""",https://www.libertadyprogreso.org/index.php/es/propuestas/indice-de-libertad-educativa-en-america-latina?catid=18&id=1006%3Amartin-lagos-cuando-la-economia-estuvo-mas-cerrada-nos-fue-peor&view=article,Search lead; not an availability finding
117,Libertad y Progreso,Libertad / y Progreso,https://www.libertadyprogreso.org/images/trabajos-investigaciones/2014-Las-fallas-de-las-politicas-asistenciales.pdf,Search lead; not an availability finding
117,Libertad y Progreso,Educación dual: la libertad de elegir otro camino,https://www.libertadyprogreso.org/index.php/es/actualidad/politica/educacion-dual-la-libertad-de-elegir-otro-camino,Search lead; not an availability finding
117,Libertad y Progreso,Por qué Argentina aún importa gas pese a Vaca Muerta,https://www.libertadyprogreso.org/index.php/es/actualidad/politica/por-que-argentina-aun-importa-gas-pese-a-vaca-muerta,Search lead; not an availability finding
117,Libertad y Progreso,«Los vientos de cambio son más fuertes»: Federico Sturzenegger defendió las desregulaciones masivas,https://www.libertadyprogreso.org/index.php/es/actualidad/politica/los-vientos-de-cambio-son-mas-fuertes-federico-sturzenegger-defendio-las-desregulaciones-masivas,Search lead; not an availability finding
118,ESEADE,Protegido: Beca Presidencia | ESEADE,https://www.eseade.edu.ar/beca/,Search lead; not an availability finding
118,ESEADE,"ESEADE – RIIM – Buenos Aires, Argentina",https://riim.eseade.edu.ar/,Search lead; not an availability finding
118,ESEADE,ESEADE firmó un convenio marco de cooperación institucional con el Distrito 4895 de Rotary International | ESEADE,https://www.eseade.edu.ar/eseade-firmo-un-convenio-marco-de-cooperacion-institucional-con-el-distrito-4895-de-rotary-international/,Search lead; not an availability finding
118,ESEADE,"185 
 
 
ACTA Nº 245 
 
 
 
 
 
 
 
 
 
 
 
 
POLÍ",https://www.eseade.edu.ar/wp-content/uploads/2025/01/Acta-No-245-Politicas-Relaciones-Internacionales.pdf,Search lead; not an availability finding
118,ESEADE,"Revista de Instituciones, Ideas y Mercados Nº 56 | Mayo 2012 | pp. 35-56 | ISSN 1852-5970",https://www.eseade.edu.ar/wp-content/uploads/2016/08/riim56_bastitta_harriet.pdf,Search lead; not an availability finding
118,ESEADE,Administrando la Creatividad en la Incertidumbre,https://www.eseade.edu.ar/wp-content/uploads/2023/11/Pin-Adrian.-Administrando-la-Creatividad-en-la-Incertidumbre-compressed.pdf,Search lead; not an availability finding
118,ESEADE,"ESEADE fue sede del Encuentro Interuniversitario de Debate con participación de UBA, Universidad Kennedy y CEIJE | ESEADE",https://www-test.eseade.edu.ar/eseade-fue-sede-del-encuentro-interuniversitario-de-debate/,Search lead; not an availability finding
118,ESEADE,Maestría en,https://www.eseade.edu.ar/wp-content/uploads/2025/09/Maestria-en-Gestion-de-Arte.pdf,Search lead; not an availability finding
119,Estudantes pela Liberdade (EPL),Local Coordinator Program - Students For Liberty,https://studentsforliberty.org/south-asia-old/local-coordinator-program/,Search lead; not an availability finding
119,Estudantes pela Liberdade (EPL),Application - Students For Liberty,https://studentsforliberty.org/mena/application/,Search lead; not an availability finding
119,Estudantes pela Liberdade (EPL),Application - Students For Liberty,https://studentsforliberty.org/europe/application/,Search lead; not an availability finding
119,Estudantes pela Liberdade (EPL),Latin American Programs Intern - Students For Liberty,https://studentsforliberty.org/jobs/latin-american-programs-intern/,Search lead; not an availability finding
119,Estudantes pela Liberdade (EPL),Local Coordinator Program - Students For Liberty,https://studentsforliberty.org/africa/local-coordinator-program/,Search lead; not an availability finding
119,Estudantes pela Liberdade (EPL),NAP April-May Update: What's Changing in North America Programs · FY27 - Students For Liberty,https://studentsforliberty.org/blog/nap-april-may-update-whats-changing-in-north-america-programs-%C2%B7-fy27/,Search lead; not an availability finding
119,Estudantes pela Liberdade (EPL),LibertyCon 2026: Europe’s Liberty Movement Comes to Spain - Students For Liberty,https://studentsforliberty.org/blog/libertycon-europe-2026/,Search lead; not an availability finding
119,Estudantes pela Liberdade (EPL),North America - Students For Liberty,https://studentsforliberty.org/north-america/,Search lead; not an availability finding
119,Estudantes pela Liberdade (EPL),Global Performance Department Intern - Students For Liberty,https://studentsforliberty.org/brazil/jobs/global-performance-department-intern/,Search lead; not an availability finding
119,Estudantes pela Liberdade (EPL),Group Development Program - Students For Liberty,https://studentsforliberty.org/north-america/group-development-program/,Search lead; not an availability finding
119,Estudantes pela Liberdade (EPL),Students For Liberty South Asia Announces Extending Deadline for Local Coordinator Program Applications - Students For Liberty,https://studentsforliberty.org/blog/students-for-liberty-south-asia-local-coordinator-program-deadline-extended/,Search lead; not an availability finding
119,Estudantes pela Liberdade (EPL),REGIONAL COORDINATOR PROGRAM - Students For Liberty,https://studentsforliberty.org/africa/regional-coordinator-program/,Search lead; not an availability finding
120,Instituto Mises Brasil,Mises Brasil - Mises Brasil,https://mises.org.br/?login=1,Search lead; not an availability finding
120,Instituto Mises Brasil,Oportunidade - Vaga aberta para Estágio no Instituto Mises Brasil (Design Gráfico) - Mises Brasil,https://mises.org.br/artigos/2017/oportunidadevagaabertaparaestagionoinstitutomisesbrasildesigngrafico/,Search lead; not an availability finding
120,Instituto Mises Brasil,Curso: Pós-Graduação em Escola Austríaca,https://mises.org.br/arquivo/5660/apresentacao-pgea-2024.pdf,Search lead; not an availability finding
120,Instituto Mises Brasil,O estágio final do socialismo: governo venezuelano impõe campos de trabalho forçado à população - Mises Brasil,https://mises.org.br/artigos/2272/oestagiofinaldosocialismogovernovenezuelanoimpoecamposdetrabalhoforcadoapopulacao/,Search lead; not an availability finding
120,Instituto Mises Brasil,O primeiro emprego e as complicações trabalhistas - Mises Brasil,https://mises.org.br/artigos/1226/oprimeiroempregoeascomplicacoestrabalhistas/,Search lead; not an availability finding
120,Instituto Mises Brasil,Primeiro curso de Escola Austríaca do Brasil - Mises Brasil,https://mises.org.br/artigos/965/primeirocursodeescolaaustriacadobrasil/,Search lead; not an availability finding
120,Instituto Mises Brasil,Uma Futura Ordem Monetária Mundial:,https://mises.org.br/wp-content/uploads/2025/11/Uma-Futura-Ordem-Monetaria-Mundial-1.pdf,Search lead; not an availability finding
120,Instituto Mises Brasil,The Big Short: a good movie and a bad message - Mises Brasil,https://mises.org.br/artigos/opiniao/the-big-short-a-good-movie-and-a-bad-message/,Search lead; not an availability finding
120,Instituto Mises Brasil,"Você se considera uma pessoa livre? Se sim, veja o Conto do Escravo - Mises Brasil",https://mises.org.br/artigos/2642/voceseconsideraumapessoalivresesimvejaocontodoescravo/,Search lead; not an availability finding
120,Instituto Mises Brasil,E se as escolas públicas fossem abolidas e as particulares não mais tivessem de seguir o MEC? - Mises Brasil,https://mises.org.br/artigos/2409/eseasescolaspublicasfossemabolidaseasparticularesnaomaistivessemdeseguiromec/,Search lead; not an availability finding
120,Instituto Mises Brasil,O que há de bom e o que há de péssimo com a reforma educacional do governo - Mises Brasil,https://mises.org.br/artigos/2311/oquehadebomeoquehadepessimocomareformaeducacionaldogoverno/,Search lead; not an availability finding
120,Instituto Mises Brasil,Fim das grandes notas: prólogo de um dinheiro obediente - Mises Brasil,https://mises.org.br/artigos/16862/fim-das-grandes-notas-prologo-de-um-dinheiro-obediente/,Search lead; not an availability finding
121,Instituto Liberal,Instituto Liberal,https://www.institutoliberal.org.br/quem-somos/,Search lead; not an availability finding
121,Instituto Liberal,Valores em tempo de crise – Instituto Liberal,https://www.institutoliberal.org.br/blog/valores-em-tempo-de-crise/,Search lead; not an availability finding
121,Instituto Liberal,Comunicado Oficial: Instituto Liberal Apresenta Novo Presidente – Instituto Liberal,https://www.institutoliberal.org.br/blog/comunicado-oficial-instituto-liberal-apresenta-novo-presidente/,Search lead; not an availability finding
121,Instituto Liberal,"Minha vida, minhas escolhas, minha liberdade – Instituto Liberal",https://www.institutoliberal.org.br/blog/minha-vida-minhas-escolhas-minha-liberdade/,Search lead; not an availability finding
121,Instituto Liberal,A estabilidade de servidores públicos precisa acabar? – Instituto Liberal,https://www.institutoliberal.org.br/blog/a-estabilidade-de-servidores-publicos-precisa-acabar/,Search lead; not an availability finding
121,Instituto Liberal,Demissão de servidor público estável – Instituto Liberal,https://www.institutoliberal.org.br/blog/demissao-de-servidor-publico-estavel/,Search lead; not an availability finding
121,Instituto Liberal,A retomada das universidades pela liberdade – Instituto Liberal,https://www.institutoliberal.org.br/blog/politica/a-retomada-das-universidades-pela-liberdade/,Search lead; not an availability finding
121,Instituto Liberal,Guedes e o funcionalismo parasita – Instituto Liberal,https://www.institutoliberal.org.br/blog/guedes-e-o-funcionalismo-parasita/,Search lead; not an availability finding
121,Instituto Liberal,A sabedoria de Ayn Rand – Instituto Liberal,https://www.institutoliberal.org.br/blog/pensadores/a-sabedoria-em-ayn-rand/,Search lead; not an availability finding
121,Instituto Liberal,Ambiente inóspito à geração de riqueza – Instituto Liberal,https://www.institutoliberal.org.br/blog/ambiente-inospito-a-geracao-de-riqueza/,Search lead; not an availability finding
121,Instituto Liberal,A escolha dos Pais vale mais – Instituto Liberal,https://www.institutoliberal.org.br/blog/escolha-dos-pais-vale-mais/,Search lead; not an availability finding
121,Instituto Liberal,A teoria do medalhão togado – Instituto Liberal,https://www.institutoliberal.org.br/blog/justica/a-teoria-do-medalhao-togado/,Search lead; not an availability finding
122,Instituto Millenium,Jovens Talentos - Instituto Millenium,https://institutomillenium.org.br/categoria/jovens-talentos/,Search lead; not an availability finding
122,Instituto Millenium,"MUITO 
ALÉM DO 
MERCADO: 
COMO O CHILE RECONFIGURO",https://institutomillenium.org.br/wp-content/uploads/2026/03/06LO_POLICY_BRIEF_VOUCHERS_CHILE_MILLENIUM-1.pdf,Search lead; not an availability finding
122,Instituto Millenium,Ordem Livre oferece bolsas de estágio em Washington - Instituto Millenium,https://institutomillenium.org.br/ordem-livre-oferece-bolas-de-estgio-em-washington/,Search lead; not an availability finding
122,Instituto Millenium,FGV promove feira de recrutamento virtual aberta a jovens de todo o Brasil - Instituto Millenium,https://institutomillenium.org.br/fgv-promove-feira-de-recrutamento-virtual-aberta-jovens-de-todo-brasil/,Search lead; not an availability finding
122,Instituto Millenium,"Millenium 
Explica
Populismo Fiscal ou 
Reformas E",https://www.institutomillenium.org.br/wp-content/uploads/2023/01/1LO_EXPLICA_POPULISMO_CAI.pdf,Search lead; not an availability finding
122,Instituto Millenium,Estagiários quarentões não são invenção do cinema - Instituto Millenium,https://institutomillenium.org.br/estagiarios-quarentoes-nao-invencao-cinema/,Search lead; not an availability finding
122,Instituto Millenium,Empreendedor fatura R$ 3 milhões com escola de negócios para universitários e recém formados - Instituto Millenium,https://institutomillenium.org.br/?p=172516,Search lead; not an availability finding
122,Instituto Millenium,MEC manda 110 bolsistas voltarem do exterior sem estágio - Instituto Millenium,https://institutomillenium.org.br/mec-manda-110-bolsistas-voltarem-exterior-sem-estgio/,Search lead; not an availability finding
122,Instituto Millenium,INSTITUTO MILLENIUM DE PESQUISA,https://institutomillenium.org.br/estatuto-millenium.pdf,Search lead; not an availability finding
122,Instituto Millenium,Programas buscam jovens com experiência - Instituto Millenium,https://institutomillenium.org.br/programas-buscam-jovens-experincia/,Search lead; not an availability finding
122,Instituto Millenium,"1
millenium
papers
Developing Education: 
Explorin",https://institutomillenium.org.br/wp-content/uploads/2025/02/1AF_PAPER_EDICAO-42.pdf,Search lead; not an availability finding
122,Instituto Millenium,Residência docente: a bala na agulha para resolver a educação - Instituto Millenium,https://institutomillenium.org.br/?p=130024,Search lead; not an availability finding
122,Instituto Millenium,Como saber se o professor dá certo? - Instituto Millenium,https://institutomillenium.org.br/como-saber-se-professor-certo/,Search lead; not an availability finding
122,Instituto Millenium,Arquivos Fundação Estudar - Instituto Millenium,https://institutomillenium.org.br/tag/fundacao-estudar/,Search lead; not an availability finding
122,Instituto Millenium,4 startups do setor de educação para ficar de olho - Instituto Millenium,https://institutomillenium.org.br/4-startups-do-setor-de-educacao-para-ficar-de-olho/,Search lead; not an availability finding
122,Instituto Millenium,Empresa júnior faz ponte entre universidade e mercado de trabalho - Instituto Millenium,https://institutomillenium.org.br/empresa-jnior-faz-ponte-entre-universidade-mercado-de-trabalho/,Search lead; not an availability finding
124,Instituto de Estudos Empresariais (IEE),IEE | Instituto de Estudos Empresariais,https://www.iee.com.br/diretoria,Search lead; not an availability finding
124,Instituto de Estudos Empresariais (IEE),IEE | Instituto de Estudos Empresariais,https://www.iee.com.br/artigo/o-preco-para-o-brasil-ter-jeito_325,Search lead; not an availability finding
124,Instituto de Estudos Empresariais (IEE),IEE | Instituto de Estudos Empresariais,https://www.iee.com.br/artigo/dois-votos-oito-anos-o-que-esta-em-jogo-no-senado_339,Search lead; not an availability finding
124,Instituto de Estudos Empresariais (IEE),IEE | Instituto de Estudos Empresariais,https://www.iee.com.br/artigo/o-sus-e-a-crise-da-meia-idade_278,Search lead; not an availability finding
124,Instituto de Estudos Empresariais (IEE),"Sumário
Com a palavra, a liberdade | 88
Apresentaç",https://www.iee.com.br/conteudos/arquivos/30-anos.pdf,Search lead; not an availability finding
124,Instituto de Estudos Empresariais (IEE),IEE | Instituto de Estudos Empresariais,https://www.iee.com.br/artigo/quantos-terremotos-um-regime-autoritario-aguenta_370,Search lead; not an availability finding
124,Instituto de Estudos Empresariais (IEE),IEE 30 ANOS | 206,https://www.iee.com.br/conteudo/30-anos.pdf,Search lead; not an availability finding
124,Instituto de Estudos Empresariais (IEE),IEE | Instituto de Estudos Empresariais,https://www.iee.com.br/artigo/liberdade-a-100-c_208,Search lead; not an availability finding
125,Fundación para el Progreso (FPP),Academia Liberal 2026 - Generación II ¡Postulaciones abiertas! - Fundación para el Progreso,https://fppchile.org/academia-liberal-2026-generacion-ii-postulaciones-abiertas/,Search lead; not an availability finding
125,Fundación para el Progreso (FPP),Academia Liberal 2026 - Generación I ¡Postulaciones abiertas! - Fundación para el Progreso,https://fppchile.org/abiertas-las-postulaciones-para-la-academia-liberal-2026-generacion-i/,Search lead; not an availability finding
125,Fundación para el Progreso (FPP),¡Postula a nuestro programa de pasantías FPP! - Fundación para el Progreso,https://fppchile.org/postula/,Search lead; not an availability finding
125,Fundación para el Progreso (FPP),¡Abiertas las postulaciones para la Academia Liberal 2025 - Generación II! - Fundación para el Progreso,https://fppchile.org/abiertas-las-postulaciones-para-la-academia-liberal-2025-generacion-ii/,Search lead; not an availability finding
125,Fundación para el Progreso (FPP),Academia Liberal - Fundación para el Progreso,https://fppchile.org/academia-fpp/,Search lead; not an availability finding
125,Fundación para el Progreso (FPP),"La ministra Lincolao, las humanidades y las ciencias Sociales - Fundación para el Progreso",https://fppchile.org/la-ministra-lincolao-las-humanidades-y-las-ciencias-sociales/,Search lead; not an availability finding
125,Fundación para el Progreso (FPP),Academia Liberal 2025 - Generación I - Fundación para el Progreso,https://fppchile.org/academia-liberal-generacion-i-2025/,Search lead; not an availability finding
125,Fundación para el Progreso (FPP),Academia Liberal 2024 - Generación II - Fundación para el Progreso,https://fppchile.org/academia-liberal-generacion-ii/,Search lead; not an availability finding
125,Fundación para el Progreso (FPP),Academia FPP 2022 - Fundación para el Progreso,https://fppchile.org/academia-fpp-2022/,Search lead; not an availability finding
125,Fundación para el Progreso (FPP),Noticias - Fundación para el Progreso,https://fppchile.org/categoria/noticias/,Search lead; not an availability finding
125,Fundación para el Progreso (FPP),Academia Liberal FPP 2023 - Fundación para el Progreso,https://fppchile.org/academia-liberal-fpp-2023/,Search lead; not an availability finding
125,Fundación para el Progreso (FPP),Formación - Fundación para el Progreso,https://fppchile.org/formacion/,Search lead; not an availability finding
126,Libertad y Desarrollo,R e v i s t a,https://lyd.org/storage/other/files_mf/lyd239mayo.pdf,Search lead; not an availability finding
126,Libertad y Desarrollo,WORKSHOP INTERNACIONAL: PLANIFICACIÓN ESTRATÉGICA Y GESTIÓN INTERNA | Libertad y Desarrollo,https://lyd.org/centro-de-prensa/destacados/2016/08/36263/,Search lead; not an availability finding
126,Libertad y Desarrollo,Medidas para contener el alza del precio de la vivienda | Libertad y Desarrollo,https://lyd.org/opinion/2026/05/medidas-para-contener-el-alza-del-precio-de-la-vivienda/,Search lead; not an availability finding
126,Libertad y Desarrollo,SE APRUEBA PROYECTO DE ESTABILIZACIÓN DE TARIFAS ELÉCTRICAS | Libertad y Desarrollo,https://lyd.org/centro-de-prensa/noticias/2024/04/se-aprueba-proyecto-de-estabilizacion-de-tarifas-electricas/,Search lead; not an availability finding
126,Libertad y Desarrollo,Propuesta LyD: Financiamiento estudiantil centrado en el alumno | Libertad y Desarrollo,https://lyd.org/centro-de-prensa/noticias/noticias-portada/2015/10/propuesta-lyd-financiamiento-estudiantil-centrado-en-el-alumno/,Search lead; not an availability finding
126,Libertad y Desarrollo,Universidad de Verano 2022 | Libertad y Desarrollo,https://lyd.org/centro-de-prensa/destacados/2021/12/universidad-de-verano-2022/,Search lead; not an availability finding
126,Libertad y Desarrollo,COMIENZAN INSCRIPCIONES PARA SEMINARIO DE CENTROS DE ESTUDIOS DE LYD | Libertad y Desarrollo,https://lyd.org/centro-de-prensa/noticias/noticias-portada/2013/07/comienzan-inscripciones-para-seminario-de-centros-de-estudios-de-lyd/,Search lead; not an availability finding
126,Libertad y Desarrollo,EFECTO DE LA INFLACIÓN EN LA POBREZA: SE CONTIENE EL AUMENTO EN EL PRECIO DE LOS ALIMENTOS Y EN EL COSTO DE LA CANASTA BÁSICA | Libertad y Desarrollo,https://lyd.org/centro-de-prensa/noticias/noticias-portada/2023/03/efecto-de-la-inflacion-en-la-pobreza-se-contiene-el-aumento-en-el-precio-de-los-alimentos-y-en-el-costo-de-la-canasta-basica/,Search lead; not an availability finding
126,Libertad y Desarrollo,EL 31 DE OCTUBRE VENCE PLAZO PARA PARTICIPAR EN CONCURSO DE ENSAYOS MILTON FRIEDMAN | Libertad y Desarrollo,https://lyd.org/centro-de-prensa/noticias/noticias-portada/2012/10/el-31-de-octubre-vence-plazo-para-participar-en-concurso-de-ensayos-milton-friedman/,Search lead; not an availability finding
126,Libertad y Desarrollo,AUMENTAN LOS ALUMNOS PRESELECCIONADOS PARA RECIBIR AYUDAS ESTUDIANTILES | Libertad y Desarrollo,https://lyd.org/centro-de-prensa/noticias/2014/01/aumentan-los-alumnos-preseleccionados-para-recibir-ayudas-estudiantiles/,Search lead; not an availability finding
126,Libertad y Desarrollo,EFECTO DE LA INFLACIÓN EN LA POBREZA: ALZA EN LA CBA SIGUE SIN CEDER | Libertad y Desarrollo,https://lyd.org/centro-de-prensa/noticias/2023/01/efecto-de-la-inflacion-en-la-pobreza-alza-en-la-cba-sigue-sin-ceder/,Search lead; not an availability finding
126,Libertad y Desarrollo,La cultura de la trampa y sus costos ocultos | Libertad y Desarrollo,https://lyd.org/opinion/2026/07/la-cultura-de-la-trampa-y-sus-costos-ocultos/,Search lead; not an availability finding
126,Libertad y Desarrollo,Training Internacional para Centros de estudios | Libertad y Desarrollo,https://lyd.org/centro-de-prensa/destacados/2015/02/seminario-de-formacion-de-centros-de-estudio-2015/,Search lead; not an availability finding
127,Instituto de Ciencia Política Hernán Echavarría Olózaga,Curso en crimen organizado para entender y enfrentar las nuevas amenazas a la seguridad y la democracia » ICP,https://icpcolombia.org/curso-en-crimen-organizado-para-entender-y-enfrentar-las-nuevas-amenazas-a-la-seguridad-y-la-democracia/,Search lead; not an availability finding
127,Instituto de Ciencia Política Hernán Echavarría Olózaga,300 empresarios guajiros se capacitaron en Negocios exitosos en entornos competitivos con el ICP » ICP,https://icpcolombia.org/300-empresarios-guajiros-se-capacitaron-en-negocios-exitosos-en-entornos-competitivos-con-el-icp/,Search lead; not an availability finding
127,Instituto de Ciencia Política Hernán Echavarría Olózaga,Curso: El Liberalismo como Herramienta de Cambio – Fundamentos para el Siglo XXI » ICP,https://icpcolombia.org/curso-el-liberalismo-como-herramienta-de-cambio-fundamentos-para-el-siglo-xxi/,Search lead; not an availability finding
127,Instituto de Ciencia Política Hernán Echavarría Olózaga,La consulta popular no puede usarse como presión política: rechazamos su convocatoria por decreto » ICP,https://icpcolombia.org/la-consulta-popular-no-puede-usarse-como-presion-politica-rechazamos-su-convocatoria-por-decreto-2/,Search lead; not an availability finding
127,Instituto de Ciencia Política Hernán Echavarría Olózaga,Boletín N° 47. Reforma a la Ley 80 • Junio de 2006,https://icpcolombia.org/dev/wp-content/uploads/2016/08/2006.06.15-Boleti%CC%81n-47-Reforma-a-la-Ley-80.pdf,Search lead; not an availability finding
127,Instituto de Ciencia Política Hernán Echavarría Olózaga,El ICP fue reconocido como finalista global del Templeton Freedom Award 2025 » ICP,https://icpcolombia.org/el-icp-fue-reconocido-como-finalista-global-del-templeton-freedom-award-2025/,Search lead; not an availability finding
127,Instituto de Ciencia Política Hernán Echavarría Olózaga,Download Jurak – One Page Portfolio Nulled Template Free - ICP,https://icpcolombia.org/vault/jurak-one-page-portfolio-wordpress-theme/,Search lead; not an availability finding
127,Instituto de Ciencia Política Hernán Echavarría Olózaga,Tax Foundation | 67,https://icpcolombia.org/wp-content/uploads/2024/10/Indice-de-Competitividad-Fiscal-2024.pdf,Search lead; not an availability finding
127,Instituto de Ciencia Política Hernán Echavarría Olózaga,Publicaciones biblioteca » Página 6 de 31 » ICP,https://icpcolombia.org/publicaciones-biblioteca/page/6/,Search lead; not an availability finding
127,Instituto de Ciencia Política Hernán Echavarría Olózaga,Download Valexa PHP Script For Selling Digital Products And Digital Downloads WordPress Plugin Free - icpcolombia.org - ICP,https://icpcolombia.org/vault/valexa-php-script-for-selling-digital-products-and-digital-downloads/,Search lead; not an availability finding
127,Instituto de Ciencia Política Hernán Echavarría Olózaga,Download Idea Mail – Minimal & Responsive Email Template Nulled WordPress Theme Free - ICP,https://icpcolombia.org/vault/idea-mail-minimal-responsive-email-template/,Search lead; not an availability finding
127,Instituto de Ciencia Política Hernán Echavarría Olózaga,Free Heli – Minimal Creative Black and White Crack WordPress Theme Download - ICP,https://icpcolombia.org/dev/vault/heli-minimal-creative-black-and-white-wordpress-theme/,Search lead; not an availability finding
128,Caminos de la Libertad,Kybernus | Formación - Kybernus,https://pivote.centroricardobsalinaspliego.org/kyb-formacion/,Search lead; not an availability finding
128,Caminos de la Libertad,Kybernus | Formación - Kybernus,https://www.centroricardobsalinaspliego.org/kyb-formacion/,Search lead; not an availability finding
128,Caminos de la Libertad,convo,https://centroricardobsalinaspliego.org/umbraco/Surface/Convocatorias/DescargarDocumento/884,Search lead; not an availability finding
128,Caminos de la Libertad,CONVOCATORIA 2025,https://www.centroricardobsalinaspliego.org/umbraco/Surface/Agenda/DownloadPdf?fileName=icaro+convocatoria+2025+v722_01_2025_194507.pdf,Search lead; not an availability finding
128,Caminos de la Libertad,Caminos de la libertad | Formación - Caminos de la libertad,https://www.centroricardobsalinaspliego.org/cdl-formacion/cdl-colector-de-detalles?id=1224,Search lead; not an availability finding
128,Caminos de la Libertad,Arte & Cultura | Emprendimientos de la 2a. generación de ÍCARO 2025,https://www.centroricardobsalinaspliego.org/ayc-nuestra-oferta/damos-la-bienvenida-a-los-emprendimientos-que-integran-la-segunda-generacion-de-icaro-2025/,Search lead; not an availability finding
128,Caminos de la Libertad,,https://www.centroricardobsalinaspliego.org/kybernus-premio/,Search lead; not an availability finding
128,Caminos de la Libertad,Caminos de la libertad | Formación - Caminos de la libertad,https://www.centroricardobsalinaspliego.org/cdl-formacion/cdl-colector-de-detalles?id=1222,Search lead; not an availability finding
128,Caminos de la Libertad,Caminos de la libertad | Formación - Kybernus,https://www.centroricardobsalinaspliego.org/kyb-formacion/kyb-colector-de-detalles?id=1171,Search lead; not an availability finding
128,Caminos de la Libertad,Caminos de la libertad | Formación - Caminos de la libertad,https://centroricardobsalinaspliego.org/cdl-formacion/cdl-colector-de-detalles?id=1228,Search lead; not an availability finding
128,Caminos de la Libertad,Caminos de la libertad | Formación - Kybernus,https://www.centroricardobsalinaspliego.org/kyb-formacion/kyb-colector-de-detalles?id=1172,Search lead; not an availability finding
128,Caminos de la Libertad,,https://faz-pivote.centroricardobsalinaspliego.org/noticias/convocatoria-2023-2024-plantel-azteca/,Search lead; not an availability finding
128,Caminos de la Libertad,Arte & Cultura |,https://www.centroricardobsalinaspliego.org/ayc-nuestra-oferta/convocatoria-abierta-laboratorio-de-economia-naranja-icaro-2025/,Search lead; not an availability finding
129,Mexico Evalua,Aprender Parejo en Querétaro: claves de un modelo educativo que impulsa talento y competitividad - México Evalúa,https://mexicoevalua.org/aprender-parejo-en-queretaro-claves-de-un-modelo-educativo-que-impulsa-talento-y-competitividad/,Search lead; not an availability finding
129,Mexico Evalua,Subsidios en 2026 persisten en reforzar desigualdades - Números de Erario,https://numerosdeerario.mexicoevalua.org/2025/10/27/subsidios-en-2026-persisten-en-reforzar-desigualdades/,Search lead; not an availability finding
129,Mexico Evalua,Consejero de la Judicatura Federal designado por el Senado - Designaciones Judiciales,https://designacionesjudiciales.mexicoevalua.org/consejero-de-la-judicatura-federal-designado-por-el-senado/,Search lead; not an availability finding
129,Mexico Evalua,Curso Poderes Judiciales y Personas Juzgadoras → 8.1. ¿Quiénes pueden ser candidatas a cargos de elección judicial? (15 min) - RED JUSTICIA,https://redjusticia.mexicoevalua.org/courses/curso-poderes-judiciales-y-personas-juzgadoras/lessons/quienes-pueden-ser-candidatas-a-cargos-del-poder-judicial-15-min/,Search lead; not an availability finding
129,Mexico Evalua,Lecciones de estrategia educativa,https://mexicoevalua.org/wp-content/uploads/2026/03/aprenderparejo-queretaro.pdf,Search lead; not an availability finding
129,Mexico Evalua,"GUÍA
para el monitoreo 
de designaciones judiciale",https://www.mexicoevalua.org/wp-content/uploads/2023/04/guia-monitoreo-designaciones-1.pdf,Search lead; not an availability finding
129,Mexico Evalua,Éstas son las instituciones seleccionadas para participar en el Reto de Apertura: Infraestructura Abierta 2022 - México Evalúa,https://mexicoevalua.org/estas-son-las-instituciones-seleccionadas-para-participar-en-el-reto-de-apertura-infraestructura-abierta-2022/,Search lead; not an availability finding
129,Mexico Evalua,The Case of the New Judicial Reform - México Evalúa,https://mexicoevalua.org/the-case-of-the-new-judicial-reform/,Search lead; not an availability finding
129,Mexico Evalua,El mundo poscovid te necesita: ¡postula tu proyecto a la 4ª edición del Foro de París sobre la Paz! - México Evalúa,https://mexicoevalua.org/el-mundo-poscovid-te-necesita-postula-tu-proyecto-a-la-4a-edicion-del-foro-de-paris-sobre-la-paz/,Search lead; not an availability finding
129,Mexico Evalua,Invitan a jóvenes a debatir sobre el futuro de la electricidad en México - México Evalúa,https://mexicoevalua.org/invitan-a-jovenes-a-debatir-sobre-el-futuro-de-la-electricidad-en-mexico/,Search lead; not an availability finding
129,Mexico Evalua,Tendencias y tensiones en el presupuesto educativo 2026 - México Evalúa,https://mexicoevalua.org/tendencias-y-tensiones-en-el-presupuesto-educativo-2026/,Search lead; not an availability finding
129,Mexico Evalua,Quién es quién en el presupuesto educativo 2025 - México Evalúa,https://mexicoevalua.org/quien-es-quien-en-el-presupuesto-educativo-2025/,Search lead; not an availability finding
129,Mexico Evalua,LA COMISIÓN DE SELECCIÓN DEL SISTEMA NACIONAL ANTICORRUPCIÓN ABRE PROCESO PARA ELEGIR A UN NUEVO INTEGRANTE DEL COMITÉ DE PARTICIPACIÓN CIUDADANA - México Evalúa,https://mexicoevalua.org/la-comision-seleccion-del-sistema-nacional-anticorrupcion-abre-proceso-elegir-a-nuevo-integrante-del-comite-participacion-ciudadana/,Search lead; not an availability finding
129,Mexico Evalua,Herramientas para el monitoreo de designaciones judiciales - Designaciones Judiciales,https://designacionesjudiciales.mexicoevalua.org/herramientas-para-el-monitoreo-de-designaciones-judiciales/,Search lead; not an availability finding
130,IMCO,Acciones Inmediatas para la Inversión del Plan México - IMCO,https://imco.org.mx/acciones-inmediatas-para-la-inversion-del-plan-mexico/,Search lead; not an availability finding
130,IMCO,Rumbo a la revisión del T-MEC: proceso de consultas - IMCO,https://imco.org.mx/rumbo-a-la-revision-del-t-mec-proceso-de-consultas/,Search lead; not an availability finding
130,IMCO,México no entrará en el top 10 de economías del mundo. Pero eso no es lo importante. - IMCO,https://imco.org.mx/mexico-no-entrara-en-el-top-10-de-economias-del-mundo-pero-eso-no-es-lo-importante/,Search lead; not an availability finding
130,IMCO,NORTEAMÉRICA,https://imco.org.mx/wp-content/uploads/2025/02/vf_agosto_BilateralXRay.pdf.pdf,Search lead; not an availability finding
130,IMCO,"Concurso ""Menos cajones, más ciudad""",https://imco.org.mx/concurso-menos-cajones-mas-ciudad/,Search lead; not an availability finding
130,IMCO,"Ganadores ""Premio para Tesis de Licenciatura IMCO 2013"" - IMCO",https://imco.org.mx/ganadores-premio-para-tesis-de-licenciatura-imco-2013/,Search lead; not an availability finding
130,IMCO,Women in Business 2025 - IMCO_en,https://imco.org.mx/en/women-in-business-2025/,Search lead; not an availability finding
130,IMCO,"Manuel Molano, nuevo director general del IMCO - IMCO",https://imco.org.mx/manuel-molano-nuevo-director-general-del-imco/,Search lead; not an availability finding
130,IMCO,Convocatoria para participar en la actualización del Índice de Riesgos de Corrupción,https://imco.org.mx/convocatoria-para-participar-en-la-actualizacion-del-indice-de-riesgos-de-corrupcion/,Search lead; not an availability finding
130,IMCO,Cómo cambiar historias,https://imco.org.mx/como_cambiar_historias/,Search lead; not an availability finding
130,IMCO,Premiación concurso Menos cajones - IMCO,https://imco.org.mx/premiacion-concurso-menos-cajones-mas-ciudad/,Search lead; not an availability finding
130,IMCO,"Más deuda, menos gasto - IMCO",https://imco.org.mx/mas-deuda-menos-gasto/,Search lead; not an availability finding
130,IMCO,Papás y mamás en EducAcción 2018-2019,https://imco.org.mx/papas-mamas-educaccion-2018-2019/,Search lead; not an availability finding
131,CIDAC,Postulación - CIDAC,https://cidac.org/postulacion/,Search lead; not an availability finding
131,CIDAC,Prácticas profesionales - CIDAC,https://cidac.org/practicas-profesionales/,Search lead; not an availability finding
131,CIDAC,Forward - Center of Investigation for Development A.C,https://cidac.org/eng/forward-2/,Search lead; not an availability finding
131,CIDAC,Agenda de análisis. 8 de diciembre de 2014,https://cidac.org/agenda-de-analisis-8-de-diciembre-de-2014/,Search lead; not an availability finding
131,CIDAC,HALLAZGOS 2016: Seguimiento y evaluación de la operación,https://cidac.org/wp-content/uploads/2017/06/DOCUMENTO-HALLAZGOS-2016_COMPLETO-digital.pdf,Search lead; not an availability finding
131,CIDAC,"A World of
Opportunities
By Luis Rubio
“To get pow",https://cidac.org/wp-content/uploads/2017/06/UnMundoOportunidadesESPENG.pdf,Search lead; not an availability finding
131,CIDAC,3D Printing,https://cidac.org/eng/3-d-printing/,Search lead; not an availability finding
131,CIDAC,China in Lee's eyes,https://cidac.org/eng/china-in-lees-eyes/,Search lead; not an availability finding
131,CIDAC,"Strong States, Weak States",https://cidac.org/eng/strong-states-weak-states/,Search lead; not an availability finding
131,CIDAC,"Corruption, Excesses and Vacuums",https://cidac.org/eng/excesses-and-vacuums/,Search lead; not an availability finding
131,CIDAC,What Did Not Come - Center of Investigation for Development A.C,https://cidac.org/eng/what-did-not-come/,Search lead; not an availability finding
131,CIDAC,Mexico: Absurdities and Costs,https://cidac.org/eng/absurdities-and-costs/,Search lead; not an availability finding
131,CIDAC,The case of the México-Querétaro high-speed rail,https://cidac.org/eng/the-case-of-the-m/,Search lead; not an availability finding
131,CIDAC,Hoy No Circula; History Repeats Itself - Center of Investigation for Development A.C,https://cidac.org/eng/hoy-no-circula-history-repeats-itself/,Search lead; not an availability finding
132,CEDICE Libertad,Concurso de ensayo breve pensamiento de Mario Vargas Llosa,https://cedice.org.ve/divulga/concurso-ensayo/,Search lead; not an availability finding
132,CEDICE Libertad,Academia Liberal | Cedice Libertad,https://cedice.org.ve/academia-liberal/,Search lead; not an availability finding
132,CEDICE Libertad,Seguridad Digital,https://seguridaddigital.cedice.org.ve/,Search lead; not an availability finding
132,CEDICE Libertad,"Misión Imposible la Reforma Laboral y Previsional Venezolana, Por Aurelio F. Concheso | Cedice Libertad",https://cedice.org.ve/project-items/mision-imposible-la-reforma-laboral-y-previsional-venezolana-por-aurelio-f-concheso/,Search lead; not an availability finding
132,CEDICE Libertad,Cedice Libertad celebra 39 años promoviendo la cultura de la libertad en Venezuela | Cedice Libertad,https://cedice.org.ve/cedice-libertad-celebra-39-anos-promoviendo-la-cultura-de-la-libertad-en-venezuela/,Search lead; not an availability finding
133,IDEA Latinoamérica,Jump Chile - Cómo postular,https://jumpchile.com/como-postular/,Search lead; not an availability finding
133,IDEA Latinoamérica,LADAWARDS 2026 - Información General,https://ladawards.org/2026/en/page/informacion-general,Search lead; not an availability finding
133,IDEA Latinoamérica,Jump Chile - Etapa 0,https://jumpchile.com/metodologia/etapa-0/,Search lead; not an availability finding
133,IDEA Latinoamérica,Jump Chile - Preguntas frecuentes,https://jumpchile.com/preguntas-frecuentes/,Search lead; not an availability finding
133,IDEA Latinoamérica,Becas para latinoamericanos ¡aquí!,https://www.becas.com/becas-para-latinoamericanos,Search lead; not an availability finding
133,IDEA Latinoamérica,Search | International IDEA,https://www.idea.int/search,Search lead; not an availability finding
133,IDEA Latinoamérica,Incubacen | Jump,https://incubacen.exactas.uba.ar/?p=4023,Search lead; not an availability finding
133,IDEA Latinoamérica,See It Be It Latam - Festival El Dorado,https://www.festivaleldorado.com/academias/see-it-be-it-latam,Search lead; not an availability finding
133,IDEA Latinoamérica,Licenciaturas IDEA - Universidad Galileo,https://www.galileo.edu/idea/carrera/licenciaturas/,Search lead; not an availability finding
133,IDEA Latinoamérica,El Tecnológico de Monterrey lanza convocatoria Edtech: IFE Accelerator 2026 y busca 10 startups de LATAM - Techla Media,https://techla.pro/2026/07/15/el-tecnologico-de-monterrey-lanza-convocatoria-edtech-ife-accelerator-2026-y-busca-10-startups-de-latam/,Search lead; not an availability finding
133,IDEA Latinoamérica,Convocatorias del IFEA,https://www.ifea.org.pe/convocatorias/,Search lead; not an availability finding
133,IDEA Latinoamérica,Australasian Student Services | Tu futuro sin fronteras,https://australasian.com.co/,Search lead; not an availability finding
133,IDEA Latinoamérica,"Perú, Chile y México, país en donde fui gerente regional. Me quedé hasta febrero del 2002. Me fui de la compañía con la idea de abrir Universal Student Exchange (USE) y consolidar el programa de intercambio. Todos me decían que estaba loco por intentar promover un programa de este tipo luego del ataque a Nueva York del 11 de septiembre del 2001.",https://www.up.edu.pe/fondoeditorial/SiteAssets/Memorias_de_Egresados_UP_2012.pdf,Search lead; not an availability finding
133,IDEA Latinoamérica,"9/19/23, 4:56 PM",https://cdn.wildapricot.com/295306/resources/Documents/ASEH%20News%20Summer%202023.pdf?Key-Pair-Id=K27MGQSHTHAGGF&Policy=eyJTdGF0ZW1lbnQiOiBbeyJSZXNvdXJjZSI6Imh0dHBzOi8vY2RuLndpbGRhcHJpY290LmNvbS8yOTUzMDYvcmVzb3VyY2VzL0RvY3VtZW50cy9BU0VIJTIwTmV3cyUyMFN1bW1lciUyMDIwMjMucGRmP3ZlcnNpb249MTY5NTE2MDY4NjAwMCIsIkNvbmRpdGlvbiI6eyJEYXRlTGVzc1RoYW4iOnsiQVdTOkVwb2NoVGltZSI6MTc3MDgxNDYyNX0sIklwQWRkcmVzcyI6eyJBV1M6U291cmNlSXAiOiIwLjAuMC4wLzAifX19XX0_&Signature=c~5QyC5oMNkblzUEyL6raWCji-27fYNroV~tGEql~pAU3rFE3FooXuZAI6WBQ1I8vkxgHfOcqtRs69UtZOU76wnbT~NhQ8rYjUs0J7ZlGaOJsWkqz6uIasVTohuioDrkgGuQ65n6I5jCOihVqytwk5PP72wNAi2jXWUwtHvSiIFSKNA5wyDPrdr8tzaem50EFTVkcTdFp~DBaPGZMKGt9ph4LamshTk9phsVDeYye9wUoq6xzYnQw4Cu4mFe84QxfuUUfF0ouksZkLykcATRw~znCUGDwv7B2MzNr0gQVnlfbNSuscUp2izAg132CbKI6uLODudlhFysZ~R78s33Kg__&version=1695160686000,Search lead; not an availability finding
133,IDEA Latinoamérica,"jueves 15 junio, 2023 | año viii  | número 10",https://investigacion.utem.cl/wp-content/uploads/2023/06/newsletter-viii-15062023.pdf,Search lead; not an availability finding
133,IDEA Latinoamérica,NoticIEEEro #80,https://r9.ieee.org/wp-content/uploads/2020/07/NoticIEEEro_93.pdf,Search lead; not an availability finding
133,IDEA Latinoamérica,PhD Student. Lenin Stalin,https://mawil.us/wp-content/uploads/2022/01/desafios-y-futuros-vrituales-frente-al-covid19.pdf,Search lead; not an availability finding
133,IDEA Latinoamérica,Spain’s role in International Student Mobility with Latin America as a strategic tool to strengthen EU–LAC relations,https://eulacfoundation.org/system/files/digital_library/2026-02/master-s-thesis-lucia-villegas.pdf,Search lead; not an availability finding
135,RELIAL,Relial - Relial,https://relial.org/relial/,Search lead; not an availability finding
135,RELIAL,Concurso Vargas Llosa – Relial,https://relial.org/concurso-vargas-llosa/,Search lead; not an availability finding
135,RELIAL,Índices - Relial,https://relial.org/indices/,Search lead; not an availability finding
135,RELIAL,Inicio - Relial,https://relial.org/,Search lead; not an availability finding
135,RELIAL,Elecciones Relial 2022 - Relial,https://relial.org/elecciones-relial-2022/,Search lead; not an availability finding
135,RELIAL,Convocatoria: Publica en la revista del Seminario – Relial,https://relial.org/convocatoria-publica-en-la-revista-del-seminario/,Search lead; not an availability finding
135,RELIAL,Convocatoria abierta para seminario permanente sobre China - Relial,https://relial.org/convocatoria-abierta-para-seminario-permanente-sobre-china/,Search lead; not an availability finding
135,RELIAL,Buscamos relaciones públicas para documental – Relial,https://relial.org/buscamos-relaciones-publicas-para-documental/,Search lead; not an availability finding
135,RELIAL,Seminario de Investigación – Relial,https://relial.org/la-influencia-de-china-en-america-latina-2/,Search lead; not an availability finding
135,RELIAL,Quinto concurso de Caricatura Caminos de la Libertad – Relial,https://relial.org/quinto-concurso-de-caricatura-caminos-de-la-libertad/,Search lead; not an availability finding
135,RELIAL,CONVOCATORIA – Relial,https://relial.org/convocatoria/,Search lead; not an availability finding
135,RELIAL,Un homenaje al pensamiento liberal de Mario Vargas Llosa desde América Latina – Relial,https://relial.org/un-homenaje-al-pensamiento-liberal-de-mario-vargas-llosa-desde-america-latina/,Search lead; not an availability finding
136,Tikvah Fund,Tikvah Legal Fellowship - Tikvah,https://tikvah.org/tikvah-legal-fellowship/,Search lead; not an availability finding
136,Tikvah Fund,Tikvah Academic Fellowship - Tikvah,https://tikvah.org/academic-fellowship/,Search lead; not an availability finding
136,Tikvah Fund,Menachem Begin Scholars - Tikvah,https://tikvah.org/begin-scholars/,Search lead; not an availability finding
136,Tikvah Fund,Tikvah Israel Fellowship - Tikvah,https://tikvah.org/overseas/,Search lead; not an availability finding
136,Tikvah Fund,Tikvah Collegiate Forum Fellowship - Tikvah,https://tikvah.org/tikvah-collegiate-forum/exodus-fellowship/,Search lead; not an availability finding
136,Tikvah Fund,Apply Now - Tikvah,https://tikvah.org/academic-fellowship/apply/,Search lead; not an availability finding
136,Tikvah Fund,Applications Closed - Tikvah,https://tikvah.org/beren-fellowship/applications-closed/,Search lead; not an availability finding
136,Tikvah Fund,Program Overview - Tikvah,https://tikvah.org/overseas/curriculum/,Search lead; not an availability finding
136,Tikvah Fund,Apply Now - Tikvah,https://tikvah.org/krauthammer-fellowship-1/apply/,Search lead; not an availability finding
136,Tikvah Fund,Krauthammer Fellowship - Tikvah,https://tikvah.org/krauthammer-fellowship/,Search lead; not an availability finding
136,Tikvah Fund,Program Structure and Schedule - Tikvah,https://tikvah.org/academic-fellowship/program-structure-and-schedule/,Search lead; not an availability finding
136,Tikvah Fund,Retreats - Tikvah,https://tikvah.org/solomon-fellowship/retreats/,Search lead; not an availability finding
137,Shalem College,קולות קוראים למענקים ולפרסומים - המרכז האקדמי שלם,https://shalem.ac.il/he/call_for_proposals/,Search lead; not an availability finding
137,Shalem College,Fear No Evil - Shalem College,https://shalem.ac.il/en/fear-no-evil/,Search lead; not an availability finding
137,Shalem College,The Arthur Fried Fellowship - Shalem College,https://shalem.ac.il/en/the-arthur-fried-fellowship/,Search lead; not an availability finding
137,Shalem College,The Shalem College Cheat Sheet,https://shalem.ac.il/en/cheat-sheet/,Search lead; not an availability finding
137,Shalem College,FAQ - Shalem College,https://shalem.ac.il/en/faq/,Search lead; not an availability finding
137,Shalem College,Civic Formation - Shalem College,https://shalem.ac.il/en/civic-formation/,Search lead; not an availability finding
137,Shalem College,Giving Young Professionals that Final Push - Shalem College,https://shalem.ac.il/en/news/giving-young-professionals-that-final-push/,Search lead; not an availability finding
137,Shalem College,From Tech to Teaching Tomorrow’s Leaders - Shalem College,https://shalem.ac.il/en/news/from-tech-to-teaching-tomorrows-leaders/,Search lead; not an availability finding
137,Shalem College,מדריך לחיפוש ב-,https://shalem.ac.il/he/wp-content/uploads/sites/20/2020/11/Google_Scholar.pdf,Search lead; not an availability finding
137,Shalem College,"Cultivating a New Generation of Zionists, One Orchard at a Time - Shalem College",https://shalem.ac.il/en/news/cultivating-a-new-generation-of-zionists-one-orchard-at-a-time/,Search lead; not an availability finding
137,Shalem College,Faculty - Shalem College,https://shalem.ac.il/en/faculty/,Search lead; not an availability finding
137,Shalem College,Teaching Excellence: Shalem Launches the Arthur Fried Fellowship - Shalem College,https://shalem.ac.il/en/news/teaching-excellence-shalem-launches-the-arthur-fried-fellowship/,Search lead; not an availability finding
137,Shalem College,מיון ללימודים במרכז האקדמי שלם מאיה,https://shalem.ac.il/he/wp-content/uploads/sites/20/2024/07/DUGMAOT-MAYA-ENG-2024.pdf,Search lead; not an availability finding
137,Shalem College,A College Course to Change Minds and Lives - Shalem College,https://shalem.ac.il/en/news/a-college-course-to-change-minds-and-lives/,Search lead; not an availability finding
137,Shalem College,"JSTOR
 
 
מאגר ארכיוני של כתבי-
.עת אקדמיים בתחומי",https://shalem.ac.il/he/wp-content/uploads/sites/20/2020/11/JSTOR.pdf,Search lead; not an availability finding
139,Kohelet Policy Forum,The International Law Clinic at Kohelet is Recruiting Israeli Students - kohelet,https://www.kohelet.org.il/en/article/the-international-law-clinic-at-kohelet-is-recruiting-israeli-students/,Search lead; not an availability finding
139,Kohelet Policy Forum,Recommendations:,https://www.kohelet.org.il/wp-content/uploads/2025/06/academic-degrees-in-Israel-2-1.pdf,Search lead; not an availability finding
139,Kohelet Policy Forum,Oversight Mechanisms for Filing Indictments in Israel,https://www.kohelet.org.il/wp-content/uploads/2026/05/Oversight-Mechanisms-Indictments.pdf,Search lead; not an availability finding
139,Kohelet Policy Forum,Teaching Staff Shortage: The Minister Must Decide Between Preserving Centralization and the Good of Schoolchildren - kohelet,https://www.kohelet.org.il/en/article/teaching-staff-shortage-the-minister-must-decide-between-preserving-centralization-and-the-good-of-schoolchildren/,Search lead; not an availability finding
139,Kohelet Policy Forum,New Initiative to Bring US Students to Study in Israel - kohelet,https://www.kohelet.org.il/en/article/new-initiative-to-bring-us-students-to-study-in-israel/,Search lead; not an availability finding
139,Kohelet Policy Forum,Applying the Israel Antiquities Law in Judea and Samaria – Legal Memo - kohelet,https://www.kohelet.org.il/en/article/applying-the-israel-antiquities-law-in-judea-and-samaria-legal-memo/,Search lead; not an availability finding
139,Kohelet Policy Forum,Requirements for Recognition and Budgets: A Comparative Study - kohelet,https://www.kohelet.org.il/en/article/requirements-for-recognition-and-budgets-a-comparative-study/,Search lead; not an availability finding
139,Kohelet Policy Forum,The Budget Discrimination of Public School Students in the Education System is Only a Symptom of the Real Issue - kohelet,https://www.kohelet.org.il/en/article/the-budget-discrimination-of-public-school-students-in-the-education-system-is-only-a-symptom-of-the-real-issue/,Search lead; not an availability finding
139,Kohelet Policy Forum,"2 //

The gaps in Israel's gross domestic product",https://www.kohelet.org.il/wp-content/uploads/2024/05/The-Performance-of-Israels-Economy.-chartbook-2022.pdf,Search lead; not an availability finding
139,Kohelet Policy Forum,Preliminary Thoughts on the War with Iran - kohelet,https://www.kohelet.org.il/en/article/preliminary-thoughts-of-the-war-with-iran/,Search lead; not an availability finding
139,Kohelet Policy Forum,Humanitarian Aid to,https://www.kohelet.org.il/wp-content/uploads/2025/05/250514-Humanitarian-Aid-to-the-Gaza-Strip-and-International-Law-1.pdf,Search lead; not an availability finding
139,Kohelet Policy Forum,Offense is the Best Defense:,https://www.kohelet.org.il/wp-content/uploads/2024/05/240520-Offense-is-the-Best-Defense-Israels-ICC-Strategy-.pdf,Search lead; not an availability finding
140,Lebanese Institute for Market Studies (LIMS),Career | LIMS - Institute for Market Studies,https://old.limslb.com/en/career/,Search lead; not an availability finding
140,Lebanese Institute for Market Studies (LIMS),PRISM - LIMS,https://limslb.com/prism/,Search lead; not an availability finding
140,Lebanese Institute for Market Studies (LIMS),Lebanon ’s Telecom Plan Risks Repeating a Failed Duopoly Model - LIMS,https://limslb.com/news-60014/?lang=en,Search lead; not an availability finding
140,Lebanese Institute for Market Studies (LIMS),Assistant | LIMS - Institute for Market Studies,https://old.limslb.com/en/career/jobs/assistant/,Search lead; not an availability finding
140,Lebanese Institute for Market Studies (LIMS),السوق السوداء - LIMS,https://limslb.com/data/black-market/page/2/?lang=en,Search lead; not an availability finding
140,Lebanese Institute for Market Studies (LIMS),Lebanon’s Power Crisis: How Bottom-Up Reform May Succeed Where the State Has Failed - LIMS,https://limslb.com/news-58885/,Search lead; not an availability finding
140,Lebanese Institute for Market Studies (LIMS),CBSP - LIMS,https://limslb.com/cbsp/?lang=en,Search lead; not an availability finding
140,Lebanese Institute for Market Studies (LIMS),Electricity Overhaul: Government Signals End to State Monopoly - LIMS,https://limslb.com/news-57059/,Search lead; not an availability finding
140,Lebanese Institute for Market Studies (LIMS),Lebanon’s Northern Airport Halted Amid War and Minister’s Shift - LIMS,https://limslb.com/news-60010/,Search lead; not an availability finding
140,Lebanese Institute for Market Studies (LIMS),Lebanon’s Banking Resolution Stalls Amid Tussle Over Central‑Bank Authority - LIMS,https://limslb.com/news-60645/,Search lead; not an availability finding
140,Lebanese Institute for Market Studies (LIMS),Lebanon’s 2026 Budget Highlights the Urgent Need for Tax Reform - LIMS,https://limslb.com/news-58474/,Search lead; not an availability finding
140,Lebanese Institute for Market Studies (LIMS),Lebanon’s René Moawad Qlayaat Airport: Opportunity or Repeat Monopoly? - LIMS,https://limslb.com/news-60641/,Search lead; not an availability finding
140,Lebanese Institute for Market Studies (LIMS),Electoral Impact in Times of Economic Crisis: Lessons from the Lebanon,https://limslb.com/wp-content/uploads/2023/03/Electoral-Impact-of-Economics-Evidence-from-Lebanese-Parliamentary-Elections-V7.pdf,Search lead; not an availability finding
141,Egyptian Center for Economic Studies,"<table id=""e1"">",https://eces.org.eg/wp-content/uploads/2025/12/W-P-En-245.pdf,Search lead; not an availability finding
141,Egyptian Center for Economic Studies,On the Government’s 2024 Work Program - ECES,https://eces.org.eg/en/?p=35216,Search lead; not an availability finding
141,Egyptian Center for Economic Studies,Table 6.9.: Distribution of Job Demand by Education Level (Q4 2021 – Q4 2024),https://eces.org.eg/wp-content/uploads/2025/07/W-P-En-241.pdf,Search lead; not an availability finding
141,Egyptian Center for Economic Studies,"Impact of Rising Energy Costs for the Business Community, according to the ECES Business Barometer - ECES",https://eces.org.eg/en/impact-of-rising-energy-costs-for-the-business-community-according-to-the-eces-business-barometer/,Search lead; not an availability finding
141,Egyptian Center for Economic Studies,Selected Books Archives - ECES,https://eces.org.eg/en/category/selected-books/,Search lead; not an availability finding
141,Egyptian Center for Economic Studies,Working Papers Archives - ECES,https://eces.org.eg/en/category/working-papers/,Search lead; not an availability finding
141,Egyptian Center for Economic Studies,Conferences and Workshops Archives - ECES,https://eces.org.eg/en/eces_event_category/conferences-and-workshops/,Search lead; not an availability finding
141,Egyptian Center for Economic Studies,ECES,https://eces.org.eg/en/?lang=en,Search lead; not an availability finding
141,Egyptian Center for Economic Studies,Voice of Africa - ECES,https://eces.org.eg/en/voice-of-africa/,Search lead; not an availability finding
142,Middle East Forum,MEF Announces the Junior Fellows Program - Middle East Forum,https://www.meforum.org/mef-announces-the-junior-fellows-program,Search lead; not an availability finding
142,Middle East Forum,Case 1:26-cv-02367     Document 1     Filed 03/23/26     Page 1 of 38,https://cdn-mef.meforum.org/40/45/3955524e4a328d6cee7d4d6fb240/irusa-vs-irw.pdf,Search lead; not an availability finding
142,Middle East Forum,Fighting Back Against Lawfare - Middle East Forum,https://www.meforum.org/islamist-watch/fighting-back-against-lawfare?p=2,Search lead; not an availability finding
142,Middle East Forum,The Defense of Civil Rights in Academia (DCRA) Project - Middle East Forum,https://www.meforum.org/campus-watch/the-defense-of-civil-rights-in-academia-dcra?p=2,Search lead; not an availability finding
142,Middle East Forum,Iran’s Use of Psychological Warfare Against Its,https://cdn-mef.meforum.org/03/e4/99c97f45474793ecbeab433129fa/babak-pdf-final.pdf,Search lead; not an availability finding
142,Middle East Forum,Education Globalization [incl. Bassam Frangieh] - Middle East Forum,https://www.meforum.org/campus-watch/education-globalization-incl-bassam-frangieh,Search lead; not an availability finding
142,Middle East Forum,Summer 2017 Internship Opportunities - Middle East Forum,https://www.meforum.org/summer-2017-internship-opportunities,Search lead; not an availability finding
142,Middle East Forum,"<table id=""e1"">",https://cdn-mef.meforum.org/09/ff/79941c5944f6ba61329781388d91/mef-from-subsidy-to-sovereignty-apr2026.pdf,Search lead; not an availability finding
142,Middle East Forum,!MEQ09Template,https://cdn-mef.meforum.org/b3/88/9ece9d1cd91953a8e242feb9655b/2756.pdf,Search lead; not an availability finding
142,Middle East Forum,Manufacturing the Homeland Security Campus and Cadre - Middle East Forum,https://www.meforum.org/campus-watch/manufacturing-the-homeland-security-campus,Search lead; not an availability finding
142,Middle East Forum,"Federal Funding to Support UChicago Language Instruction, Graduate Education - Middle East Forum",https://www.meforum.org/campus-watch/federal-funding-to-support-uchicago-language,Search lead; not an availability finding
142,Middle East Forum,Applications Being Accepted for Scholarships to Study Arabic at Penn State - Middle East Forum,https://www.meforum.org/campus-watch/applications-being-accepted-for-scholarships-to,Search lead; not an availability finding
142,Middle East Forum,UA International Programs Bolstered by $4.8M in Funding - Middle East Forum,https://www.meforum.org/campus-watch/ua-international-programs-bolstered-by-48m-in,Search lead; not an availability finding
142,Middle East Forum,"Brown University Unveils Palestinian Studies Fellowship [incl. Beshara Doumani, Adi Ophir] - Middle East Forum",https://www.meforum.org/campus-watch/brown-university-unveils-palestinian-studies,Search lead; not an availability finding
143,Free Market Foundation,PROMOTION OF ECONOMIC ACTIVITY BILL,https://freemarketfoundation.com/wp-content/uploads/2024/07/Radical-Economic-Transformation-The-legal-route-to-economic-freedom.pdf,Search lead; not an availability finding
143,Free Market Foundation,FMF Career Opportunity: Digital Media Officer | Free Market Foundation,https://freemarketfoundation.com/fmf-career-opportunity-digital-media-officer/,Search lead; not an availability finding
143,Free Market Foundation,Freedom begins with free speech | Free Market Foundation,https://freemarketfoundation.com/freedom-begins-with-free-speech/,Search lead; not an availability finding
143,Free Market Foundation,Ulawulo Lomthetho/Ngokomthetho,https://freemarketfoundation.com/wp-content/uploads/2023/11/2019.03.04-Submission-on-Conduct-of-Financial-Institutions-Bill.pdf,Search lead; not an availability finding
143,Free Market Foundation,Free Market Foundation congratulates Dr Martin van Staden on his doctorate in law | Free Market Foundation,https://freemarketfoundation.com/free-market-foundation-congratulates-dr-martin-van-staden-on-his-doctorate-in-law/,Search lead; not an availability finding
143,Free Market Foundation,Spontaneous Order | Free Market Foundation,https://freemarketfoundation.com/spontaneous-order/,Search lead; not an availability finding
143,Free Market Foundation,The DA and IFP must now prove their dedication to federalism | Free Market Foundation,https://freemarketfoundation.com/the-da-and-ifp-must-now-prove-their-dedication-to-federalism/,Search lead; not an availability finding
143,Free Market Foundation,Why the withdrawal of South Africa’s draft AI policy is justified | Free Market Foundation,https://freemarketfoundation.com/why-the-withdrawal-of-south-africas-draft-ai-policy-is-justified/,Search lead; not an availability finding
143,Free Market Foundation,Offensive speech is still protected speech | Free Market Foundation,https://freemarketfoundation.com/offensive-speech-is-still-protected-speech/,Search lead; not an availability finding
143,Free Market Foundation,Individual and societal gains realised after the dissolution of communism in Central and Eastern Europe | Free Market Foundation,https://freemarketfoundation.com/individual-and-societal-gains-realised-after-the-dissolution-of-communism-in-central-and-eastern-europe/,Search lead; not an availability finding
143,Free Market Foundation,Train more doctors to lower healthcare costs | Free Market Foundation,https://freemarketfoundation.com/train-more-doctors-to-lower-healthcare-costs/,Search lead; not an availability finding
143,Free Market Foundation,Weight-loss drugs and freedom of choice | Free Market Foundation,https://freemarketfoundation.com/weight-loss-drugs-and-freedom-of-choice/,Search lead; not an availability finding
143,Free Market Foundation,Hatred never stops | Free Market Foundation,https://freemarketfoundation.com/hatred-never-stops/,Search lead; not an availability finding
143,Free Market Foundation,Buckle up for slow reform in SA | Free Market Foundation,https://freemarketfoundation.com/buckle-up-for-slow-reform-in-sa/,Search lead; not an availability finding
145,African Liberty,African Liberty Writing Fellowship 2026/2027 - African Liberty,https://www.africanliberty.org/2026fellowship/,Search lead; not an availability finding
145,African Liberty,Internship: Gain Professional Experience Advancing Liberty in Africa,https://www.africanliberty.org/internship/,Search lead; not an availability finding
145,African Liberty,2025/2026 African Liberty Writing Fellowship - African Liberty,https://www.africanliberty.org/2025fellowship/,Search lead; not an availability finding
145,African Liberty,"Public Eye
1 | --- | --- 1 |Friday January 23, 202",https://www.africanliberty.org/wp-content/uploads/2026/01/Peye-04-Khatebe.pdf,Search lead; not an availability finding
145,African Liberty,2024/2025 African Liberty Writing Fellowship - African Liberty,https://www.africanliberty.org/2024fellowship/,Search lead; not an availability finding
145,African Liberty,2 Days To Go! Hurry! Apply For The African Students for Liberty Leadership Programme - African Liberty,https://www.africanliberty.org/?p=2757,Search lead; not an availability finding
145,African Liberty,African Liberty Internship - African Liberty,https://www.africanliberty.org/al-internship/,Search lead; not an availability finding
145,African Liberty,2023/2024 African Liberty Writing Fellowship,https://www.africanliberty.org/2023fellowship/,Search lead; not an availability finding
145,African Liberty,Africa's AI Skills Gap Restricts the Economic Freedom of Youth,https://www.africanliberty.org/2026/07/01/africas-ai-skills-gap-restricts-the-economic-freedom-of-youths/,Search lead; not an availability finding
145,African Liberty,VACANCY: African Programs Associate at Students For Liberty - African Liberty,https://www.africanliberty.org/2017/09/21/vacancy-african-programs-associate-at-students-for-liberty/,Search lead; not an availability finding
145,African Liberty,African Liberty launches $3000 essay competition for African undergraduates - African Liberty,https://www.africanliberty.org/2013/04/01/african-liberty-launches-3000-essay-competition-for-african-undergraduates/,Search lead; not an availability finding
145,African Liberty,JOB OPENING: African Programs Manager At Students For Liberty - African Liberty,https://www.africanliberty.org/2017/06/21/job-opening-african-programs-manager-at-students-for-liberty/,Search lead; not an availability finding
145,African Liberty,Applications Open For African Students For Liberty's Local Coordinator Programme - African Liberty,https://www.africanliberty.org/2017/03/19/applications-open-for-african-students-for-libertys-local-coordinator-programme/,Search lead; not an availability finding
147,Free Africa Foundation,United Nations Civil Society Participation – General,https://esango.un.org/civilsociety/showProfileDetail.do?method=showProfileDetails&profileCode=608194,Search lead; not an availability finding
147,Free Africa Foundation,United Nations Search results for CSos,https://esango.un.org/civilsociety/withOutLogin.do?from=list&method=getOrgsByRegionsCode&ngoFlag=&orgByRegionCode=1&orgByRegionName=Africa&sessionCheck=false&show=70000,Search lead; not an availability finding
147,Free Africa Foundation,pbos | The Public Benefit Organizations Regulatory Authority,https://www.pbora.go.ke/pbos,Search lead; not an availability finding
147,Free Africa Foundation,BY SAM CHERRIBI |Malaria,https://www.astmh.org/getattachment/Awards-Fellowships-Medals/Awards-and-Honors/MFI-Legacy-Travel-Award/4-MFI_Advocacy-Media-Coverage-and-Press-Releases_January-2024.pdf,Search lead; not an availability finding
147,Free Africa Foundation,Normal.dot,https://digitallibrary.un.org/record/3945330/files/E_2022_32_%28Part_I%29-AR.pdf,Search lead; not an availability finding
147,Free Africa Foundation,Africa Fighting Malaria Press Release | Malaria Awards 2007 Announced by Malaria Foundation International (MFI),https://www.fightingmalaria.org/pressrelease_id_895,Search lead; not an availability finding
147,Free Africa Foundation,Nations Unies,https://documents.un.org/api/symbol/access?l=fr&s=E%2F2022%2F32%28PartI%29&t=pdf,Search lead; not an availability finding
147,Free Africa Foundation,"<table id=""e1"">",https://ngobureau.go.ke/wp-content/uploads/2024/01/COMPLIANT-NGOs-AS-AT-JANUARY-9-2024.pdf,Search lead; not an availability finding
147,Free Africa Foundation,Decision 2021/210,https://ecosoc.un.org/sites/default/files/documents/2023/decision-2021210.pdf,Search lead; not an availability finding
147,Free Africa Foundation,2013-2014 SFL Annual Report - Flip eBook Pages 1-20 | AnyFlip,https://anyflip.com/udkg/mxrq/basic/,Search lead; not an availability finding
147,Free Africa Foundation,Naciones Unidas,https://digitallibrary.un.org/record/3945330/files/E_2022_32_%28Part_I%29-ES.pdf,Search lead; not an availability finding
147,Free Africa Foundation,"George Ayittey's critique of ""coconut republics"" — too good to keep to ourselves | TED Blog",https://blog.ted.com/george_ayitteys/,Search lead; not an availability finding
147,Free Africa Foundation,Free Africa Foundation,https://en.wikipedia.org/wiki/Free_Africa_Foundation,Search lead; not an availability finding
147,Free Africa Foundation,George Ayittey - Free Africa Foundation | LinkedIn,https://www.linkedin.com/in/ayittey,Search lead; not an availability finding
147,Free Africa Foundation,Free Africa Foundation donations received,https://donations.vipulnaik.com/donee.php?donee=Free+Africa+Foundation,Search lead; not an availability finding
147,Free Africa Foundation,The Zimbabwe Situation,https://www.zimbabwesituation.com/old/mar28a_2007.html,Search lead; not an availability finding
147,Free Africa Foundation,Free Africa Foundation Inc - Nonprofit Explorer - ProPublica,https://projects.propublica.org/nonprofits/organizations/521849803,Search lead; not an availability finding
147,Free Africa Foundation,Elite Africa Project,https://www.eliteafricaproject.org/elite-africa-database/free-africa-foundation,Search lead; not an availability finding
147,Free Africa Foundation,Dunk Malaria | Health,https://health.comminit.com/content/dunk-malaria,Search lead; not an availability finding
147,Free Africa Foundation,Free Africa Foundation,https://es.wikipedia.org/wiki/Free_Africa_Foundation,Search lead; not an availability finding
148,Students for Liberty Africa,Local Coordinator Program - Students For Liberty,https://studentsforliberty.org/south-asia-old/local-coordinator-program/,Search lead; not an availability finding
148,Students for Liberty Africa,Application - Students For Liberty,https://studentsforliberty.org/mena/application/,Search lead; not an availability finding
148,Students for Liberty Africa,Application - Students For Liberty,https://studentsforliberty.org/europe/application/,Search lead; not an availability finding
148,Students for Liberty Africa,Latin American Programs Intern - Students For Liberty,https://studentsforliberty.org/jobs/latin-american-programs-intern/,Search lead; not an availability finding
148,Students for Liberty Africa,Local Coordinator Program - Students For Liberty,https://studentsforliberty.org/africa/local-coordinator-program/,Search lead; not an availability finding
148,Students for Liberty Africa,NAP April-May Update: What's Changing in North America Programs · FY27 - Students For Liberty,https://studentsforliberty.org/blog/nap-april-may-update-whats-changing-in-north-america-programs-%C2%B7-fy27/,Search lead; not an availability finding
148,Students for Liberty Africa,LibertyCon 2026: Europe’s Liberty Movement Comes to Spain - Students For Liberty,https://studentsforliberty.org/blog/libertycon-europe-2026/,Search lead; not an availability finding
148,Students for Liberty Africa,North America - Students For Liberty,https://studentsforliberty.org/north-america/,Search lead; not an availability finding
148,Students for Liberty Africa,Global Performance Department Intern - Students For Liberty,https://studentsforliberty.org/brazil/jobs/global-performance-department-intern/,Search lead; not an availability finding
148,Students for Liberty Africa,Group Development Program - Students For Liberty,https://studentsforliberty.org/north-america/group-development-program/,Search lead; not an availability finding
148,Students for Liberty Africa,Students For Liberty South Asia Announces Extending Deadline for Local Coordinator Program Applications - Students For Liberty,https://studentsforliberty.org/blog/students-for-liberty-south-asia-local-coordinator-program-deadline-extended/,Search lead; not an availability finding
148,Students for Liberty Africa,REGIONAL COORDINATOR PROGRAM - Students For Liberty,https://studentsforliberty.org/africa/regional-coordinator-program/,Search lead; not an availability finding
149,Africa Liberty Forum,Atlas Network | Regional Liberty Forums,https://www.atlasnetwork.org/events/regional-liberty-forums,Search lead; not an availability finding
149,Africa Liberty Forum,Atlas Network | Marketing and Communications Internship,https://www.atlasnetwork.org/pages/careers/internships/marketing-and-communications-internship,Search lead; not an availability finding
149,Africa Liberty Forum,Atlas Network | Development Internship,https://www.atlasnetwork.org/pages/careers/internships/development-internship,Search lead; not an availability finding
149,Africa Liberty Forum,Atlas Network | Graphic Design Internship,https://www.atlasnetwork.org/pages/careers/internships/graphic-design-internship,Search lead; not an availability finding
149,Africa Liberty Forum,Atlas Network | The Templeton Freedom Award,https://connect.atlasnetwork.org/awards/the-templeton-freedom-award,Search lead; not an availability finding
149,Africa Liberty Forum,Atlas Network | Smith Student Outreach Award,https://www.atlasnetwork.org/awards/smith-student-outreach-award,Search lead; not an availability finding
149,Africa Liberty Forum,Atlas Network | Latin America Liberty Forum 2027,https://www.atlasnetwork.org/events/latin-america-liberty-forum-2027,Search lead; not an availability finding
149,Africa Liberty Forum,Atlas Network | Europe Liberty Forum 2027,https://www.atlasnetwork.org/events/europe-liberty-forum-2027,Search lead; not an availability finding
149,Africa Liberty Forum,Atlas Network | Regional Liberty Awards,https://www.atlasnetwork.org/awards/regional-liberty-awards,Search lead; not an availability finding
149,Africa Liberty Forum,Atlas Network | Events Coordinator,https://www.atlasnetwork.org/pages/careers/event-coordinator,Search lead; not an availability finding
149,Africa Liberty Forum,Atlas Economic Research Foundation,https://admin.atlasnetwork.org/assets/documents/financials/Atlas-22-FS-Final.pdf,Search lead; not an availability finding
149,Africa Liberty Forum,Atlas Network | Enhancing Student Talent Recruitment: Strategies for…,https://www.atlasnetwork.org/articles/enhancing-student-talent-recruitment,Search lead; not an availability finding
149,Africa Liberty Forum,Atlas Network | Training,https://www.atlasnetwork.org/training,Search lead; not an availability finding
150,EPICENTER,The Road to Post-pandemic Recovery - EPICENTER,https://www.epicenternetwork.eu/briefings/the-road-to-post-pandemic-recovery-4656/,Search lead; not an availability finding
150,EPICENTER,Who we are - EPICENTER,https://www.epicenternetwork.eu/who-we-are/,Search lead; not an availability finding
150,EPICENTER,"Such large, unexpected changes in subsidy policy suggest that, for instance, many farmers either sold off or slaughtered huge numbers of their livestock in 2010. This gave rise to further irregularities in the subsidy payouts that same year, as some farmers were eligible for subsidies for animals they no longer had.72",https://www.epicenternetwork.eu/wp-content/uploads/2024/02/QED.pdf,Search lead; not an availability finding
150,EPICENTER,Home - EPICENTER,https://www.epicenternetwork.eu/,Search lead; not an availability finding
150,EPICENTER,Research Fellows - EPICENTER,https://www.epicenternetwork.eu/research-fellows/,Search lead; not an availability finding
150,EPICENTER,TAX FOUNDATION | 67,https://www.epicenternetwork.eu/wp-content/uploads/2024/01/TF-ITCI23-Book_16-10_FV.pdf,Search lead; not an availability finding
150,EPICENTER,The DMA Compliance,https://www.epicenternetwork.eu/wp-content/uploads/2026/04/The-DMA-Compliance-Trap-How-the-EU-Is-Regulating-AI-Into-Insecurity-EPICENTER_2026.pdf,Search lead; not an availability finding
150,EPICENTER,Rule of law in,https://www.epicenternetwork.eu/wp-content/uploads/2024/01/raportruleoflaw022020.pdf,Search lead; not an availability finding
150,EPICENTER,EU Regulatory Observatory: The Digital Euro - EPICENTER,https://www.epicenternetwork.eu/briefings/eu-regulatory-observatory-the-digital-euro/,Search lead; not an availability finding
150,EPICENTER,EPICENTER Staff - EPICENTER,https://www.epicenternetwork.eu/epicenter-staff-2360/,Search lead; not an availability finding
150,EPICENTER,EPICENTER partners - EPICENTER,https://www.epicenternetwork.eu/epicenter-partners/,Search lead; not an availability finding
150,EPICENTER,facts and analysis,https://www.epicenternetwork.eu/wp-content/uploads/2023/12/Policy-brief-DMA-ENG.pdf,Search lead; not an availability finding
150,EPICENTER,EPICENTER members - EPICENTER,https://www.epicenternetwork.eu/epicenter-members/,Search lead; not an availability finding
150,EPICENTER,EPICENTER Board - EPICENTER,https://www.epicenternetwork.eu/epicenter-board/,Search lead; not an availability finding
150,EPICENTER,Vaping’s Image Problem - EPICENTER,https://www.epicenternetwork.eu/briefings/vapings-image-problem-3217/,Search lead; not an availability finding
151,4liberty.eu,Join New Economic School - Georgia on International Summer University and 8th International Summer Camp “Lessons of Liberty” - 4liberty.eu,https://4liberty.eu/join-new-economic-school-georgia-on-international-summer-university-and-8-th-international-summer-camp-lessons-of-liberty/,Search lead; not an availability finding
151,4liberty.eu,128 / REINVENTING FAMILY POLICIES IN CEE,https://4liberty.eu/wp-content/files/10-RADOVAN_URANA_FAMILY_POLICY_IN_SLOVAKIA_NEEDS_GOALS.pdf,Search lead; not an availability finding
151,4liberty.eu,Homepage - 4liberty.eu,https://4liberty.eu/,Search lead; not an availability finding
151,4liberty.eu,Estonia Close to Achieving Multilayer Air Defense - 4liberty.eu,https://4liberty.eu/estonia-close-to-achieving-multilayer-air-defense/,Search lead; not an availability finding
151,4liberty.eu,About Us - 4liberty.eu,https://4liberty.eu/about-us/,Search lead; not an availability finding
151,4liberty.eu,Open Letter: NO to Invitating Minister Heir of Nazism to EU Anti-Racism Group - 4liberty.eu,https://4liberty.eu/open-letter-no-to-invitating-minister-heir-of-nazism-to-eu-anti-racism-group/,Search lead; not an availability finding
151,4liberty.eu,2027 Presidential Election in France with Blanche Leridon [PODCAST] - 4liberty.eu,https://4liberty.eu/2027-presidential-election-in-france-with-blanche-leridon-podcast/,Search lead; not an availability finding
151,4liberty.eu,Join the Georgian Summer University in August! - 4liberty.eu,https://4liberty.eu/join-the-georgian-summer-university-in-august/,Search lead; not an availability finding
152,European Liberal Forum (ELF),"Call for Tender: Conference Production, Venue Rental and Audiovisual Services - EU Meets the Balkans Forum Sofia, Bulgaria - 2/2026 - The European Liberal Forum",https://liberalforum.eu/updates/call-for-tender-conference-production-venue-rental-and-audiovisual-services-eu-meets-the-balkans-forum-sofia-bulgaria-2-2026/,Search lead; not an availability finding
152,European Liberal Forum (ELF),Call for tenders: Catering and Venue Services in Brussels (ELF) - The European Liberal Forum,https://liberalforum.eu/call-for-tenders-catering-and-venue-services-in-brussels-elf/,Search lead; not an availability finding
152,European Liberal Forum (ELF),Call for Tender: AV Production and Translation Services for Freedom Games - The European Liberal Forum,https://liberalforum.eu/updates/call-for-tender-av-production-and-translation-services-for-freedom-games/,Search lead; not an availability finding
152,European Liberal Forum (ELF),Liberal Awards - The European Liberal Forum,https://liberalforum.eu/liberalawards/,Search lead; not an availability finding
152,European Liberal Forum (ELF),Young Changemakers’ Academy 2026 - The European Liberal Forum,https://liberalforum.eu/event/young-changemakers-academy-2026-2/,Search lead; not an availability finding
152,European Liberal Forum (ELF),Young Changemakers' Academy - Call for Applications - The European Liberal Forum,https://liberalforum.eu/event/young-changemakers-academy-call-for-applications/,Search lead; not an availability finding
152,European Liberal Forum (ELF),European Liberal Forum (ELF) - Call for Tender,https://liberalforum.eu/wp-content/uploads/2024/12/CALL-FOR-TENDER-Policy-and-Research-Support.pdf,Search lead; not an availability finding
152,European Liberal Forum (ELF),Call for Papers: ELF Capital Markets Union Study - The European Liberal Forum,https://liberalforum.eu/updates/call-for-papers-elf-capital-markets-union-study/,Search lead; not an availability finding
152,European Liberal Forum (ELF),Liberal Communicators Network (LCN): Non-Profit Academy - The European Liberal Forum,https://liberalforum.eu/event/liberal-communicators-network-lcn-non-profit-academy/,Search lead; not an availability finding
152,European Liberal Forum (ELF),Albania’s Enlargement: Why Citizens’ Voices Matter   - The European Liberal Forum,https://liberalforum.eu/updates/albanias-enlargement-why-citizens-voices-matter/,Search lead; not an availability finding
152,European Liberal Forum (ELF),Call for tenders - Legal Support Services - The European Liberal Forum,https://liberalforum.eu/call-for-tenders-legal-support-services/,Search lead; not an availability finding
153,Atlas Europe Liberty Forum,Atlas Network | Regional Liberty Forums,https://www.atlasnetwork.org/events/regional-liberty-forums,Search lead; not an availability finding
153,Atlas Europe Liberty Forum,Atlas Network | Marketing and Communications Internship,https://www.atlasnetwork.org/pages/careers/internships/marketing-and-communications-internship,Search lead; not an availability finding
153,Atlas Europe Liberty Forum,Atlas Network | Development Internship,https://www.atlasnetwork.org/pages/careers/internships/development-internship,Search lead; not an availability finding
153,Atlas Europe Liberty Forum,Atlas Network | Graphic Design Internship,https://www.atlasnetwork.org/pages/careers/internships/graphic-design-internship,Search lead; not an availability finding
153,Atlas Europe Liberty Forum,Atlas Network | The Templeton Freedom Award,https://connect.atlasnetwork.org/awards/the-templeton-freedom-award,Search lead; not an availability finding
153,Atlas Europe Liberty Forum,Atlas Network | Smith Student Outreach Award,https://www.atlasnetwork.org/awards/smith-student-outreach-award,Search lead; not an availability finding
153,Atlas Europe Liberty Forum,Atlas Network | Latin America Liberty Forum 2027,https://www.atlasnetwork.org/events/latin-america-liberty-forum-2027,Search lead; not an availability finding
153,Atlas Europe Liberty Forum,Atlas Network | Europe Liberty Forum 2027,https://www.atlasnetwork.org/events/europe-liberty-forum-2027,Search lead; not an availability finding
153,Atlas Europe Liberty Forum,Atlas Network | Regional Liberty Awards,https://www.atlasnetwork.org/awards/regional-liberty-awards,Search lead; not an availability finding
153,Atlas Europe Liberty Forum,Atlas Network | Events Coordinator,https://www.atlasnetwork.org/pages/careers/event-coordinator,Search lead; not an availability finding
153,Atlas Europe Liberty Forum,Atlas Economic Research Foundation,https://admin.atlasnetwork.org/assets/documents/financials/Atlas-22-FS-Final.pdf,Search lead; not an availability finding
153,Atlas Europe Liberty Forum,Atlas Network | Enhancing Student Talent Recruitment: Strategies for…,https://www.atlasnetwork.org/articles/enhancing-student-talent-recruitment,Search lead; not an availability finding
153,Atlas Europe Liberty Forum,Atlas Network | Training,https://www.atlasnetwork.org/training,Search lead; not an availability finding
154,Edmund Burke Foundation,Compensation and Benefits,https://burkefoundation.org/wp-content/uploads/careers/ExecutiveAssistantDescriptionFinal10-13-25.pdf,Search lead; not an availability finding
154,Edmund Burke Foundation,"- Effective project management and organizational skills, including the ability to coordinate, organize, prioritize, and execute multiple tasks; ability to meet deadlines",https://burkefoundation.org/wp-content/uploads/careers/BurkeFoundationStaffWriterJobDescriptionFinal4-15-25.pdf,Search lead; not an availability finding
154,Edmund Burke Foundation,"Position: 
Program Officer 
At the Burke Foundatio",https://burkefoundation.org/wp-content/uploads/careers/2023-10-11_Burke-Foundation-Program-Officer.pdf,Search lead; not an availability finding
154,Edmund Burke Foundation,Family Connects NJ - The Burke Foundation,https://burkefoundation.org/portfolio-item/family-connects-nj/,Search lead; not an availability finding
154,Edmund Burke Foundation,In praise of community doulas – Starting Early,https://newsletter.burkefoundation.org/2024/03/22/in-praise-of-community-doulas/,Search lead; not an availability finding
154,Edmund Burke Foundation,Advancing Knowledge,https://burkefoundation.org/wp-content/uploads/2025/08/KeystonesReplicationGuide_Oct2024.pdf,Search lead; not an availability finding
154,Edmund Burke Foundation,Let’s stop undervaluing health workers – Starting Early,https://newsletter.burkefoundation.org/2022/09/09/lets-stop-undervaluing-health-workers/,Search lead; not an availability finding
154,Edmund Burke Foundation,Centering — a revolution in healthcare – Starting Early,https://newsletter.burkefoundation.org/2024/10/25/centering-a-revolution-in-healthcare/,Search lead; not an availability finding
154,Edmund Burke Foundation,"Position: 
Program Associate 
The Burke Foundation",https://burkefoundation.org/wp-content/uploads/careers/2023-02-10_Burke-Foundation-Program-Associate.pdf,Search lead; not an availability finding
154,Edmund Burke Foundation,The Burke Foundation,https://burkefoundation.org/,Search lead; not an availability finding
154,Edmund Burke Foundation,When parents go back to school – Starting Early,https://newsletter.burkefoundation.org/2024/11/22/when-parents-go-back-to-school/,Search lead; not an availability finding
154,Edmund Burke Foundation,Maritza Raimundi-Petroski – The Burke Foundation,https://burkefoundation.org/interviews/2023-community-champion-maritza-raimundi-petroski/,Search lead; not an availability finding
154,Edmund Burke Foundation,Connected care = better care 🩺💕 – Starting Early,https://newsletter.burkefoundation.org/2026/03/27/connected-care-better-care/,Search lead; not an availability finding
155,New Direction,Young Leaders Academy | New Direction,https://newdirection.online/young-leaders-academy,Search lead; not an availability finding
155,New Direction,European Conservative Students | New Direction,https://newdirection.online/ecs,Search lead; not an availability finding
155,New Direction,Tendering 07/2025,https://newdirection.online/2020-uploads/Tender-2025-07.pdf,Search lead; not an availability finding
155,New Direction,Young Leaders Academy 2023 | New Direction,https://newdirection.online/young_leaders_academy_2023,Search lead; not an availability finding
155,New Direction,Tendering 04/2024,https://newdirection.online/2020-uploads/TENDER_04_2024.pdf,Search lead; not an availability finding
155,New Direction,Summer University: Roots of European Conservatism | New Direction,https://newdirection.online/event/summer_university_roots_of_european_conservatism,Search lead; not an availability finding
155,New Direction,European Conservative Students - Student Academy | New Direction,https://newdirection.online/event/european_conservative_students_student_academy,Search lead; not an availability finding
155,New Direction,"Atypical work is not a recent phenomenon. In a certain sense it is of all times and it is precisely in the standard employment relationship that it finds its rationale. After all, as soon as work is done in which one or more elements typical of the standard relationship are absent, we are dealing with atypical work.",https://newdirection.online/2018-publications-pdf/NDreportAutomation2020v2.pdf,Search lead; not an availability finding
155,New Direction,Círculo Maura | New Direction,https://newdirection.online/circulo-maura,Search lead; not an availability finding
155,New Direction,Círculo Maura: Ancient to Modern Thought Seminar | New Direction,https://newdirection.online/event/circulo_maura_ancient_to_modern_thought_seminar,Search lead; not an availability finding
155,New Direction,"Privacy Policy, Legal and Tenders | New Direction",https://newdirection.online/about/privacy-policy-legal,Search lead; not an availability finding
155,New Direction,Tendering 06/2025,https://newdirection.online/2020-uploads/Tender-2025-06.pdf,Search lead; not an availability finding
155,New Direction,Europe’s Mini-Omnibus for Defence: A Bureaucratic Reform Worth Paying Attention To | New Direction,https://newdirection.online/the-european-journal/article/europes_mini_omnibus_for_defence_a_bureaucratic_reform_worth_paying_attention_to,Search lead; not an availability finding
155,New Direction,Margaret Thatcher Awards | New Direction,https://newdirection.online/mta,Search lead; not an availability finding
155,New Direction,Tendering 02/2025,https://newdirection.online/2020-uploads/Tender-2025-02.pdf,Search lead; not an availability finding
156,Friedrich Naumann Foundation,Prácticas Profesionales: internship mexico,https://www.freiheit.org/es/mexico/realiza-tus-practicas-profesionales-con-nosotros,Search lead; not an availability finding
156,Friedrich Naumann Foundation,Join the Team!: Internship in Beirut,https://www.freiheit.org/lebanon/internship-beirut,Search lead; not an availability finding
156,Friedrich Naumann Foundation,Internship : Internship,https://www.freiheit.org/lebanon/call-internship-0,Search lead; not an availability finding
156,Friedrich Naumann Foundation,Liberal Communicators Network,https://www.freiheit.org/sites/default/files/2026-04/2026-tiktokization-of-everything.-fnf-call-for-applications.pdf,Search lead; not an availability finding
156,Friedrich Naumann Foundation,Scholarships of the Friedrich-Naumann-Foundation for Freedom | Friedrich-Naumann-Stiftung,https://www.freiheit.org/de/node/23491,Search lead; not an availability finding
156,Friedrich Naumann Foundation,International students,https://www.freiheit.org/marocco-and-algeria/international-students,Search lead; not an availability finding
156,Friedrich Naumann Foundation,Dhaka | Friedrich Naumann Foundation,https://www.freiheit.org/bangladesh,Search lead; not an availability finding
156,Friedrich Naumann Foundation,Scholarships for doctoral students | Friedrich-Naumann-Stiftung,https://www.freiheit.org/de/node/23489,Search lead; not an availability finding
156,Friedrich Naumann Foundation,Internship Opportunity: Call for Internship,https://www.freiheit.org/bangladesh/call-internship,Search lead; not an availability finding
156,Friedrich Naumann Foundation,Internships at FNF Jordan,https://www.freiheit.org/jordan/internships-fnf-jordan,Search lead; not an availability finding
156,Friedrich Naumann Foundation,Liberal Communicators Network (LCN): Non-,https://www.freiheit.org/sites/default/files/2021-05/call-for-application-lcn-non-profit-edition.pdf,Search lead; not an availability finding
156,Friedrich Naumann Foundation,Internship: Internship Opportunity,https://www.freiheit.org/indonesia/internship-opportunity,Search lead; not an availability finding
156,Friedrich Naumann Foundation,"Training: Tiny Tales, Big Impact: The Power of Storytelling and Short-form Video",https://www.freiheit.org/east-and-southeast-europe/tiny-tales-big-impact-power-storytelling-and-short-form-video,Search lead; not an availability finding
156,Friedrich Naumann Foundation,Sofia | Friedrich-Naumann-Stiftung,https://www.freiheit.org/vi/node/18992,Search lead; not an availability finding
157,Konrad-Adenauer-Stiftung,Local scholarship Sur-Place - Foundation Office Kazakhstan - Konrad-Adenauer-Stiftung,https://www.kas.de/en/web/kasachstan/veranstaltungen/detail/-/content/russkij,Search lead; not an availability finding
157,Konrad-Adenauer-Stiftung,Local scholarship Sur-Place - Foundation Office Kazakhstan - Konrad-Adenauer-Stiftung,https://www.kas.de/en/web/kasachstan/veranstaltungen/detail/-/content/local-scholarships-sur-place,Search lead; not an availability finding
157,Konrad-Adenauer-Stiftung,KAS-SAIIA 2027 Scholarship - Foundation Office South Africa - Konrad-Adenauer-Stiftung,https://www.kas.de/en/web/suedafrika/veranstaltungen/detail/-/content/kas-saiia-2027-scholarship,Search lead; not an availability finding
157,Konrad-Adenauer-Stiftung,Internship at KAS Philippines [en] - Foundation Office Philippines - Konrad-Adenauer-Stiftung,https://www.kas.de/en/web/philippinen/internship-at-kas-philippines-en-,Search lead; not an availability finding
157,Konrad-Adenauer-Stiftung,Internship Program - New York Office - Konrad-Adenauer-Stiftung,https://www.kas.de/en/web/newyork/static-contents-detail/-/content/praktikum-11,Search lead; not an availability finding
157,Konrad-Adenauer-Stiftung,Scholarship Programme KAS Greece/Cyprus - Foundation Office Greece and Cyprus - Konrad-Adenauer-Stiftung,https://www.kas.de/en/web/griechenland/veranstaltungen/detail/-/content/scholarship-programme-kas-greece-cyprus-2,Search lead; not an availability finding
157,Konrad-Adenauer-Stiftung,Wahlstation/Praktikum - Programa Estado de Derecho América Latina - Konrad-Adenauer-Stiftung,https://www.kas.de/es/web/rspla/wahlstation-praktikum,Search lead; not an availability finding
157,Konrad-Adenauer-Stiftung,Programm PDF,https://www.kas.de/documents/281190/40002113/KAS%2BScholarship%2BCall%2BNovember%2B2025.pdf/2ac3efad-b4af-22e0-9396-56a6c14c074e?t=1761815213993&version=1.0,Search lead; not an availability finding
157,Konrad-Adenauer-Stiftung,Call for Applications - Regionalprogramm Zentralasien - Konrad-Adenauer-Stiftung,https://www.kas.de/de/web/zentralasien/statische-inhalte-detail/-/content/call-for-applications-2028,Search lead; not an availability finding
157,Konrad-Adenauer-Stiftung,Sur-Place-Stipendium - Foundation Office Poland - Konrad-Adenauer-Stiftung,https://www.kas.de/en/web/polen/sur-place-stipendium,Search lead; not an availability finding
157,Konrad-Adenauer-Stiftung,...für Auszubildende - Scholarship and Culture - Konrad-Adenauer-Stiftung,https://www.kas.de/en/web/begabtenfoerderung-und-kultur/ausbildungsfoerderung,Search lead; not an availability finding
157,Konrad-Adenauer-Stiftung,Scholarship Programs from KAS Cambodia - Foundation Office Cambodia - Konrad-Adenauer-Stiftung,https://www.kas.de/en/web/kambodscha/static-contents-detail/-/content/scholarship-programs-from-kas-cambodia,Search lead; not an availability finding
157,Konrad-Adenauer-Stiftung,Stipendienprogramme im Kosovo - Foundation Office Kosovo - Konrad-Adenauer-Stiftung,https://www.kas.de/en/web/kosovo/stipendienprogramme-im-kosovo?p_auth=hpGviqfa&p_p_id=com_liferay_login_web_portlet_LoginPortlet&p_p_lifecycle=1&p_p_state=normal&p_p_state_rcv=1,Search lead; not an availability finding
157,Konrad-Adenauer-Stiftung,kas final 21 de octubre,https://www.kas.de/documents/269552/269601/Convocatoria_Beca%2BInvestiga%2BPeru.pdf/2fdb1236-753e-a1bf-36ac-fb5fb2708148,Search lead; not an availability finding
157,Konrad-Adenauer-Stiftung,Call for Applications,https://www.kas.de/documents/286528/286577/AWT%2BKenia%2B2026%2B-%2BStipendienausschreibung%2BEnglisch.pdf/bcd87527-b0e2-7973-1b0b-ba12a781cd30?t=1763118390810&version=1.0,Search lead; not an availability finding
157,Konrad-Adenauer-Stiftung,GUIDELINE FOR FINANCIAL SUPPORT TO THIRD PARTIES,https://www.kas.de/documents/269781/0/Guidelines%2Band%2BTerms%2Band%2BConditions_Eng_Open%2BCall%2Bfor%2BHost%2BOrganizations%2B%281%29.pdf/51405803-1b57-bc16-45b9-feb3c67ecc2c?t=1721736979632&version=1.0,Search lead; not an availability finding
157,Konrad-Adenauer-Stiftung,Programa de becas-KAS,https://www.kas.de/documents/269552/29514826/Convocatoria%2Bde%2Bbecas%2Bdel%2BDepartamento%2BPrincipal%2Bde%2BBecas%2By%2BActividades%2BCulturales.pdf/4990e0ed-cce7-e672-5c0b-601b4b05dbf1?t=1732072230497&version=1.0,Search lead; not an availability finding
157,Konrad-Adenauer-Stiftung,GUIDELINE FOR FINANCIAL SUPPORT TO THIRD PARTIES,https://www.kas.de/documents/269781/0/Open%2BCall%2Bfor%2BInternship-Guidelines%2Band%2BTerms%2Band%2BConditions_ENG.pdf/02925e9b-da11-13a4-8c7e-8baf7eb75600?t=1745643587568&version=1.0,Search lead; not an availability finding
158,Prometheus Institute,Research Fellows - Prometheus,https://prometheusinstitut.de/mitmachen/research-fellows/,Search lead; not an availability finding
158,Prometheus Institute,Prometheus präsentiert: Hekaton Berlin - Prometheus,https://prometheusinstitut.de/prometheus-praesentiert-hekaton-berlin/,Search lead; not an availability finding
158,Prometheus Institute,Bibliothek - Prometheus,https://prometheusinstitut.de/initiativen/bibliothek/,Search lead; not an availability finding
158,Prometheus Institute,Heimat der Freiheit - Prometheus,https://prometheusinstitut.de/inhalte/heimat-der-freiheit/,Search lead; not an availability finding
158,Prometheus Institute,About Us - Prometheus,https://prometheusinstitut.de/about-us/,Search lead; not an availability finding
158,Prometheus Institute,Das liberale Glaubensbekenntnis - Prometheus,https://prometheusinstitut.de/das-liberale-glaubensbkenntnis/,Search lead; not an availability finding
158,Prometheus Institute,Werden wir zu alt? - Prometheus,https://prometheusinstitut.de/werden-wir-zu-alt/,Search lead; not an availability finding
158,Prometheus Institute,Heimat der Freiheit Archive - Prometheus,https://prometheusinstitut.de/category/heimat-der-freiheit/,Search lead; not an availability finding
159,Liberales Institut,Liberty Summer School - Liberal Institute,https://www.libinst.ch/en/liberty-summer-school/,Search lead; not an availability finding
159,Liberales Institut,Das war die Liberty Summer School 2026 - Liberales Institut,https://www.libinst.ch/news/das-war-die-liberty-summer-school-2026/,Search lead; not an availability finding
159,Liberales Institut,Devenir un soutien - Institut Libéral,https://www.libinst.ch/fr/devenir-un-soutien/,Search lead; not an availability finding
159,Liberales Institut,Become a supporter - Liberal Institute,https://www.libinst.ch/en/become-a-supporter/,Search lead; not an availability finding
159,Liberales Institut,"A Vindication of Natural Society or, a View of the Miseries and Evils Arising to Mankind from Every Species and Artificial Society",https://www.libinst.ch/bibliothek-der-freih/a-vindication-of-natural-society-or-a-view-of-the-miseries-and-evils-arising-to-mankind-from-every-species-and-artificial-society/,Search lead; not an availability finding
159,Liberales Institut,Which Road Ahead. Government or Market,https://www.libinst.ch/bibliothek-der-freih/which-road-ahead-government-or-market/,Search lead; not an availability finding
159,Liberales Institut,Nouveau livre de Deirdre McCloskey et Art Carden – Laissez-moi faire et je vous rendrai riche - Institut Libéral,https://www.libinst.ch/fr/actualites/nouveau-livre-mccloskey-carden-laissez-moi-faire-et-je-vous-rendrai-riche/,Search lead; not an availability finding
159,Liberales Institut,Liberty Summer School-Archiv - Liberales Institut,https://www.libinst.ch/tag/liberty-summer-school/,Search lead; not an availability finding
159,Liberales Institut,Layout 1,https://www.libinst.ch/publikationen/LI-IPRI-2012.pdf,Search lead; not an availability finding
159,Liberales Institut,Western Civilization Declaration - Liberal Institute,https://www.libinst.ch/en/food-for-thought/western-civilization-declaration/,Search lead; not an availability finding
159,Liberales Institut,About the institute - Liberal Institute,https://www.libinst.ch/en/about-the-institute/,Search lead; not an availability finding
159,Liberales Institut,Cookie-Richtlinie - Liberal Institute,https://www.libinst.ch/en/cookie-richtlinie/,Search lead; not an availability finding
159,Liberales Institut,LI-Briefing,https://www.libinst.ch/publications/LI-Briefing-Esfeld-Science-and-Enlightenment.pdf,Search lead; not an availability finding
159,Liberales Institut,Home - Liberal Institute,https://www.libinst.ch/en/,Search lead; not an availability finding
159,Liberales Institut,TAX FOUNDATION | 67,https://www.libinst.ch/wp-content/uploads/2023/10/ITCI-2023.pdf,Search lead; not an availability finding
160,Hayek Institute,Beyond The Methodenstreit: Intellectual And Historical Dimensions Of The Debate Between Carl Menger And The German Historians - Hayek Institut,https://hayek-institut.at/product/beyond-the-methodenstreit-intellectual-and-historical-dimensions-of-the-debate-between-carl-menger-and-the-german-historians/,Search lead; not an availability finding
160,Hayek Institute,Organisation - Hayek Institut,https://hayek-institut.at/organisation/,Search lead; not an availability finding
160,Hayek Institute,"Hayek
Institut
Fridnch
‘,r v Havc1 n’a,t,t
Präside",https://www.hayek-institut.at/wp-content/uploads/2017/04/2014_Selbstdarstellung_unterfertigt.pdf,Search lead; not an availability finding
160,Hayek Institute,"FREE
MARKET
AUSTRIA
Hayek
Institut
Friedrich von H",https://www.hayek-institut.at/wp-content/uploads/2020/11/Selbstdarstellung_Finanzbericht-2019_signed.pdf,Search lead; not an availability finding
160,Hayek Institute,Friedrich A. v. Hayek Institut,https://www.hayek-institut.at/wp-content/uploads/2019/09/Hayek-Institut-Selbstdarstellung-2018.pdf,Search lead; not an availability finding
160,Hayek Institute,Reforms For A Competitive Economy - Hayek Institut,https://hayek-institut.at/product/reforms-for-a-competitive-economy/,Search lead; not an availability finding
160,Hayek Institute,Future Mobility,https://www.hayek-institut.at/wp-content/uploads/2016/01/400_Future-Mobility_final.pdf,Search lead; not an availability finding
160,Hayek Institute,"THE ROAD
TO SERFDOMTEXT AND DOCUMENTSThe Definitiv",https://www.hayek-institut.at/wp-content/uploads/2021/04/Hayek-The-Road-to-Serfdom-English.pdf,Search lead; not an availability finding
161,Timbro,The Integration of Immigrants in Sweden_ORI,https://timbro.se/app/uploads/2013/09/the_integration_of_immigrants_in_sweden_ori.pdf,Search lead; not an availability finding
161,Timbro,Arbetslinjen borde också gälla studenter,https://timbro.se/smedjan/arbetslinjen-borde-ocksa-galla-studenter/,Search lead; not an availability finding
161,Timbro,Displacement Jobs – On the Swedish Employment Subsidies - Timbro,https://timbro.se/publikation/displacement-jobs-swedish-employment-subsidies/,Search lead; not an availability finding
161,Timbro,Classical Liberal Reading Group,https://timbro.se/utbildningar/classical-liberal-reading-group-winter/,Search lead; not an availability finding
161,Timbro,Kostnaden för kunskap: Rapport om studieavgifter i högskolan - Timbro,https://timbro.se/publikation/studieavgifter-i-hogskolan/,Search lead; not an availability finding
161,Timbro,"TIMBRO
SHARING
ECONOMY
INDEX",https://timbro.se/ekonomi/timbro-sharing-economy-index/attachment/tsei-version-17_web/,Search lead; not an availability finding
161,Timbro,Ålderskris: Vad kan Sverige lära av sjukvården i Japan?,https://timbro.se/valfard/alderskris-vad-kan-sverige-lara-av-sjukvarden-i-japan/,Search lead; not an availability finding
161,Timbro,Certified teachers – better results? - Timbro,https://timbro.se/publikation/certified-teachers-better-results/,Search lead; not an availability finding
161,Timbro,The Birthplace of Capitalism - The Middle East - Timbro förlag,https://timbro.se/forlag/birthplace-capitalism-middle-east/,Search lead; not an availability finding
161,Timbro,Fotbollen gör att politiken och vardagen försvinner,https://timbro.se/smedjan/fotboll-gor-sa-att-politiken-och-vardagen-forsvinner/,Search lead; not an availability finding
161,Timbro,Displacement Jobs – On the Swedish Employment Subsidies,https://timbro.se/arbetsmarknad/displacement-jobs-swedish-employment-subsidies/,Search lead; not an availability finding
161,Timbro,"Ny era, förlegade tankesätt - Timbro",https://timbro.se/smedjan/ny-era-forlegade-tankesatt/,Search lead; not an availability finding
161,Timbro,|  |  |  |  |  |  |  |  |  |  |  |  |,https://timbro.se/app/uploads/2017/01/shadow_economies-1.pdf,Search lead; not an availability finding
161,Timbro,1989 var ett upp och nedvänt 1968,https://timbro.se/smedjan/1989-var-ett-upp-och-nedvant-1968/,Search lead; not an availability finding
161,Timbro,Utanförskap över generationerna,https://timbro.se/valfard/utanforskap-over-generationerna/,Search lead; not an availability finding
162,CEPOS,CEPOS Akademi | CEPOS,https://cepos.dk/undervisning/cepos-akademi/,Search lead; not an availability finding
162,CEPOS,CEPOS’ bilreform: et opgør med skæve og høje afgifter | CEPOS,https://cepos.dk/artikler/cepos-bilreform-et-opgor-med-skaeve-og-hoje-afgifter/,Search lead; not an availability finding
162,CEPOS,"Vi ønsker os en ny erhvervsminister, der vil rydde op i regeljunglen | CEPOS",https://cepos.dk/artikler/vi-onsker-os-en-ny-erhvervsminister-der-vil-rydde-op-i-regeljunglen/,Search lead; not an availability finding
162,CEPOS,Karsten Bo Larsen | CEPOS,https://cepos.dk/forfattere/karsten-bo-larsen/?page=3,Search lead; not an availability finding
162,CEPOS,Mette Frederiksen trækker tæppet væk under Danmarks velstand: Her er fem fejltrin | CEPOS,https://cepos.dk/artikler/mette-frederiksen-traekker-taeppet-vaek-under-danmarks-velstand-her-er-fem-fejltrin/,Search lead; not an availability finding
162,CEPOS,Arbejdspapir 84: Hvad siger den videnskabelige litteratur om klimaøkonomi? | CEPOS,https://cepos.dk/artikler/hvad-siger-den-videnskabelige-litteratur-om-klimaokonomi/,Search lead; not an availability finding
162,CEPOS,Standards for the award of qualified teacher status,https://admin.cepos.dk/wp-content/uploads/2024/08/folkeskolen_med_nye_oejne_04.pdf,Search lead; not an availability finding
162,CEPOS,Elafgiften bør sænkes permanent frem for lavere moms på fødevarer | CEPOS,https://cepos.dk/artikler/elafgiften-bor-saenkes-permanent-frem-for-lavere-moms-pa-fodevarer/,Search lead; not an availability finding
162,CEPOS,About CEPOS | CEPOS,https://cepos.dk/english/about-cepos/,Search lead; not an availability finding
162,CEPOS,Bedre velfærdsydelser kræver andet og mere end flere penge | CEPOS,https://cepos.dk/artikler/bedre-velfaerdsydelser-kraever-andet-og-mere-end-flere-penge/,Search lead; not an availability finding
162,CEPOS,Arbejdspapir 41: Mere konkurrence i det offentlige - fuld version | CEPOS,https://cepos.dk/artikler/arbejdspapir-41-mere-konkurrence-i-det-offentlige-fuld-version/,Search lead; not an availability finding
163,Civita,Kan Ullevål sykehus reddes? - Civita,https://civita.no/menneskerettigheter-og-demokrati/rettsstat/kan-ullev-l-sykehus-reddes/,Search lead; not an availability finding
163,Civita,EØS-avtalens stedlige virkeområde - Civita,https://civita.no/okonomi/eu-og-eos/e-s-avtalens-stedlige-virkeomr-de/,Search lead; not an availability finding
163,Civita,EU-domstolens kontroll med EPPO - Civita,https://civita.no/okonomi/eu-og-eos/eu-domstolens-kontroll-med-eppo/,Search lead; not an availability finding
163,Civita,EUs verdigrunnlag er rettslig prøvbart - Civita,https://civita.no/okonomi/eu-og-eos/eus-verdigrunnlag-er-rettslig-pr-vbart/,Search lead; not an availability finding
163,Civita,Marshall-hjelpen og EU - Civita,https://civita.no/okonomi/eu-og-eos/marshall-hjelpen-og-eu/,Search lead; not an availability finding
163,Civita,Boligmarkedet i Oslo: Størrelse er ikke alt - Civita,https://civita.no/okonomi/okonomisk-politikk/boligmarkedet-i-oslo-storrelse-er-ikke-alt/,Search lead; not an availability finding
163,Civita,Is free-market capitalism more climate friendly than egalitarianism? - Civita,https://civita.no/notat/is-free-market-capitalism-more-climate-friendly-than-egalitarianism/,Search lead; not an availability finding
163,Civita,C i v i t a - n o t a t  n r.  7  2 0 2 1,https://civita.no/content/uploads/2021/04/Notat_7_2021_The-future-of-work-A-policy-perspective-for-the-post-pandemic-world.pdf,Search lead; not an availability finding
163,Civita,EØS-avtalen i 2025: Demokratisk forankring eller demokratisk underskudd?,https://civita.no/notat/e-s-avtalen-i-2025-demokratisk-forankring-eller-demokratisk-underskudd/,Search lead; not an availability finding
163,Civita,"Ungarn, en illiberal stat i EU - Civita",https://civita.no/politikk-og-samfunn/internasjonalt/ungarn-en-illiberal-stat-i-eu/,Search lead; not an availability finding
164,Istituto Bruno Leoni,La rivoluzione dei lidi resta solo venderli - Istituto Bruno Leoni,https://www.brunoleoni.it/la-rivoluzione-dei-lidi-resta-solo-venderli/,Search lead; not an availability finding
164,Istituto Bruno Leoni,Che fare? Alcune proposte per l’ultimo anno di legislatura - Istituto Bruno Leoni,https://www.brunoleoni.it/che-fare-alcune-proposte-per-lultimo-anno-di-legislatura/,Search lead; not an availability finding
164,Istituto Bruno Leoni,Giuseppe Portonera - Istituto Bruno Leoni,https://www.brunoleoni.it/persone/giuseppe-portonera/,Search lead; not an availability finding
164,Istituto Bruno Leoni,Rosamaria Bitetti - Istituto Bruno Leoni,https://www.brunoleoni.it/persone/rosamaria-bitetti/,Search lead; not an availability finding
164,Istituto Bruno Leoni,Il governo aumenta l’Irap per l’energia - Istituto Bruno Leoni,https://www.brunoleoni.it/il-governo-aumenta-lirap-per-lenergia/,Search lead; not an availability finding
164,Istituto Bruno Leoni,Questa è una manovra prevedibile - Istituto Bruno Leoni,https://www.brunoleoni.it/questa-e-una-manovra-prevedibile/,Search lead; not an availability finding
164,Istituto Bruno Leoni,"Immobiliare, investimenti al palo rispetto alla media Ue  - Istituto Bruno Leoni",https://www.brunoleoni.it/immobiliare-investimenti-al-palo-rispetto-alla-media-ue/,Search lead; not an availability finding
164,Istituto Bruno Leoni,Proroga ai balneari il gioco delle tre carte - Istituto Bruno Leoni,https://www.brunoleoni.it/proroga-ai-balneari-il-gioco-delle-tre-carte/,Search lead; not an availability finding
164,Istituto Bruno Leoni,Italia al bivio sulle concessioni autostradali in scadenza - Istituto Bruno Leoni,https://www.brunoleoni.it/italia-al-bivio-sulle-concessioni-autostradali-in-scadenza/,Search lead; not an availability finding
164,Istituto Bruno Leoni,"Proroga concessioni elettriche, “le Regioni chiederanno modifiche” - Istituto Bruno Leoni",https://www.brunoleoni.it/proroga-concessioni-elettriche-le-regioni-chiederanno-modifiche/,Search lead; not an availability finding
164,Istituto Bruno Leoni,Capitalismo e libertà - Istituto Bruno Leoni,https://www.brunoleoni.it/ibl-libri/mercato-diritto-liberta/capitalismo-e-liberta/,Search lead; not an availability finding
164,Istituto Bruno Leoni,"Al Pd serviranno i neoliberisti, non il ritorno agli anni 70 - Istituto Bruno Leoni",https://www.brunoleoni.it/al-pd-serviranno-i-neoliberisti/,Search lead; not an availability finding
165,IREF Europe,Le parlement européen met un coup d’arrêt à la folie normative,https://fr.irefeurope.org/publications/les-pendules-a-lheure/article/le-parlement-europeen-met-un-coup-darret-a-la-folie-normative/,Search lead; not an availability finding
165,IREF Europe,Inst it ut e f or  Resear ch in Economic and Fiscal  issues,https://en.irefeurope.org/wp-content/uploads/sites/3/2022/04/AA.-Call-for-papers-2022-2023.pdf,Search lead; not an availability finding
165,IREF Europe,Le budget de l’Union européenne : histoire et actualité (1958-2023) - IREF Europe,https://fr.irefeurope.org/le-budget-de-lunion-europeenne-histoire-et-actualite-1958-2023/,Search lead; not an availability finding
165,IREF Europe,Macron n'a pas tenu ses promesses fiscales - IREF Europe,https://fr.irefeurope.org/macron-na-pas-tenu-ses-promesses-fiscales/,Search lead; not an availability finding
165,IREF Europe,Mentions légales - IREF Europe,https://fr.irefeurope.org/mentions-legales/,Search lead; not an availability finding
165,IREF Europe,L’Agence de conseil interne de l’État : une officine politique ?,https://fr.irefeurope.org/featured/article/lagence-de-conseil-interne-de-letat-une-officine-politique/,Search lead; not an availability finding
165,IREF Europe,Les prisons françaises au bord du gouffre,https://fr.irefeurope.org/publications/les-pendules-a-lheure/article/les-prisons-francaises-au-bord-du-gouffre/,Search lead; not an availability finding
165,IREF Europe,Institut de Recherches,https://fr.irefeurope.org/wp-content/uploads/Etudes_IREF_Politiques_anti-tabac_OCDE.pdf,Search lead; not an availability finding
165,IREF Europe,Institut de Recherches,https://fr.irefeurope.org/wp-content/uploads/etude_iref_compte_personnel_retraites.pdf,Search lead; not an availability finding
165,IREF Europe,Pour la création d'un Compte Personnel Retraite (CPR) - IREF Europe,https://fr.irefeurope.org/pour-la-creation-d-un-compte-personnel-retraite-cpr-4189/,Search lead; not an availability finding
165,IREF Europe,Repenser la fiscalité des nouveaux produits du tabac et de la nicotine pour lutter contre le tabagisme - IREF Europe,https://fr.irefeurope.org/repenser-la-fiscalite-des-nouveaux-produits-du-tabac-et-de-la-nicotine-pour-lutter-contre-le/,Search lead; not an availability finding
165,IREF Europe,Pourquoi la French Tech peine à rivaliser avec la Silicon Valley,https://fr.irefeurope.org/publications/les-pendules-a-lheure/article/pourquoi-la-french-tech-peine-a-rivaliser-avec-la-silicon-valley/,Search lead; not an availability finding
165,IREF Europe,Libérer l’université française pour la rendre plus compétitive - IREF Europe,https://fr.irefeurope.org/liberer-l-universite-francaise-pour-la-rendre-plus-competitive/,Search lead; not an availability finding
165,IREF Europe,DPE : un outil bancal qui aggrave la crise du logement,https://fr.irefeurope.org/publications/les-pendules-a-lheure/article/dpe-un-outil-bancal-qui-aggrave-la-crise-du-logement/,Search lead; not an availability finding
165,IREF Europe,Autorité à l’école: l’incantation ne suffira pas - IREF Europe,https://fr.irefeurope.org/autorite-a-lecole-lincantation-ne-suffira-pas/,Search lead; not an availability finding
166,Institut Economique Molinari,IEM’s Economic Note • SEPTEMBER 2013,https://www.institutmolinari.org/wp-content/uploads/2013/09/note0913_en.pdf,Search lead; not an availability finding
166,Institut Economique Molinari,Liberated from Nature or Shackled by It? The Costs and Impacts of Excessive Precaution,https://www.institutmolinari.org/wp-content/uploads/2013/11/note1113_en.pdf,Search lead; not an availability finding
166,Institut Economique Molinari,"The average European employee worked until June 12th to finance public services and collective benefits in 2026. France, Austria and Belgium remain champions of compulsory taxation on the average wage earner - Institut économique Molinari",https://www.institutmolinari.org/2026/07/21/the-average-european-employee-worked-until-june-12th-to-finance-public-services-and-collective-benefits-in-2026-france-austria-and-belgium-remain-champions-of-compulsory-taxation-on-the-average-wage/,Search lead; not an availability finding
166,Institut Economique Molinari,Travail : vers la pénurie ou l'abondance? - Institut économique Molinari,https://www.institutmolinari.org/2026/06/19/travail-penurie-ou-abondance-2/,Search lead; not an availability finding
166,Institut Economique Molinari,Santé: la France accumule du retard et dépense mal - Institut économique Molinari,https://www.institutmolinari.org/2026/05/26/sante-la-france-accumule-du-retard-2/,Search lead; not an availability finding
166,Institut Economique Molinari,"ECONOMIE
& ENTREPRISES
Budget2026
:
au secours,
le",https://www.institutmolinari.org/wp-content/uploads/2026/02/2026-01-27-VALEURS-ACTUELLES.pdf,Search lead; not an availability finding
166,Institut Economique Molinari,An Alternative EU Budget - Institut économique Molinari,https://www.institutmolinari.org/2026/05/12/an-alternative-eu-budget/,Search lead; not an availability finding
166,Institut Economique Molinari,The Zero Covid strategy,https://www.institutmolinari.org/wp-content/uploads/2021/08/strategie_zero_covid_aout2021_en.pdf,Search lead; not an availability finding
166,Institut Economique Molinari,"ECONOMIE
ET ENTREPRISES
Pour Nicolas Marques, la c",https://www.institutmolinari.org/wp-content/uploads/2023/05/2023-05-12-VALEURS-ACTUELLES.pdf,Search lead; not an availability finding
166,Institut Economique Molinari,EN COUVERTURE,https://www.institutmolinari.org/wp-content/uploads/2024/10/2024-10-30-LE-POINT.pdf,Search lead; not an availability finding
167,iFRAP,Actualisation de la loi de programmation militaire : plus de 22 milliards de baisses sur les autres dépenses à prévoir en 2027 | Fondation IFRAP,https://www.ifrap.org/budget-et-fiscalite/actualisation-de-la-loi-de-programmation-militaire-plus-de-22-milliards-de-baisses-sur-les-autres-depenses-prevoir-en-2027,Search lead; not an availability finding
167,iFRAP,"Perspectives financières de l’Unédic : -2,1 Md€ de déficit en 2026 | Fondation IFRAP",https://www.ifrap.org/emploi-et-politiques-sociales/perspectives-financieres-de-lunedic-21-mdeu-de-deficit-en-2026,Search lead; not an availability finding
167,iFRAP,2023-2027 : Programme de réformes pour une coalition | Fondation IFRAP,https://www.ifrap.org/la-revue/2023-2027-programme-de-reformes-pour-une-coalition,Search lead; not an availability finding
167,iFRAP,_IFRAP258.indb,https://www.ifrap.org/sites/default/files/documents/2024-08/ifrap258_v9_1.pdf,Search lead; not an availability finding
167,iFRAP,Rétablissement des comptes de la Sécurité sociale : en mode « pause » jusqu’en 2028 ? | Fondation IFRAP,https://www.ifrap.org/budget-et-fiscalite/retablissement-des-comptes-de-la-securite-sociale-en-mode-pause-jusquen-2028,Search lead; not an availability finding
167,iFRAP,Fonction publique : la page du statut est déjà tournée | Fondation IFRAP,https://www.ifrap.org/fonction-publique-et-administration/fonction-publique-la-page-du-statut-est-deja-tournee,Search lead; not an availability finding
167,iFRAP,Économie : les 10 objectifs 2027 du futur gouvernement | Fondation IFRAP,https://www.ifrap.org/budget-et-fiscalite/economie-les-10-objectifs-2027-du-futur-gouvernement,Search lead; not an availability finding
167,iFRAP,Unédic : encore une ponction de 2 Md€ de l'Etat en 2027 ? | Fondation IFRAP,https://www.ifrap.org/budget-et-fiscalite/unedic-encore-une-ponction-de-2-mdeur-de-letat-en-2027,Search lead; not an availability finding
167,iFRAP,PLFSS 2025 et perspectives 2030… les efforts sont devant nous | Fondation IFRAP,https://www.ifrap.org/budget-et-fiscalite/plfss-2025-et-perspectives-2030-les-efforts-sont-devant-nous,Search lead; not an availability finding
167,iFRAP,THE MONTHLY MAGAZINE FROM THE iFRAP FOUNDATION,https://en.ifrap.org/sites/default/files/2020-07/SOCI201_EN.PDF,Search lead; not an availability finding
167,iFRAP,Allocation sociale unique : les différents projets sur la table | Fondation IFRAP,https://www.ifrap.org/emploi-et-politiques-sociales/allocation-sociale-unique-les-differents-projets-sur-la-table,Search lead; not an availability finding
167,iFRAP,Cumul emploi-retraite : la réforme à contre-emploi qui désincite à travailler | Fondation IFRAP,https://www.ifrap.org/retraite/cumul-emploi-retraite-la-reforme-contre-emploi-qui-desincite-travailler,Search lead; not an availability finding
167,iFRAP,"Le non-respect des règles de TVA coûte 9,5 milliards d'euros | Fondation IFRAP",https://www.ifrap.org/budget-et-fiscalite/le-non-respect-des-regles-de-tva-coute-95-milliards-deuros,Search lead; not an availability finding
167,iFRAP,ÉTUDE ■ Sécuriser,https://www.ifrap.org/sites/default/files/documents/import/securiser.pdf,Search lead; not an availability finding
167,iFRAP,Coût de l'aide juridictionnelle : +68 % depuis 2017 | Fondation IFRAP,https://www.ifrap.org/fonction-publique-et-administration/cout-de-laide-juridictionnelle-68-depuis-2017,Search lead; not an availability finding
167,iFRAP,_IFRAP258.indb,https://www.ifrap.org/sites/default/files/documents/2024-07/ifrap258_v9.pdf,Search lead; not an availability finding
168,Civismo,Escuela de Libertad 2022 | Fundación Civismo,https://civismo.org/events/escuela-de-libertad-2022/,Search lead; not an availability finding
168,Civismo,Navarra ante unas posibles elecciones generales en noviembre | Fundación Civismo,https://civismo.org/prensa/navarra-ante-unas-posibles-elecciones-generales-en-noviembre/,Search lead; not an availability finding
168,Civismo,EL MILAGRO ECONÓMICO,https://civismo.org/wp-content/uploads/2019/02/El-milagro-economico-de-Madrid.pdf,Search lead; not an availability finding
168,Civismo,Money and Prices: An introduction to monetarism | Fundación Civismo,https://civismo.org/events/money-and-banking/,Search lead; not an availability finding
168,Civismo,ONLINE PROGRAMME,https://civismo.org/wp-content/uploads/2021/05/Money-and-Prices-Leaflet-Civismo-May-2021.pdf,Search lead; not an availability finding
168,Civismo,ECONOMÍA DEL DESARROLLO,https://civismo.org/wp-content/uploads/2020/09/ayuda-al-desarrollo-1.pdf,Search lead; not an availability finding
168,Civismo,"La Economía del Desarrollo: pasado, presente y retos | Fundación Civismo",https://civismo.org/politica-nacional/educacion/la-economia-del-desarrollo-pasado-presente-y-retos/,Search lead; not an availability finding
168,Civismo,Cookies policy | Fundación Civismo,https://civismo.org/cookies-policy/,Search lead; not an availability finding
168,Civismo,Gasecito | Fundación Civismo,https://civismo.org/politica/gasecito/,Search lead; not an availability finding
168,Civismo,"The education voucher, a proposal for excellence | Fundación Civismo",https://civismo.org/national-policy/education/the-school-check-for-outstanding-2/,Search lead; not an availability finding
168,Civismo,Presidenta: no confunda | Fundación Civismo,https://civismo.org/politica/presidenta-no-confunda/,Search lead; not an availability finding
168,Civismo,Milton Friedman y la Escuela de Chicago | Fundación Civismo,https://civismo.org/pensamiento-politico/libertad/milton-friedman-y-la-escuela-de-chicago/,Search lead; not an availability finding
169,Instituto Juan de Mariana,Universidad de verano IJM 2026,https://juandemariana.org/universidad-de-verano-2026-lanzarote/,Search lead; not an availability finding
169,Instituto Juan de Mariana,Cena de la Libertad 2026 - Instituto Juan de Mariana,https://juandemariana.org/producto/cena-de-la-libertad-2026/,Search lead; not an availability finding
169,Instituto Juan de Mariana,El Instituto Juan de Mariana otorga el Premio 2026 a una trayectoria ejemplar en defensa de la libertad a Deirdre McCloskey - Instituto Juan de Mariana,https://juandemariana.org/el-instituto-juan-de-mariana-otorga-el-premio-2026-a-una-trayectoria-ejemplar-en-defensa-de-la-libertad-a-deirdre-mccloskey/,Search lead; not an availability finding
169,Instituto Juan de Mariana,Pago de membresía - Instituto Juan de Mariana,https://juandemariana.org/pago-de-membresia/,Search lead; not an availability finding
169,Instituto Juan de Mariana,Pago de membresía - Instituto Juan de Mariana,https://juandemariana.org/pago-de-membresia/?level=2,Search lead; not an availability finding
169,Instituto Juan de Mariana,Pago de membresía - Instituto Juan de Mariana,https://juandemariana.org/pago-de-membresia/?level=3,Search lead; not an availability finding
169,Instituto Juan de Mariana,Convocatoria prensa FMRS Madrid el 9 de marzo - Instituto Juan de Mariana,https://juandemariana.org/convocatoria-prensa-fmrs-madrid-el-9-de-marzo/,Search lead; not an availability finding
169,Instituto Juan de Mariana,Opta a esta beca y podrás ser parte de la reunión de la MPS en Gran Canaria - Instituto Juan de Mariana,https://juandemariana.org/opta-a-esta-beca-y-podras-ser-parte-de-la-reunion-de-la-mps-en-gran-canaria/,Search lead; not an availability finding
169,Instituto Juan de Mariana,Reset Password - Instituto Juan de Mariana,https://juandemariana.org/reset-password/,Search lead; not an availability finding
169,Instituto Juan de Mariana,Convocatoria prensa FMRS Madrid el 22 de marzo - Instituto Juan de Mariana,https://juandemariana.org/convocatoria-prensa-fmrs-madrid-el-22-de-marzo/,Search lead; not an availability finding
170,Edmund Burke Institute,Hate Speech Consultation - Submissions from Groups,https://www.gov.ie/en/department-of-justice-home-affairs-and-migration/collections/hate-speech-consultation-submissions-from-groups/,Search lead; not an availability finding
170,Edmund Burke Institute,Young Irish Conservatives to Travel to YAF’s National Conservative Student Conference in Washington D.C. - Young America's Foundation,https://yaf.org/news/young-irish-conservatives-to-travel-to-yafs-national-conservative-student-conference-in-washington-d-c/,Search lead; not an availability finding
170,Edmund Burke Institute,THE EDMUND BURKE INSTITUTE - Company Check Ireland,https://companycheck.ie/company/132223,Search lead; not an availability finding
170,Edmund Burke Institute,CRO GAZETTE,https://www.cro.ie/wp-content/uploads/2024/04/RREG_24JUN05_Ef.pdf.pdf,Search lead; not an availability finding
170,Edmund Burke Institute,The Irish Not-for-Profit Sector:,https://givingireland.ie/wp-content/uploads/2020/09/Sixth-Annual-Fundraising-Report-2016.pdf,Search lead; not an availability finding
170,Edmund Burke Institute,Lobbying,https://www.lobbying.ie/organisation/2599/edmund-burke-institute,Search lead; not an availability finding
170,Edmund Burke Institute,Financial year 2023,https://www.appf.europa.eu/cmsdata/281199/2023%20PARTIES%20Donations%20table%20as%20of%202024-02-26.pdf,Search lead; not an availability finding
170,Edmund Burke Institute,THE EDMUND BURKE INSTITUTE FOR AMERICAN RENEWAL Trademark - Serial Number 78660485 :: Justia Trademarks,https://trademarks.justia.com/786/60/the-edmund-burke-institute-for-american-renewal-78660485.html,Search lead; not an availability finding
170,Edmund Burke Institute,Díolúine cánach carthanais,https://www.revenue.ie/ga/corporate/documents/statistics/registrations/bodies-charitable-exemption.pdf,Search lead; not an availability finding
170,Edmund Burke Institute,RREG_18MAY07_E.pdf,https://cro.ie/wp-content/uploads/2024/04/RREG_18MAY07_E.pdf.pdf,Search lead; not an availability finding
170,Edmund Burke Institute,August 13: Remembering Premise Magazine – This Day in Presbyterian History,https://thisday.pcahistory.org/2020/08/august-13-remembering-premise-magazine/,Search lead; not an availability finding
170,Edmund Burke Institute,Neeharika Kakunuri Email & Phone Number | University of Hamburg - ContactOut,https://contactout.com/neeharika-kakunuri-63731,Search lead; not an availability finding
170,Edmund Burke Institute,The Irish Not-for-Profit Sector:   Fundraising Performance Report  2016,https://2into3.com/wp-content/uploads/2019/03/Sixth-Annual-Fundraising-Report-2016-FINAL.pdf,Search lead; not an availability finding
170,Edmund Burke Institute,The Edmund Burke Institute - Irish Company Info - SoloCheck,https://www.solocheck.ie/Irish-Company/The-Edmund-Burke-Institute-132223,Search lead; not an availability finding
170,Edmund Burke Institute,Sister Stan’s Road to Serfdom - Edmund Burke Institute,https://edmundburkeinstitute.ie/sister-stans-road-to-serfdom/,Search lead; not an availability finding
170,Edmund Burke Institute,The Burkean Journal – AN SIONNACH FIONN,https://ansionnachfionn.com/2019/01/11/the-burkean-journal/,Search lead; not an availability finding
170,Edmund Burke Institute,Conservative Intellectual Tradition for University Faculty - The Future of American University,https://cfau.aei.org/program/conservative-intellectual-tradition-for-university-faculty/,Search lead; not an availability finding
171,Iona Institute,FF TD hits out at visa delays for overseas clergy - The Iona Institute,https://ionainstitute.ie/news-roundup/ff-td-hits-out-at-visa-delays-for-overseas-clergy/,Search lead; not an availability finding
171,Iona Institute,Iona submission to National Conversation on Education - The Iona Institute,https://ionainstitute.ie/iona-submission-to-national-conversation-on-education/,Search lead; not an availability finding
171,Iona Institute,Contact Us - The Iona Institute,https://ionainstitute.ie/contact-us/,Search lead; not an availability finding
171,Iona Institute,"Housing shortage thwarting marrying, having children, study finds - The Iona Institute",https://ionainstitute.ie/news-roundup/housing-shortage-thwarting-marrying-having-children-study-finds/,Search lead; not an availability finding
171,Iona Institute,The multiple causes of falling fertility rates - The Iona Institute,https://ionainstitute.ie/the-multiple-causes-of-falling-fertility-rates/,Search lead; not an availability finding
171,Iona Institute,"One in four Gen Zers will never have children, a new Iona study forecasts - The Iona Institute",https://ionainstitute.ie/one-in-four-gen-zers-will-never-have-children-a-new-iona-study-forecasts/,Search lead; not an availability finding
171,Iona Institute,Florida AG to Catholic schools: ‘accept vaccine exemptions or lose funding’ - The Iona Institute,https://ionainstitute.ie/news-roundup/florida-ag-to-catholic-schools-accept-vaccine-exemptions-or-lose-funding/,Search lead; not an availability finding
171,Iona Institute,UNESCO downgrades the role of parents - The Iona Institute,https://ionainstitute.ie/unesco-downgrades-the-role-of-parents/,Search lead; not an availability finding
171,Iona Institute,French Senate reconsiders rejected ‘assisted dying’ legislation - The Iona Institute,https://ionainstitute.ie/news-roundup/french-senate-reconsiders-rejected-assisted-dying-legislation/,Search lead; not an availability finding
171,Iona Institute,"Religion 
& Spirituality 
in Northern 
Ireland
Ion",https://ionainstitute.ie/wp-content/uploads/2025/10/Religion-and-Spirituality-in-Northern-Ireland.pdf,Search lead; not an availability finding
171,Iona Institute,More battles to come after latest bid to liberalise our abortion law fails - The Iona Institute,https://ionainstitute.ie/more-battles-to-come-after-latest-bid-to-liberalise-our-abortion-law-fails/,Search lead; not an availability finding
171,Iona Institute,Scottish children given sex ed lessons by 14 year olds - The Iona Institute,https://ionainstitute.ie/scottish-children-given-sex-ed-lessons-by-14-year-olds/,Search lead; not an availability finding
171,Iona Institute,Domestic Partnerships:,https://ionainstitute.ie/wp-content/uploads/2014/11/civilunionweb.pdf,Search lead; not an availability finding
171,Iona Institute,News Roundup - The Iona Institute,https://ionainstitute.ie/news-roundup/,Search lead; not an availability finding
172,Institut Liberalnich Studii,Podpořte nás – Institut liberálních studií,https://inlist.cz/podporte-nas/,Search lead; not an availability finding
172,Institut Liberalnich Studii,"iDnes.cz: Evropské dotace jsou podle někoho čiré zlo, podle jiných naše spása – Institut liberálních studií",https://inlist.cz/idnes-cz-evropske-dotace-jsou-podle-nekoho-cire-zlo-podle-jinych-nase-spasa/,Search lead; not an availability finding
172,Institut Liberalnich Studii,Soukromé školství – Institut liberálních studií,https://inlist.cz/soukrome-skolstvi/,Search lead; not an availability finding
172,Institut Liberalnich Studii,Rada pro ministra školství – Institut liberálních studií,https://inlist.cz/rada-pro-ministra-skolstvi/,Search lead; not an availability finding
172,Institut Liberalnich Studii,Čelisti nespravedlnosti – Institut liberálních studií,https://inlist.cz/celisti-nespravedlnosti/,Search lead; not an availability finding
172,Institut Liberalnich Studii,Hodnotíme programové prohlášení vlády: 9. Evropské záležitosti – Institut liberálních studií,https://inlist.cz/hodnotime-programove-prohlaseni-vlady-9-evropske-zalezitosti/,Search lead; not an availability finding
172,Institut Liberalnich Studii,"Politikaření, politika a občané – Institut liberálních studií",https://inlist.cz/politikareni-politika-a-obcane/,Search lead; not an availability finding
172,Institut Liberalnich Studii,Poslanec Kvapil a zákaz nočního a nedělního prodeje – Institut liberálních studií,https://inlist.cz/poslanec-kvapil-a-zakaz-nocniho-a-nedelniho-prodeje/,Search lead; not an availability finding
172,Institut Liberalnich Studii,Velká iluze – Institut liberálních studií,https://inlist.cz/velka-iluze/,Search lead; not an availability finding
172,Institut Liberalnich Studii,The Attack on DACA: Why Trump’s Mission to End It Would Hurt America – Institut liberálních studií,https://inlist.cz/the-attack-on-daca-why-trumps-mission-to-end-it-would-hurt-america/,Search lead; not an availability finding
172,Institut Liberalnich Studii,POLICY ANALYSIS,https://inlist.cz/wp-content/uploads/2022/01/Czeching-In-1.4.pdf,Search lead; not an availability finding
172,Institut Liberalnich Studii,Klasik teorie regulace v Praze! – Institut liberálních studií,https://inlist.cz/klasik-teorie-regulace-v-praze/,Search lead; not an availability finding
172,Institut Liberalnich Studii,MBM Tax Grid Page. Do NOT remove this page or edit it except to change template. – Institut liberálních studií,https://inlist.cz/mbm-tax-grid-page-do-not-remove-this-page-or-edit-it-except-to-change-template/,Search lead; not an availability finding
173,CETA,CETA v médiích – CETA,https://eceta.cz/ceta-v-mediich/,Search lead; not an availability finding
173,CETA,O CETA – CETA,https://eceta.cz/o-ceta/,Search lead; not an availability finding
173,CETA,About CETA – CETA,https://eceta.cz/en/about-ceta/,Search lead; not an availability finding
173,CETA,TZ: Ropa a zemní plyn jsou (a budou) důležitou základní vstupní surovinou pro výrobu chemických produktů na jejichž dodávkách je závislá řada dalších odvětví tuzemské ekonomiky – CETA,https://eceta.cz/tz-ropa-a-zemni-plyn-jsou-a-budou-dulezitou-zakladni-vstupni-surovinou-pro-vyrobu-chemickych-produktu-na-jejichz-dodavkach-je-zavisla-rada-dalsich-odvetvi-tuzemske-ekonomiky/,Search lead; not an availability finding
173,CETA,CETA_HS_2022,https://eceta.cz/wp-content/uploads/2022/06/CETA_HR-20221.pdf,Search lead; not an availability finding
173,CETA,"One, or more?",https://eceta.cz/wp-content/uploads/2019/03/Studie-ENG-4-.pdf,Search lead; not an availability finding
173,CETA,FAIR SHARE:,https://eceta.cz/wp-content/uploads/2022/11/FS-study-final.pdf,Search lead; not an availability finding
173,CETA,STUDY: THE INTERPLAY BETWEEN MENTAL HEALTH AND ADDICTIONS – CETA,https://eceta.cz/en/study-the-interplay-between-mental-health-and-addictions/,Search lead; not an availability finding
173,CETA,Study: The impact of limiting international trade with the EU on V4 countries – CETA,https://eceta.cz/en/study-the-impact-of-policies-limiting-eu-international-trade-on-v4-countries/,Search lead; not an availability finding
174,Lithuanian Free Market Institute,Internships | Lietuvos laisvosios rinkos institutas,https://en.llri.lt/education-centre/internships/,Search lead; not an availability finding
174,Lithuanian Free Market Institute,"Study ""Privatization in Lithuania"" | Lietuvos laisvosios rinkos institutas",https://en.llri.lt/study-privatization-in-lithuania/,Search lead; not an availability finding
174,Lithuanian Free Market Institute,What Lithuanians Think About Social Security | Lietuvos laisvosios rinkos institutas,https://en.llri.lt/what-lithuanians-think-about-social-security/,Search lead; not an availability finding
174,Lithuanian Free Market Institute,"The Digital Euro – Unknown to the Public, Yet Already Underway | Lietuvos laisvosios rinkos institutas",https://en.llri.lt/the-digital-euro-unknown-to-the-public-yet-already-underway/,Search lead; not an availability finding
174,Lithuanian Free Market Institute,About us | Lietuvos laisvosios rinkos institutas,https://en.llri.lt/about-us/,Search lead; not an availability finding
174,Lithuanian Free Market Institute,Home | Lietuvos laisvosios rinkos institutas,https://en.llri.lt/,Search lead; not an availability finding
174,Lithuanian Free Market Institute,Socio-economic values and political orientation of Lithuanian opinion leaders | Lietuvos laisvosios rinkos institutas,https://en.llri.lt/socio-economic-values-and-political-orientation-of-lithuanian-opinion-leaders/,Search lead; not an availability finding
174,Lithuanian Free Market Institute,1.2% income tax donation | Lietuvos laisvosios rinkos institutas,https://en.llri.lt/support/2-proc-gpm/?is_search=1,Search lead; not an availability finding
174,Lithuanian Free Market Institute,Research | Lietuvos laisvosios rinkos institutas,https://en.llri.lt/types/research/,Search lead; not an availability finding
174,Lithuanian Free Market Institute,Universal Basic Income | Lietuvos laisvosios rinkos institutas,https://en.llri.lt/topic/universal-basic-income/,Search lead; not an availability finding
174,Lithuanian Free Market Institute,The Pension Dilemma: A Lesson from Estonia | Lietuvos laisvosios rinkos institutas,https://en.llri.lt/the-pension-dilemma-a-lesson-from-estonia/,Search lead; not an availability finding
174,Lithuanian Free Market Institute,"Unemployment Benefits Rise, but Lithuania Still Leads the EU in Unemployment Traps | Lietuvos laisvosios rinkos institutas",https://en.llri.lt/unemployment-benefits-rise-but-lithuania-still-leads-the-eu-in-unemployment-traps-2/,Search lead; not an availability finding
175,Economic Freedom Foundation,W wyborach 2027 roku wolnorynkowcy potrzebują własnej partii - Fundacja Wolności Gospodarczej,https://wolnagospodarka.pl/w-wyborach-2027-roku-wolnorynkowcy-potrzebuja-wlasnej-partii-okiem-liberala/,Search lead; not an availability finding
175,Economic Freedom Foundation,How we work - Economic Freedom Foundation,https://wolnagospodarka.pl/en/how-we-work/,Search lead; not an availability finding
175,Economic Freedom Foundation,12 rekomendacji dla racjonalnej polityki alkoholowej w Polsce - Fundacja Wolności Gospodarczej,https://wolnagospodarka.pl/12-rekomendacji-dla-racjonalnej-polityki-alkoholowej-w-polsce/,Search lead; not an availability finding
175,Economic Freedom Foundation,The Federalist in Polish edition now available - Fundacja Wolności Gospodarczej,https://wolnagospodarka.pl/en/the-federalist-in-polish/,Search lead; not an availability finding
175,Economic Freedom Foundation,Czy trzeba zrównać wiek emerytalny kobiet i mężczyzn?,https://wolnagospodarka.pl/czy-trzeba-zrownac-wiek-emerytalny-kobiet-i-mezczyzn-marek-tatala-w-tvp-info/,Search lead; not an availability finding
175,Economic Freedom Foundation,Nie unikniemy zaciskania pasa [Okiem Liberała] - Fundacja Wolności Gospodarczej,https://wolnagospodarka.pl/okiem-liberala-nie-unikniemy-zaciskania-pasa/,Search lead; not an availability finding
175,Economic Freedom Foundation,Receptą na populizm jest poważna polityka - Fundacja Wolności Gospodarczej,https://wolnagospodarka.pl/recepta-na-populizm-jest-powazna-polityka/,Search lead; not an availability finding
175,Economic Freedom Foundation,Państwo nie potrafi budować fabryk [Okiem Liberała] - Fundacja Wolności Gospodarczej,https://wolnagospodarka.pl/panstwo-nie-potrafi-budowac-fabryk/,Search lead; not an availability finding
175,Economic Freedom Foundation,I believe in economic freedom combined with responsibility – Arkadiusz Mus - Economic Freedom Foundation,https://wolnagospodarka.pl/en/i-believe-in-economic-freedom-combined-with-responsibility-arkadiusz-mus/,Search lead; not an availability finding
175,Economic Freedom Foundation,"Zbliża się kryzys finansów państwa, który można było przewidzieć - Fundacja Wolności Gospodarczej",https://wolnagospodarka.pl/zbliza-sie-kryzys-finansow-panstwa-ktory-mozna-bylo-przewidziec/,Search lead; not an availability finding
175,Economic Freedom Foundation,Wzrost akcyzy zmniejsza popyt na tytoń. Raport IFP - Fundacja Wolności Gospodarczej,https://wolnagospodarka.pl/raport-ifp-rynek-tytoniowy-2024/,Search lead; not an availability finding
175,Economic Freedom Foundation,Polska gospodarka potrzebuje rynkowych reform [Okiem Liberała] - Fundacja Wolności Gospodarczej,https://wolnagospodarka.pl/polska-gospodarka-potrzebuje-rynkowych-reform-okiem-liberala/,Search lead; not an availability finding
176,Mises Institute Poland,Reed: Co mówia dzieje Polski i Wenezueli | Instytut Misesa,https://mises.pl/artykul/reed-co-mowia-dzieje-polski-i-wenezueli,Search lead; not an availability finding
176,Mises Institute Poland,"Bagus: Pieniądze kredytowe, peso, dolary i Argentyna  | Instytut Misesa",https://mises.pl/artykul/bagus-pieniadze-kredytowe-peso-dolary-i-argentyna,Search lead; not an availability finding
176,Mises Institute Poland,Benedyk: Emerytura – Twój wróg | Instytut Misesa,https://mises.pl/artykul/benedyk-emerytura-twoj-wrog,Search lead; not an availability finding
176,Mises Institute Poland,%%title%% %%page%% | Instytut Misesa,https://mises.pl/artykul/co-powinniscie-wiedziec-o-historii-instytutu-misesa,Search lead; not an availability finding
176,Mises Institute Poland,XII Zjazd Austriacki w Krakowie - 28-30 listopada 2025 - IM,https://zjazdaustriacki.mises.pl/,Search lead; not an availability finding
176,Mises Institute Poland,Wysyłamy wolnorynkowe paczki politykom – Ekonomia+ | Instytut Misesa,https://mises.pl/artykul/ekonomiaplus-2,Search lead; not an availability finding
176,Mises Institute Poland,Szkudlarek: Pomoc rządu na rynku mieszkaniowym przyniesie odwrotny skutek | Instytut Misesa,https://mises.pl/artykul/szkudlarek-pomoc-rzadu-na-rynku-mieszkaniowym-przyniesie-odwrotny-skutek,Search lead; not an availability finding
176,Mises Institute Poland,Jesus Huerta de Soto: Hiszpanskie korzenie szkoly austriackiej | Instytut Misesa,https://mises.pl/artykul/wywiad-z-jesusem-huerta-de-soto-hiszpanskie-korzenie-szkoly-austriackiej,Search lead; not an availability finding
176,Mises Institute Poland,Caplan: Magia edukacji | Instytut Misesa,https://mises.pl/artykul/caplan-magia-edukacji,Search lead; not an availability finding
176,Mises Institute Poland,Szkudlarek: Rząd traci zaufanie przedsiębiorców nagłymi zmianami wysokości akcyzy | Instytut Misesa,https://mises.pl/artykul/szkudlarek-rzad-traci-zaufanie-przedsiebiorcow-naglymi-zmianami-wysokosci-akcyzy,Search lead; not an availability finding
176,Mises Institute Poland,Sieroń: Niebezpieczny jak bezwarunkowy dochód podstawowy | Instytut Misesa,https://mises.pl/artykul/sieron-niebezpieczny-jak-bezwarunkowy-dochod-podstawowy,Search lead; not an availability finding
176,Mises Institute Poland,Dopiero 22 lipca przypada w 2020 dzień wolności sektora prywatnego | Instytut Misesa,https://mises.pl/artykul/dopiero-22-lipca-dzien-wolnosci-sektora-prywatnego,Search lead; not an availability finding
176,Mises Institute Poland,BEYOND THE FREEDOM LINE:,https://mises.pl/storage/files/articles/2024/11/Pliki%20tekstowe/BEYONDTHEFREEDOMLINE.pdf,Search lead; not an availability finding
178,Danube Institute,Danube Institute Internship and Scholarship Programme - Danube Institute,https://danubeinstitute.hu/en/videos/danube-institute-internship-and-scholarship-programme,Search lead; not an availability finding
178,Danube Institute,Danube Institute Internship 2020 Autumn! - Danube Institute,https://danubeinstitute.hu/en/blog/danube-institute-internship-2020-autumn,Search lead; not an availability finding
178,Danube Institute,Danube Institute Internship Program ⁄ Ösztöndíj 2018 - Danube Institute,https://danubeinstitute.hu/en/blog/danube-institute-internship-program-osztondij-2018,Search lead; not an availability finding
178,Danube Institute,Danube Institute Internship Program ⁄ Ösztöndíj - Danube Institute,https://danubeinstitute.hu/en/blog/danube-institute-internship-program-osztondij,Search lead; not an availability finding
178,Danube Institute,Danube Institute Internship Programme ⁄ Ösztöndíj - Danube Institute,https://danubeinstitute.hu/en/blog/danube-institute-internship-programme-osztondij,Search lead; not an availability finding
178,Danube Institute,Danube Institute Internship Programme 2017 spring! - Danube Institute,https://danubeinstitute.hu/en/blog/danube-institute-internship-programme-2017-spring,Search lead; not an availability finding
178,Danube Institute,Du Quenoy - Template - 30 July 2025,https://danubeinstitute.hu/api/v1/companies/381/files/5877866/download,Search lead; not an availability finding
178,Danube Institute,Danube Institute Internship Programme 2016 autumn - Danube Institute,https://danubeinstitute.hu/en/blog/danube-institute-internship-programme-2016-autumn,Search lead; not an availability finding
178,Danube Institute,The International Visegrad Fund,https://danubeinstitute.hu/api/v1/companies/381/files/1988641/download,Search lead; not an availability finding
178,Danube Institute,Danube Institute Internship Programme 2016 autumn - Danube Institute,https://danubeinstitute.hu/hu/blog/danube-institute-internship-programme-2016-autumn,Search lead; not an availability finding
178,Danube Institute,Danube Institute,https://danubeinstitute.hu/en/authors/bodi-racz-zsofia,Search lead; not an availability finding
178,Danube Institute,Du Quenoy - Template - 30 July 2025,https://danubeinstitute.hu/files/7a/49/7a497238068f5d992c1759e633e70026.pdf,Search lead; not an availability finding
178,Danube Institute,"Macron megfogadta, hogy marad francia elnök, és napokon belül kinevezi a miniszterelnököt - Danube Institute",https://danubeinstitute.hu/en/blog/macron-megfogadta-hogy-marad-francia-elnok-es-napokon-belul-kinevezi-a-miniszterelnokot,Search lead; not an availability finding
178,Danube Institute,Danube Institute,https://danubeinstitute.hu/en/search/result?search=Ryszard+Legutko+,Search lead; not an availability finding
178,Danube Institute,Mission statement - Danube Institute,https://danubeinstitute.hu/menu/about-us,Search lead; not an availability finding
179,Mathias Corvinus Collegium,"From the side of Indonesians, it is an additional field of control over the undergoing changes in their country making them less vulnerable to foreign capital and investments. Additionally, students get to expand networks as part of an international community and can secure of lifelong professional connections with Hungarians.",https://cie.mcc.hu/uploads/default/0001/01/8f4e842f56207fb46e386a8bb5812084ddc6d693.pdf,Search lead; not an availability finding
179,Mathias Corvinus Collegium,"1. **Introduction, aim of the call for applications**",https://mcc.hu/documents/modul/palyazati_kiiras_modul_eng.pdf,Search lead; not an availability finding
179,Mathias Corvinus Collegium,"Mathias Corvinus Collegium Nonprofit Szervezet, n.o.",https://mcc.hu/documents/istropolis-academy/MCC_Istropolis_Academy_ASZF_EN.pdf,Search lead; not an availability finding
179,Mathias Corvinus Collegium,What happened and why it matters: suspension of MCC Brussels from the EU Transparency Register,https://brussels.mcc.hu/news/what-happened-and-why-it-matters-suspension-of-mcc-brussels-from-the-eu-transparency-register,Search lead; not an availability finding
179,Mathias Corvinus Collegium,Erasmus – from European solidarity to political weapon,https://brussels.mcc.hu/event/erasmus-from-european-solidarity-to-political-weapon,Search lead; not an availability finding
179,Mathias Corvinus Collegium,Legal requirements,https://summeracademy.mcc.hu/documents/gdpr/mcc-summer-academy-2022-terms-and-conditions.pdf,Search lead; not an availability finding
179,Mathias Corvinus Collegium,MCC to Open a New Center in Brussels,https://brussels.mcc.hu/news/mcc-to-open-a-new-center-in-brussels,Search lead; not an availability finding
179,Mathias Corvinus Collegium,The grand delusion: The EU’s quest for digital sovereignty,https://brussels.mcc.hu/publication/the-grand-delusion-the-european-union-and-digital-sovereignty,Search lead; not an availability finding
179,Mathias Corvinus Collegium,Democracy Shield: Election Security or Narrative Control?,https://brussels.mcc.hu/event/behind-the-european-democracy-shield-who-decides-what-voters-should-know,Search lead; not an availability finding
179,Mathias Corvinus Collegium,News,https://mcc.hu/en/news?page=11,Search lead; not an availability finding
179,Mathias Corvinus Collegium,"New MCC Brussels Report: Europe Needs Chokepoints, Not the Delusion of Digital Sovereignty",https://brussels.mcc.hu/news/new-mcc-brussels-report-europe-needs-chokepoints-not-the-delusion-of-digital-sovereignty,Search lead; not an availability finding
179,Mathias Corvinus Collegium,Irish EU Presidency risks becoming six months of ideological activism while Europe burns says New Briefing,https://brussels.mcc.hu/news/irish-eu-presidency-risks-becoming-six-months-of-ideological-activism-while-europe-burns-says-new-briefing,Search lead; not an availability finding
181,Atlas Network partner directory,Atlas Network | Regional Liberty Forums,https://www.atlasnetwork.org/events/regional-liberty-forums,Search lead; not an availability finding
181,Atlas Network partner directory,Atlas Network | Marketing and Communications Internship,https://www.atlasnetwork.org/pages/careers/internships/marketing-and-communications-internship,Search lead; not an availability finding
181,Atlas Network partner directory,Atlas Network | Development Internship,https://www.atlasnetwork.org/pages/careers/internships/development-internship,Search lead; not an availability finding
181,Atlas Network partner directory,Atlas Network | Graphic Design Internship,https://www.atlasnetwork.org/pages/careers/internships/graphic-design-internship,Search lead; not an availability finding
181,Atlas Network partner directory,Atlas Network | The Templeton Freedom Award,https://connect.atlasnetwork.org/awards/the-templeton-freedom-award,Search lead; not an availability finding
181,Atlas Network partner directory,Atlas Network | Smith Student Outreach Award,https://www.atlasnetwork.org/awards/smith-student-outreach-award,Search lead; not an availability finding
181,Atlas Network partner directory,Atlas Network | Latin America Liberty Forum 2027,https://www.atlasnetwork.org/events/latin-america-liberty-forum-2027,Search lead; not an availability finding
181,Atlas Network partner directory,Atlas Network | Europe Liberty Forum 2027,https://www.atlasnetwork.org/events/europe-liberty-forum-2027,Search lead; not an availability finding
181,Atlas Network partner directory,Atlas Network | Regional Liberty Awards,https://www.atlasnetwork.org/awards/regional-liberty-awards,Search lead; not an availability finding
181,Atlas Network partner directory,Atlas Network | Events Coordinator,https://www.atlasnetwork.org/pages/careers/event-coordinator,Search lead; not an availability finding
181,Atlas Network partner directory,Atlas Economic Research Foundation,https://admin.atlasnetwork.org/assets/documents/financials/Atlas-22-FS-Final.pdf,Search lead; not an availability finding
181,Atlas Network partner directory,Atlas Network | Enhancing Student Talent Recruitment: Strategies for…,https://www.atlasnetwork.org/articles/enhancing-student-talent-recruitment,Search lead; not an availability finding
181,Atlas Network partner directory,Atlas Network | Training,https://www.atlasnetwork.org/training,Search lead; not an availability finding
